ISO-10303-21;
HEADER;
FILE_DESCRIPTION(('Open CASCADE Model'),'2;1');
FILE_NAME('Open CASCADE Shape Model','2026-09-08T13:17:35',('Author'),(
    'Open CASCADE'),'Open CASCADE STEP processor 7.7','Open CASCADE 7.7'
  ,'Unknown');
FILE_SCHEMA(('AUTOMOTIVE_DESIGN { 1 0 10303 214 1 1 1 1 }'));
ENDSEC;
DATA;
#1 = APPLICATION_PROTOCOL_DEFINITION('international standard',
  'automotive_design',2000,#2);
#2 = APPLICATION_CONTEXT(
  'core data for automotive mechanical design processes');
#3 = SHAPE_DEFINITION_REPRESENTATION(#4,#10);
#4 = PRODUCT_DEFINITION_SHAPE('','',#5);
#5 = PRODUCT_DEFINITION('design','',#6,#9);
#6 = PRODUCT_DEFINITION_FORMATION('','',#7);
#7 = PRODUCT('Open CASCADE STEP translator 7.7 1',
  'Open CASCADE STEP translator 7.7 1','',(#8));
#8 = PRODUCT_CONTEXT('',#2,'mechanical');
#9 = PRODUCT_DEFINITION_CONTEXT('part definition',#2,'design');
#10 = ADVANCED_BREP_SHAPE_REPRESENTATION('',(#11,#15),#11029);
#11 = AXIS2_PLACEMENT_3D('',#12,#13,#14);
#12 = CARTESIAN_POINT('',(0.,0.,0.));
#13 = DIRECTION('',(0.,0.,1.));
#14 = DIRECTION('',(1.,0.,-0.));
#15 = MANIFOLD_SOLID_BREP('',#16);
#16 = CLOSED_SHELL('',(#17,#168,#434,#488,#538,#1356,#1384,#1411,#1469,
    #1496,#1523,#1634,#1693,#1747,#1802,#1857,#1912,#1989,#2036,#2086,
    #2135,#2189,#2236,#2290,#2339,#2393,#2440,#2494,#2543,#2597,#2644,
    #2698,#2792,#2841,#2890,#2917,#2972,#3027,#3102,#3150,#3199,#3225,
    #3895,#3899,#3903,#3907,#4384,#4391,#4395,#5046,#5053,#5415,#5461,
    #5820,#5869,#6492,#6541,#6590,#6639,#6688,#6737,#6786,#6835,#6884,
    #6933,#6982,#7009,#7058,#7085,#7442,#7488,#7817,#7894,#7941,#7995,
    #8042,#8092,#8139,#8193,#8240,#8290,#8337,#8391,#8438,#8488,#8535,
    #8589,#8614,#8640,#8651,#8762,#8837,#8907,#8934,#9264,#9414,#9634,
    #9641,#9791,#10011,#10018,#10029,#10131,#10215,#10285,#10312,#10338,
    #10658,#10684,#10710,#10815,#10842,#10897,#10904,#10911,#10918,
    #10925,#10932,#10959,#10966,#11021,#11025));
#17 = ADVANCED_FACE('',(#18,#137),#32,.F.);
#18 = FACE_BOUND('',#19,.F.);
#19 = EDGE_LOOP('',(#20,#55,#83,#111));
#20 = ORIENTED_EDGE('',*,*,#21,.F.);
#21 = EDGE_CURVE('',#22,#24,#26,.T.);
#22 = VERTEX_POINT('',#23);
#23 = CARTESIAN_POINT('',(-29.,-33.,0.));
#24 = VERTEX_POINT('',#25);
#25 = CARTESIAN_POINT('',(29.,-33.,0.));
#26 = SURFACE_CURVE('',#27,(#31,#43),.PCURVE_S1.);
#27 = LINE('',#28,#29);
#28 = CARTESIAN_POINT('',(-33.,-33.,0.));
#29 = VECTOR('',#30,1.);
#30 = DIRECTION('',(1.,0.,0.));
#31 = PCURVE('',#32,#37);
#32 = PLANE('',#33);
#33 = AXIS2_PLACEMENT_3D('',#34,#35,#36);
#34 = CARTESIAN_POINT('',(-33.,-33.,0.));
#35 = DIRECTION('',(0.,1.,0.));
#36 = DIRECTION('',(1.,0.,0.));
#37 = DEFINITIONAL_REPRESENTATION('',(#38),#42);
#38 = LINE('',#39,#40);
#39 = CARTESIAN_POINT('',(0.,0.));
#40 = VECTOR('',#41,1.);
#41 = DIRECTION('',(1.,0.));
#42 = ( GEOMETRIC_REPRESENTATION_CONTEXT(2) 
PARAMETRIC_REPRESENTATION_CONTEXT() REPRESENTATION_CONTEXT('2D SPACE',''
  ) );
#43 = PCURVE('',#44,#49);
#44 = PLANE('',#45);
#45 = AXIS2_PLACEMENT_3D('',#46,#47,#48);
#46 = CARTESIAN_POINT('',(0.,0.,0.));
#47 = DIRECTION('',(0.,0.,1.));
#48 = DIRECTION('',(1.,0.,-0.));
#49 = DEFINITIONAL_REPRESENTATION('',(#50),#54);
#50 = LINE('',#51,#52);
#51 = CARTESIAN_POINT('',(-33.,-33.));
#52 = VECTOR('',#53,1.);
#53 = DIRECTION('',(1.,0.));
#54 = ( GEOMETRIC_REPRESENTATION_CONTEXT(2) 
PARAMETRIC_REPRESENTATION_CONTEXT() REPRESENTATION_CONTEXT('2D SPACE',''
  ) );
#55 = ORIENTED_EDGE('',*,*,#56,.F.);
#56 = EDGE_CURVE('',#57,#22,#59,.T.);
#57 = VERTEX_POINT('',#58);
#58 = CARTESIAN_POINT('',(-29.,-33.,171.27));
#59 = SURFACE_CURVE('',#60,(#64,#71),.PCURVE_S1.);
#60 = LINE('',#61,#62);
#61 = CARTESIAN_POINT('',(-29.,-33.,171.27));
#62 = VECTOR('',#63,1.);
#63 = DIRECTION('',(0.,0.,-1.));
#64 = PCURVE('',#32,#65);
#65 = DEFINITIONAL_REPRESENTATION('',(#66),#70);
#66 = LINE('',#67,#68);
#67 = CARTESIAN_POINT('',(4.,-171.27));
#68 = VECTOR('',#69,1.);
#69 = DIRECTION('',(0.,1.));
#70 = ( GEOMETRIC_REPRESENTATION_CONTEXT(2) 
PARAMETRIC_REPRESENTATION_CONTEXT() REPRESENTATION_CONTEXT('2D SPACE',''
  ) );
#71 = PCURVE('',#72,#77);
#72 = CYLINDRICAL_SURFACE('',#73,4.);
#73 = AXIS2_PLACEMENT_3D('',#74,#75,#76);
#74 = CARTESIAN_POINT('',(-29.,-29.,0.));
#75 = DIRECTION('',(0.,0.,1.));
#76 = DIRECTION('',(0.,-1.,0.));
#77 = DEFINITIONAL_REPRESENTATION('',(#78),#82);
#78 = LINE('',#79,#80);
#79 = CARTESIAN_POINT('',(-0.,171.27));
#80 = VECTOR('',#81,1.);
#81 = DIRECTION('',(-0.,-1.));
#82 = ( GEOMETRIC_REPRESENTATION_CONTEXT(2) 
PARAMETRIC_REPRESENTATION_CONTEXT() REPRESENTATION_CONTEXT('2D SPACE',''
  ) );
#83 = ORIENTED_EDGE('',*,*,#84,.F.);
#84 = EDGE_CURVE('',#85,#57,#87,.T.);
#85 = VERTEX_POINT('',#86);
#86 = CARTESIAN_POINT('',(29.,-33.,171.27));
#87 = SURFACE_CURVE('',#88,(#92,#99),.PCURVE_S1.);
#88 = LINE('',#89,#90);
#89 = CARTESIAN_POINT('',(29.,-33.,171.27));
#90 = VECTOR('',#91,1.);
#91 = DIRECTION('',(-1.,0.,0.));
#92 = PCURVE('',#32,#93);
#93 = DEFINITIONAL_REPRESENTATION('',(#94),#98);
#94 = LINE('',#95,#96);
#95 = CARTESIAN_POINT('',(62.,-171.27));
#96 = VECTOR('',#97,1.);
#97 = DIRECTION('',(-1.,0.));
#98 = ( GEOMETRIC_REPRESENTATION_CONTEXT(2) 
PARAMETRIC_REPRESENTATION_CONTEXT() REPRESENTATION_CONTEXT('2D SPACE',''
  ) );
#99 = PCURVE('',#100,#105);
#100 = PLANE('',#101);
#101 = AXIS2_PLACEMENT_3D('',#102,#103,#104);
#102 = CARTESIAN_POINT('',(0.,0.,171.27));
#103 = DIRECTION('',(0.,0.,1.));
#104 = DIRECTION('',(1.,0.,-0.));
#105 = DEFINITIONAL_REPRESENTATION('',(#106),#110);
#106 = LINE('',#107,#108);
#107 = CARTESIAN_POINT('',(29.,-33.));
#108 = VECTOR('',#109,1.);
#109 = DIRECTION('',(-1.,0.));
#110 = ( GEOMETRIC_REPRESENTATION_CONTEXT(2) 
PARAMETRIC_REPRESENTATION_CONTEXT() REPRESENTATION_CONTEXT('2D SPACE',''
  ) );
#111 = ORIENTED_EDGE('',*,*,#112,.F.);
#112 = EDGE_CURVE('',#24,#85,#113,.T.);
#113 = SURFACE_CURVE('',#114,(#118,#125),.PCURVE_S1.);
#114 = LINE('',#115,#116);
#115 = CARTESIAN_POINT('',(29.,-33.,0.));
#116 = VECTOR('',#117,1.);
#117 = DIRECTION('',(0.,0.,1.));
#118 = PCURVE('',#32,#119);
#119 = DEFINITIONAL_REPRESENTATION('',(#120),#124);
#120 = LINE('',#121,#122);
#121 = CARTESIAN_POINT('',(62.,0.));
#122 = VECTOR('',#123,1.);
#123 = DIRECTION('',(0.,-1.));
#124 = ( GEOMETRIC_REPRESENTATION_CONTEXT(2) 
PARAMETRIC_REPRESENTATION_CONTEXT() REPRESENTATION_CONTEXT('2D SPACE',''
  ) );
#125 = PCURVE('',#126,#131);
#126 = CYLINDRICAL_SURFACE('',#127,4.);
#127 = AXIS2_PLACEMENT_3D('',#128,#129,#130);
#128 = CARTESIAN_POINT('',(29.,-29.,0.));
#129 = DIRECTION('',(0.,0.,1.));
#130 = DIRECTION('',(0.,-1.,0.));
#131 = DEFINITIONAL_REPRESENTATION('',(#132),#136);
#132 = LINE('',#133,#134);
#133 = CARTESIAN_POINT('',(0.,0.));
#134 = VECTOR('',#135,1.);
#135 = DIRECTION('',(0.,1.));
#136 = ( GEOMETRIC_REPRESENTATION_CONTEXT(2) 
PARAMETRIC_REPRESENTATION_CONTEXT() REPRESENTATION_CONTEXT('2D SPACE',''
  ) );
#137 = FACE_BOUND('',#138,.F.);
#138 = EDGE_LOOP('',(#139));
#139 = ORIENTED_EDGE('',*,*,#140,.F.);
#140 = EDGE_CURVE('',#141,#141,#143,.T.);
#141 = VERTEX_POINT('',#142);
#142 = CARTESIAN_POINT('',(-2.449293598295E-16,-33.,96.));
#143 = SURFACE_CURVE('',#144,(#149,#156),.PCURVE_S1.);
#144 = CIRCLE('',#145,1.);
#145 = AXIS2_PLACEMENT_3D('',#146,#147,#148);
#146 = CARTESIAN_POINT('',(0.,-33.,95.));
#147 = DIRECTION('',(0.,1.,0.));
#148 = DIRECTION('',(0.,-0.,1.));
#149 = PCURVE('',#32,#150);
#150 = DEFINITIONAL_REPRESENTATION('',(#151),#155);
#151 = CIRCLE('',#152,1.);
#152 = AXIS2_PLACEMENT_2D('',#153,#154);
#153 = CARTESIAN_POINT('',(33.,-95.));
#154 = DIRECTION('',(0.,-1.));
#155 = ( GEOMETRIC_REPRESENTATION_CONTEXT(2) 
PARAMETRIC_REPRESENTATION_CONTEXT() REPRESENTATION_CONTEXT('2D SPACE',''
  ) );
#156 = PCURVE('',#157,#162);
#157 = CONICAL_SURFACE('',#158,1.,1.030376826524);
#158 = AXIS2_PLACEMENT_3D('',#159,#160,#161);
#159 = CARTESIAN_POINT('',(0.,-33.,95.));
#160 = DIRECTION('',(-0.,-1.,-0.));
#161 = DIRECTION('',(0.,-0.,1.));
#162 = DEFINITIONAL_REPRESENTATION('',(#163),#167);
#163 = LINE('',#164,#165);
#164 = CARTESIAN_POINT('',(-0.,-0.));
#165 = VECTOR('',#166,1.);
#166 = DIRECTION('',(-1.,-0.));
#167 = ( GEOMETRIC_REPRESENTATION_CONTEXT(2) 
PARAMETRIC_REPRESENTATION_CONTEXT() REPRESENTATION_CONTEXT('2D SPACE',''
  ) );
#168 = ADVANCED_FACE('',(#169,#364,#399),#44,.F.);
#169 = FACE_BOUND('',#170,.F.);
#170 = EDGE_LOOP('',(#171,#172,#196,#224,#253,#281,#310,#338));
#171 = ORIENTED_EDGE('',*,*,#21,.T.);
#172 = ORIENTED_EDGE('',*,*,#173,.T.);
#173 = EDGE_CURVE('',#24,#174,#176,.T.);
#174 = VERTEX_POINT('',#175);
#175 = CARTESIAN_POINT('',(33.,-29.,0.));
#176 = SURFACE_CURVE('',#177,(#182,#189),.PCURVE_S1.);
#177 = CIRCLE('',#178,4.);
#178 = AXIS2_PLACEMENT_3D('',#179,#180,#181);
#179 = CARTESIAN_POINT('',(29.,-29.,0.));
#180 = DIRECTION('',(0.,0.,1.));
#181 = DIRECTION('',(0.,-1.,0.));
#182 = PCURVE('',#44,#183);
#183 = DEFINITIONAL_REPRESENTATION('',(#184),#188);
#184 = CIRCLE('',#185,4.);
#185 = AXIS2_PLACEMENT_2D('',#186,#187);
#186 = CARTESIAN_POINT('',(29.,-29.));
#187 = DIRECTION('',(0.,-1.));
#188 = ( GEOMETRIC_REPRESENTATION_CONTEXT(2) 
PARAMETRIC_REPRESENTATION_CONTEXT() REPRESENTATION_CONTEXT('2D SPACE',''
  ) );
#189 = PCURVE('',#126,#190);
#190 = DEFINITIONAL_REPRESENTATION('',(#191),#195);
#191 = LINE('',#192,#193);
#192 = CARTESIAN_POINT('',(0.,0.));
#193 = VECTOR('',#194,1.);
#194 = DIRECTION('',(1.,0.));
#195 = ( GEOMETRIC_REPRESENTATION_CONTEXT(2) 
PARAMETRIC_REPRESENTATION_CONTEXT() REPRESENTATION_CONTEXT('2D SPACE',''
  ) );
#196 = ORIENTED_EDGE('',*,*,#197,.T.);
#197 = EDGE_CURVE('',#174,#198,#200,.T.);
#198 = VERTEX_POINT('',#199);
#199 = CARTESIAN_POINT('',(33.,29.,0.));
#200 = SURFACE_CURVE('',#201,(#205,#212),.PCURVE_S1.);
#201 = LINE('',#202,#203);
#202 = CARTESIAN_POINT('',(33.,-33.,0.));
#203 = VECTOR('',#204,1.);
#204 = DIRECTION('',(0.,1.,0.));
#205 = PCURVE('',#44,#206);
#206 = DEFINITIONAL_REPRESENTATION('',(#207),#211);
#207 = LINE('',#208,#209);
#208 = CARTESIAN_POINT('',(33.,-33.));
#209 = VECTOR('',#210,1.);
#210 = DIRECTION('',(0.,1.));
#211 = ( GEOMETRIC_REPRESENTATION_CONTEXT(2) 
PARAMETRIC_REPRESENTATION_CONTEXT() REPRESENTATION_CONTEXT('2D SPACE',''
  ) );
#212 = PCURVE('',#213,#218);
#213 = PLANE('',#214);
#214 = AXIS2_PLACEMENT_3D('',#215,#216,#217);
#215 = CARTESIAN_POINT('',(33.,-33.,0.));
#216 = DIRECTION('',(-1.,0.,0.));
#217 = DIRECTION('',(0.,1.,0.));
#218 = DEFINITIONAL_REPRESENTATION('',(#219),#223);
#219 = LINE('',#220,#221);
#220 = CARTESIAN_POINT('',(0.,0.));
#221 = VECTOR('',#222,1.);
#222 = DIRECTION('',(1.,0.));
#223 = ( GEOMETRIC_REPRESENTATION_CONTEXT(2) 
PARAMETRIC_REPRESENTATION_CONTEXT() REPRESENTATION_CONTEXT('2D SPACE',''
  ) );
#224 = ORIENTED_EDGE('',*,*,#225,.T.);
#225 = EDGE_CURVE('',#198,#226,#228,.T.);
#226 = VERTEX_POINT('',#227);
#227 = CARTESIAN_POINT('',(29.,33.,0.));
#228 = SURFACE_CURVE('',#229,(#234,#241),.PCURVE_S1.);
#229 = CIRCLE('',#230,4.);
#230 = AXIS2_PLACEMENT_3D('',#231,#232,#233);
#231 = CARTESIAN_POINT('',(29.,29.,0.));
#232 = DIRECTION('',(0.,0.,1.));
#233 = DIRECTION('',(0.,-1.,0.));
#234 = PCURVE('',#44,#235);
#235 = DEFINITIONAL_REPRESENTATION('',(#236),#240);
#236 = CIRCLE('',#237,4.);
#237 = AXIS2_PLACEMENT_2D('',#238,#239);
#238 = CARTESIAN_POINT('',(29.,29.));
#239 = DIRECTION('',(0.,-1.));
#240 = ( GEOMETRIC_REPRESENTATION_CONTEXT(2) 
PARAMETRIC_REPRESENTATION_CONTEXT() REPRESENTATION_CONTEXT('2D SPACE',''
  ) );
#241 = PCURVE('',#242,#247);
#242 = CYLINDRICAL_SURFACE('',#243,4.);
#243 = AXIS2_PLACEMENT_3D('',#244,#245,#246);
#244 = CARTESIAN_POINT('',(29.,29.,0.));
#245 = DIRECTION('',(0.,0.,1.));
#246 = DIRECTION('',(1.,0.,-0.));
#247 = DEFINITIONAL_REPRESENTATION('',(#248),#252);
#248 = LINE('',#249,#250);
#249 = CARTESIAN_POINT('',(-1.570796326795,0.));
#250 = VECTOR('',#251,1.);
#251 = DIRECTION('',(1.,0.));
#252 = ( GEOMETRIC_REPRESENTATION_CONTEXT(2) 
PARAMETRIC_REPRESENTATION_CONTEXT() REPRESENTATION_CONTEXT('2D SPACE',''
  ) );
#253 = ORIENTED_EDGE('',*,*,#254,.T.);
#254 = EDGE_CURVE('',#226,#255,#257,.T.);
#255 = VERTEX_POINT('',#256);
#256 = CARTESIAN_POINT('',(-29.,33.,0.));
#257 = SURFACE_CURVE('',#258,(#262,#269),.PCURVE_S1.);
#258 = LINE('',#259,#260);
#259 = CARTESIAN_POINT('',(33.,33.,0.));
#260 = VECTOR('',#261,1.);
#261 = DIRECTION('',(-1.,0.,0.));
#262 = PCURVE('',#44,#263);
#263 = DEFINITIONAL_REPRESENTATION('',(#264),#268);
#264 = LINE('',#265,#266);
#265 = CARTESIAN_POINT('',(33.,33.));
#266 = VECTOR('',#267,1.);
#267 = DIRECTION('',(-1.,0.));
#268 = ( GEOMETRIC_REPRESENTATION_CONTEXT(2) 
PARAMETRIC_REPRESENTATION_CONTEXT() REPRESENTATION_CONTEXT('2D SPACE',''
  ) );
#269 = PCURVE('',#270,#275);
#270 = PLANE('',#271);
#271 = AXIS2_PLACEMENT_3D('',#272,#273,#274);
#272 = CARTESIAN_POINT('',(33.,33.,0.));
#273 = DIRECTION('',(0.,-1.,0.));
#274 = DIRECTION('',(-1.,0.,0.));
#275 = DEFINITIONAL_REPRESENTATION('',(#276),#280);
#276 = LINE('',#277,#278);
#277 = CARTESIAN_POINT('',(0.,-0.));
#278 = VECTOR('',#279,1.);
#279 = DIRECTION('',(1.,0.));
#280 = ( GEOMETRIC_REPRESENTATION_CONTEXT(2) 
PARAMETRIC_REPRESENTATION_CONTEXT() REPRESENTATION_CONTEXT('2D SPACE',''
  ) );
#281 = ORIENTED_EDGE('',*,*,#282,.T.);
#282 = EDGE_CURVE('',#255,#283,#285,.T.);
#283 = VERTEX_POINT('',#284);
#284 = CARTESIAN_POINT('',(-33.,29.,0.));
#285 = SURFACE_CURVE('',#286,(#291,#298),.PCURVE_S1.);
#286 = CIRCLE('',#287,4.);
#287 = AXIS2_PLACEMENT_3D('',#288,#289,#290);
#288 = CARTESIAN_POINT('',(-29.,29.,0.));
#289 = DIRECTION('',(0.,0.,1.));
#290 = DIRECTION('',(0.,-1.,0.));
#291 = PCURVE('',#44,#292);
#292 = DEFINITIONAL_REPRESENTATION('',(#293),#297);
#293 = CIRCLE('',#294,4.);
#294 = AXIS2_PLACEMENT_2D('',#295,#296);
#295 = CARTESIAN_POINT('',(-29.,29.));
#296 = DIRECTION('',(0.,-1.));
#297 = ( GEOMETRIC_REPRESENTATION_CONTEXT(2) 
PARAMETRIC_REPRESENTATION_CONTEXT() REPRESENTATION_CONTEXT('2D SPACE',''
  ) );
#298 = PCURVE('',#299,#304);
#299 = CYLINDRICAL_SURFACE('',#300,4.);
#300 = AXIS2_PLACEMENT_3D('',#301,#302,#303);
#301 = CARTESIAN_POINT('',(-29.,29.,0.));
#302 = DIRECTION('',(0.,0.,1.));
#303 = DIRECTION('',(-0.,1.,0.));
#304 = DEFINITIONAL_REPRESENTATION('',(#305),#309);
#305 = LINE('',#306,#307);
#306 = CARTESIAN_POINT('',(-3.14159265359,0.));
#307 = VECTOR('',#308,1.);
#308 = DIRECTION('',(1.,0.));
#309 = ( GEOMETRIC_REPRESENTATION_CONTEXT(2) 
PARAMETRIC_REPRESENTATION_CONTEXT() REPRESENTATION_CONTEXT('2D SPACE',''
  ) );
#310 = ORIENTED_EDGE('',*,*,#311,.T.);
#311 = EDGE_CURVE('',#283,#312,#314,.T.);
#312 = VERTEX_POINT('',#313);
#313 = CARTESIAN_POINT('',(-33.,-29.,0.));
#314 = SURFACE_CURVE('',#315,(#319,#326),.PCURVE_S1.);
#315 = LINE('',#316,#317);
#316 = CARTESIAN_POINT('',(-33.,33.,0.));
#317 = VECTOR('',#318,1.);
#318 = DIRECTION('',(0.,-1.,0.));
#319 = PCURVE('',#44,#320);
#320 = DEFINITIONAL_REPRESENTATION('',(#321),#325);
#321 = LINE('',#322,#323);
#322 = CARTESIAN_POINT('',(-33.,33.));
#323 = VECTOR('',#324,1.);
#324 = DIRECTION('',(0.,-1.));
#325 = ( GEOMETRIC_REPRESENTATION_CONTEXT(2) 
PARAMETRIC_REPRESENTATION_CONTEXT() REPRESENTATION_CONTEXT('2D SPACE',''
  ) );
#326 = PCURVE('',#327,#332);
#327 = PLANE('',#328);
#328 = AXIS2_PLACEMENT_3D('',#329,#330,#331);
#329 = CARTESIAN_POINT('',(-33.,33.,0.));
#330 = DIRECTION('',(1.,0.,-0.));
#331 = DIRECTION('',(0.,-1.,0.));
#332 = DEFINITIONAL_REPRESENTATION('',(#333),#337);
#333 = LINE('',#334,#335);
#334 = CARTESIAN_POINT('',(0.,0.));
#335 = VECTOR('',#336,1.);
#336 = DIRECTION('',(1.,0.));
#337 = ( GEOMETRIC_REPRESENTATION_CONTEXT(2) 
PARAMETRIC_REPRESENTATION_CONTEXT() REPRESENTATION_CONTEXT('2D SPACE',''
  ) );
#338 = ORIENTED_EDGE('',*,*,#339,.F.);
#339 = EDGE_CURVE('',#22,#312,#340,.T.);
#340 = SURFACE_CURVE('',#341,(#346,#357),.PCURVE_S1.);
#341 = CIRCLE('',#342,4.);
#342 = AXIS2_PLACEMENT_3D('',#343,#344,#345);
#343 = CARTESIAN_POINT('',(-29.,-29.,0.));
#344 = DIRECTION('',(-0.,-0.,-1.));
#345 = DIRECTION('',(0.,-1.,0.));
#346 = PCURVE('',#44,#347);
#347 = DEFINITIONAL_REPRESENTATION('',(#348),#356);
#348 = ( BOUNDED_CURVE() B_SPLINE_CURVE(2,(#349,#350,#351,#352,#353,#354
,#355),.UNSPECIFIED.,.T.,.F.) B_SPLINE_CURVE_WITH_KNOTS((1,2,2,2,2,1),(
    -2.094395102393,0.,2.094395102393,4.188790204786,6.28318530718,
8.377580409573),.UNSPECIFIED.) CURVE() GEOMETRIC_REPRESENTATION_ITEM() 
RATIONAL_B_SPLINE_CURVE((1.,0.5,1.,0.5,1.,0.5,1.)) REPRESENTATION_ITEM(
  '') );
#349 = CARTESIAN_POINT('',(-29.,-33.));
#350 = CARTESIAN_POINT('',(-35.92820323027,-33.));
#351 = CARTESIAN_POINT('',(-32.46410161513,-27.));
#352 = CARTESIAN_POINT('',(-29.,-21.));
#353 = CARTESIAN_POINT('',(-25.53589838486,-27.));
#354 = CARTESIAN_POINT('',(-22.07179676972,-33.));
#355 = CARTESIAN_POINT('',(-29.,-33.));
#356 = ( GEOMETRIC_REPRESENTATION_CONTEXT(2) 
PARAMETRIC_REPRESENTATION_CONTEXT() REPRESENTATION_CONTEXT('2D SPACE',''
  ) );
#357 = PCURVE('',#72,#358);
#358 = DEFINITIONAL_REPRESENTATION('',(#359),#363);
#359 = LINE('',#360,#361);
#360 = CARTESIAN_POINT('',(-0.,0.));
#361 = VECTOR('',#362,1.);
#362 = DIRECTION('',(-1.,0.));
#363 = ( GEOMETRIC_REPRESENTATION_CONTEXT(2) 
PARAMETRIC_REPRESENTATION_CONTEXT() REPRESENTATION_CONTEXT('2D SPACE',''
  ) );
#364 = FACE_BOUND('',#365,.F.);
#365 = EDGE_LOOP('',(#366));
#366 = ORIENTED_EDGE('',*,*,#367,.T.);
#367 = EDGE_CURVE('',#368,#368,#370,.T.);
#368 = VERTEX_POINT('',#369);
#369 = CARTESIAN_POINT('',(-5.75,-15.,0.));
#370 = SURFACE_CURVE('',#371,(#376,#387),.PCURVE_S1.);
#371 = CIRCLE('',#372,6.25);
#372 = AXIS2_PLACEMENT_3D('',#373,#374,#375);
#373 = CARTESIAN_POINT('',(-12.,-15.,0.));
#374 = DIRECTION('',(0.,0.,-1.));
#375 = DIRECTION('',(1.,0.,0.));
#376 = PCURVE('',#44,#377);
#377 = DEFINITIONAL_REPRESENTATION('',(#378),#386);
#378 = ( BOUNDED_CURVE() B_SPLINE_CURVE(2,(#379,#380,#381,#382,#383,#384
,#385),.UNSPECIFIED.,.T.,.F.) B_SPLINE_CURVE_WITH_KNOTS((1,2,2,2,2,1),(
    -2.094395102393,0.,2.094395102393,4.188790204786,6.28318530718,
8.377580409573),.UNSPECIFIED.) CURVE() GEOMETRIC_REPRESENTATION_ITEM() 
RATIONAL_B_SPLINE_CURVE((1.,0.5,1.,0.5,1.,0.5,1.)) REPRESENTATION_ITEM(
  '') );
#379 = CARTESIAN_POINT('',(-5.75,-15.));
#380 = CARTESIAN_POINT('',(-5.75,-25.8253175473));
#381 = CARTESIAN_POINT('',(-15.125,-20.41265877365));
#382 = CARTESIAN_POINT('',(-24.5,-15.));
#383 = CARTESIAN_POINT('',(-15.125,-9.587341226347));
#384 = CARTESIAN_POINT('',(-5.75,-4.174682452695));
#385 = CARTESIAN_POINT('',(-5.75,-15.));
#386 = ( GEOMETRIC_REPRESENTATION_CONTEXT(2) 
PARAMETRIC_REPRESENTATION_CONTEXT() REPRESENTATION_CONTEXT('2D SPACE',''
  ) );
#387 = PCURVE('',#388,#393);
#388 = CYLINDRICAL_SURFACE('',#389,6.25);
#389 = AXIS2_PLACEMENT_3D('',#390,#391,#392);
#390 = CARTESIAN_POINT('',(-12.,-15.,-1.));
#391 = DIRECTION('',(-0.,-0.,-1.));
#392 = DIRECTION('',(1.,0.,0.));
#393 = DEFINITIONAL_REPRESENTATION('',(#394),#398);
#394 = LINE('',#395,#396);
#395 = CARTESIAN_POINT('',(-6.28318530718,-1.));
#396 = VECTOR('',#397,1.);
#397 = DIRECTION('',(1.,-0.));
#398 = ( GEOMETRIC_REPRESENTATION_CONTEXT(2) 
PARAMETRIC_REPRESENTATION_CONTEXT() REPRESENTATION_CONTEXT('2D SPACE',''
  ) );
#399 = FACE_BOUND('',#400,.F.);
#400 = EDGE_LOOP('',(#401));
#401 = ORIENTED_EDGE('',*,*,#402,.T.);
#402 = EDGE_CURVE('',#403,#403,#405,.T.);
#403 = VERTEX_POINT('',#404);
#404 = CARTESIAN_POINT('',(18.1,-15.,0.));
#405 = SURFACE_CURVE('',#406,(#411,#422),.PCURVE_S1.);
#406 = CIRCLE('',#407,6.1);
#407 = AXIS2_PLACEMENT_3D('',#408,#409,#410);
#408 = CARTESIAN_POINT('',(12.,-15.,0.));
#409 = DIRECTION('',(0.,0.,-1.));
#410 = DIRECTION('',(1.,0.,0.));
#411 = PCURVE('',#44,#412);
#412 = DEFINITIONAL_REPRESENTATION('',(#413),#421);
#413 = ( BOUNDED_CURVE() B_SPLINE_CURVE(2,(#414,#415,#416,#417,#418,#419
,#420),.UNSPECIFIED.,.T.,.F.) B_SPLINE_CURVE_WITH_KNOTS((1,2,2,2,2,1),(
    -2.094395102393,0.,2.094395102393,4.188790204786,6.28318530718,
8.377580409573),.UNSPECIFIED.) CURVE() GEOMETRIC_REPRESENTATION_ITEM() 
RATIONAL_B_SPLINE_CURVE((1.,0.5,1.,0.5,1.,0.5,1.)) REPRESENTATION_ITEM(
  '') );
#414 = CARTESIAN_POINT('',(18.1,-15.));
#415 = CARTESIAN_POINT('',(18.1,-25.56550992617));
#416 = CARTESIAN_POINT('',(8.95,-20.28275496308));
#417 = CARTESIAN_POINT('',(-0.2,-15.));
#418 = CARTESIAN_POINT('',(8.95,-9.717245036915));
#419 = CARTESIAN_POINT('',(18.1,-4.43449007383));
#420 = CARTESIAN_POINT('',(18.1,-15.));
#421 = ( GEOMETRIC_REPRESENTATION_CONTEXT(2) 
PARAMETRIC_REPRESENTATION_CONTEXT() REPRESENTATION_CONTEXT('2D SPACE',''
  ) );
#422 = PCURVE('',#423,#428);
#423 = CYLINDRICAL_SURFACE('',#424,6.1);
#424 = AXIS2_PLACEMENT_3D('',#425,#426,#427);
#425 = CARTESIAN_POINT('',(12.,-15.,-1.));
#426 = DIRECTION('',(-0.,-0.,-1.));
#427 = DIRECTION('',(1.,0.,0.));
#428 = DEFINITIONAL_REPRESENTATION('',(#429),#433);
#429 = LINE('',#430,#431);
#430 = CARTESIAN_POINT('',(-6.28318530718,-1.));
#431 = VECTOR('',#432,1.);
#432 = DIRECTION('',(1.,-0.));
#433 = ( GEOMETRIC_REPRESENTATION_CONTEXT(2) 
PARAMETRIC_REPRESENTATION_CONTEXT() REPRESENTATION_CONTEXT('2D SPACE',''
  ) );
#434 = ADVANCED_FACE('',(#435),#72,.T.);
#435 = FACE_BOUND('',#436,.F.);
#436 = EDGE_LOOP('',(#437,#438,#461,#487));
#437 = ORIENTED_EDGE('',*,*,#339,.T.);
#438 = ORIENTED_EDGE('',*,*,#439,.F.);
#439 = EDGE_CURVE('',#440,#312,#442,.T.);
#440 = VERTEX_POINT('',#441);
#441 = CARTESIAN_POINT('',(-33.,-29.,171.27));
#442 = SURFACE_CURVE('',#443,(#447,#454),.PCURVE_S1.);
#443 = LINE('',#444,#445);
#444 = CARTESIAN_POINT('',(-33.,-29.,171.27));
#445 = VECTOR('',#446,1.);
#446 = DIRECTION('',(0.,0.,-1.));
#447 = PCURVE('',#72,#448);
#448 = DEFINITIONAL_REPRESENTATION('',(#449),#453);
#449 = LINE('',#450,#451);
#450 = CARTESIAN_POINT('',(-1.570796326795,171.27));
#451 = VECTOR('',#452,1.);
#452 = DIRECTION('',(-0.,-1.));
#453 = ( GEOMETRIC_REPRESENTATION_CONTEXT(2) 
PARAMETRIC_REPRESENTATION_CONTEXT() REPRESENTATION_CONTEXT('2D SPACE',''
  ) );
#454 = PCURVE('',#327,#455);
#455 = DEFINITIONAL_REPRESENTATION('',(#456),#460);
#456 = LINE('',#457,#458);
#457 = CARTESIAN_POINT('',(62.,-171.27));
#458 = VECTOR('',#459,1.);
#459 = DIRECTION('',(0.,1.));
#460 = ( GEOMETRIC_REPRESENTATION_CONTEXT(2) 
PARAMETRIC_REPRESENTATION_CONTEXT() REPRESENTATION_CONTEXT('2D SPACE',''
  ) );
#461 = ORIENTED_EDGE('',*,*,#462,.F.);
#462 = EDGE_CURVE('',#57,#440,#463,.T.);
#463 = SURFACE_CURVE('',#464,(#469,#476),.PCURVE_S1.);
#464 = CIRCLE('',#465,4.);
#465 = AXIS2_PLACEMENT_3D('',#466,#467,#468);
#466 = CARTESIAN_POINT('',(-29.,-29.,171.27));
#467 = DIRECTION('',(-0.,-0.,-1.));
#468 = DIRECTION('',(0.,-1.,0.));
#469 = PCURVE('',#72,#470);
#470 = DEFINITIONAL_REPRESENTATION('',(#471),#475);
#471 = LINE('',#472,#473);
#472 = CARTESIAN_POINT('',(-0.,171.27));
#473 = VECTOR('',#474,1.);
#474 = DIRECTION('',(-1.,0.));
#475 = ( GEOMETRIC_REPRESENTATION_CONTEXT(2) 
PARAMETRIC_REPRESENTATION_CONTEXT() REPRESENTATION_CONTEXT('2D SPACE',''
  ) );
#476 = PCURVE('',#100,#477);
#477 = DEFINITIONAL_REPRESENTATION('',(#478),#486);
#478 = ( BOUNDED_CURVE() B_SPLINE_CURVE(2,(#479,#480,#481,#482,#483,#484
,#485),.UNSPECIFIED.,.T.,.F.) B_SPLINE_CURVE_WITH_KNOTS((1,2,2,2,2,1),(
    -2.094395102393,0.,2.094395102393,4.188790204786,6.28318530718,
8.377580409573),.UNSPECIFIED.) CURVE() GEOMETRIC_REPRESENTATION_ITEM() 
RATIONAL_B_SPLINE_CURVE((1.,0.5,1.,0.5,1.,0.5,1.)) REPRESENTATION_ITEM(
  '') );
#479 = CARTESIAN_POINT('',(-29.,-33.));
#480 = CARTESIAN_POINT('',(-35.92820323027,-33.));
#481 = CARTESIAN_POINT('',(-32.46410161513,-27.));
#482 = CARTESIAN_POINT('',(-29.,-21.));
#483 = CARTESIAN_POINT('',(-25.53589838486,-27.));
#484 = CARTESIAN_POINT('',(-22.07179676972,-33.));
#485 = CARTESIAN_POINT('',(-29.,-33.));
#486 = ( GEOMETRIC_REPRESENTATION_CONTEXT(2) 
PARAMETRIC_REPRESENTATION_CONTEXT() REPRESENTATION_CONTEXT('2D SPACE',''
  ) );
#487 = ORIENTED_EDGE('',*,*,#56,.T.);
#488 = ADVANCED_FACE('',(#489),#126,.T.);
#489 = FACE_BOUND('',#490,.T.);
#490 = EDGE_LOOP('',(#491,#492,#493,#516));
#491 = ORIENTED_EDGE('',*,*,#112,.F.);
#492 = ORIENTED_EDGE('',*,*,#173,.T.);
#493 = ORIENTED_EDGE('',*,*,#494,.T.);
#494 = EDGE_CURVE('',#174,#495,#497,.T.);
#495 = VERTEX_POINT('',#496);
#496 = CARTESIAN_POINT('',(33.,-29.,171.27));
#497 = SURFACE_CURVE('',#498,(#502,#509),.PCURVE_S1.);
#498 = LINE('',#499,#500);
#499 = CARTESIAN_POINT('',(33.,-29.,0.));
#500 = VECTOR('',#501,1.);
#501 = DIRECTION('',(0.,0.,1.));
#502 = PCURVE('',#126,#503);
#503 = DEFINITIONAL_REPRESENTATION('',(#504),#508);
#504 = LINE('',#505,#506);
#505 = CARTESIAN_POINT('',(1.570796326795,0.));
#506 = VECTOR('',#507,1.);
#507 = DIRECTION('',(0.,1.));
#508 = ( GEOMETRIC_REPRESENTATION_CONTEXT(2) 
PARAMETRIC_REPRESENTATION_CONTEXT() REPRESENTATION_CONTEXT('2D SPACE',''
  ) );
#509 = PCURVE('',#213,#510);
#510 = DEFINITIONAL_REPRESENTATION('',(#511),#515);
#511 = LINE('',#512,#513);
#512 = CARTESIAN_POINT('',(4.,0.));
#513 = VECTOR('',#514,1.);
#514 = DIRECTION('',(0.,-1.));
#515 = ( GEOMETRIC_REPRESENTATION_CONTEXT(2) 
PARAMETRIC_REPRESENTATION_CONTEXT() REPRESENTATION_CONTEXT('2D SPACE',''
  ) );
#516 = ORIENTED_EDGE('',*,*,#517,.F.);
#517 = EDGE_CURVE('',#85,#495,#518,.T.);
#518 = SURFACE_CURVE('',#519,(#524,#531),.PCURVE_S1.);
#519 = CIRCLE('',#520,4.);
#520 = AXIS2_PLACEMENT_3D('',#521,#522,#523);
#521 = CARTESIAN_POINT('',(29.,-29.,171.27));
#522 = DIRECTION('',(0.,0.,1.));
#523 = DIRECTION('',(0.,-1.,0.));
#524 = PCURVE('',#126,#525);
#525 = DEFINITIONAL_REPRESENTATION('',(#526),#530);
#526 = LINE('',#527,#528);
#527 = CARTESIAN_POINT('',(0.,171.27));
#528 = VECTOR('',#529,1.);
#529 = DIRECTION('',(1.,0.));
#530 = ( GEOMETRIC_REPRESENTATION_CONTEXT(2) 
PARAMETRIC_REPRESENTATION_CONTEXT() REPRESENTATION_CONTEXT('2D SPACE',''
  ) );
#531 = PCURVE('',#100,#532);
#532 = DEFINITIONAL_REPRESENTATION('',(#533),#537);
#533 = CIRCLE('',#534,4.);
#534 = AXIS2_PLACEMENT_2D('',#535,#536);
#535 = CARTESIAN_POINT('',(29.,-29.));
#536 = DIRECTION('',(0.,-1.));
#537 = ( GEOMETRIC_REPRESENTATION_CONTEXT(2) 
PARAMETRIC_REPRESENTATION_CONTEXT() REPRESENTATION_CONTEXT('2D SPACE',''
  ) );
#538 = ADVANCED_FACE('',(#539,#659,#694,#729,#764,#1321),#100,.T.);
#539 = FACE_BOUND('',#540,.T.);
#540 = EDGE_LOOP('',(#541,#564,#565,#566,#567,#590,#614,#637));
#541 = ORIENTED_EDGE('',*,*,#542,.T.);
#542 = EDGE_CURVE('',#543,#440,#545,.T.);
#543 = VERTEX_POINT('',#544);
#544 = CARTESIAN_POINT('',(-33.,29.,171.27));
#545 = SURFACE_CURVE('',#546,(#550,#557),.PCURVE_S1.);
#546 = LINE('',#547,#548);
#547 = CARTESIAN_POINT('',(-33.,29.,171.27));
#548 = VECTOR('',#549,1.);
#549 = DIRECTION('',(0.,-1.,0.));
#550 = PCURVE('',#100,#551);
#551 = DEFINITIONAL_REPRESENTATION('',(#552),#556);
#552 = LINE('',#553,#554);
#553 = CARTESIAN_POINT('',(-33.,29.));
#554 = VECTOR('',#555,1.);
#555 = DIRECTION('',(0.,-1.));
#556 = ( GEOMETRIC_REPRESENTATION_CONTEXT(2) 
PARAMETRIC_REPRESENTATION_CONTEXT() REPRESENTATION_CONTEXT('2D SPACE',''
  ) );
#557 = PCURVE('',#327,#558);
#558 = DEFINITIONAL_REPRESENTATION('',(#559),#563);
#559 = LINE('',#560,#561);
#560 = CARTESIAN_POINT('',(4.,-171.27));
#561 = VECTOR('',#562,1.);
#562 = DIRECTION('',(1.,0.));
#563 = ( GEOMETRIC_REPRESENTATION_CONTEXT(2) 
PARAMETRIC_REPRESENTATION_CONTEXT() REPRESENTATION_CONTEXT('2D SPACE',''
  ) );
#564 = ORIENTED_EDGE('',*,*,#462,.F.);
#565 = ORIENTED_EDGE('',*,*,#84,.F.);
#566 = ORIENTED_EDGE('',*,*,#517,.T.);
#567 = ORIENTED_EDGE('',*,*,#568,.T.);
#568 = EDGE_CURVE('',#495,#569,#571,.T.);
#569 = VERTEX_POINT('',#570);
#570 = CARTESIAN_POINT('',(33.,29.,171.27));
#571 = SURFACE_CURVE('',#572,(#576,#583),.PCURVE_S1.);
#572 = LINE('',#573,#574);
#573 = CARTESIAN_POINT('',(33.,-29.,171.27));
#574 = VECTOR('',#575,1.);
#575 = DIRECTION('',(0.,1.,0.));
#576 = PCURVE('',#100,#577);
#577 = DEFINITIONAL_REPRESENTATION('',(#578),#582);
#578 = LINE('',#579,#580);
#579 = CARTESIAN_POINT('',(33.,-29.));
#580 = VECTOR('',#581,1.);
#581 = DIRECTION('',(0.,1.));
#582 = ( GEOMETRIC_REPRESENTATION_CONTEXT(2) 
PARAMETRIC_REPRESENTATION_CONTEXT() REPRESENTATION_CONTEXT('2D SPACE',''
  ) );
#583 = PCURVE('',#213,#584);
#584 = DEFINITIONAL_REPRESENTATION('',(#585),#589);
#585 = LINE('',#586,#587);
#586 = CARTESIAN_POINT('',(4.,-171.27));
#587 = VECTOR('',#588,1.);
#588 = DIRECTION('',(1.,0.));
#589 = ( GEOMETRIC_REPRESENTATION_CONTEXT(2) 
PARAMETRIC_REPRESENTATION_CONTEXT() REPRESENTATION_CONTEXT('2D SPACE',''
  ) );
#590 = ORIENTED_EDGE('',*,*,#591,.T.);
#591 = EDGE_CURVE('',#569,#592,#594,.T.);
#592 = VERTEX_POINT('',#593);
#593 = CARTESIAN_POINT('',(29.,33.,171.27));
#594 = SURFACE_CURVE('',#595,(#600,#607),.PCURVE_S1.);
#595 = CIRCLE('',#596,4.);
#596 = AXIS2_PLACEMENT_3D('',#597,#598,#599);
#597 = CARTESIAN_POINT('',(29.,29.,171.27));
#598 = DIRECTION('',(0.,0.,1.));
#599 = DIRECTION('',(0.,-1.,0.));
#600 = PCURVE('',#100,#601);
#601 = DEFINITIONAL_REPRESENTATION('',(#602),#606);
#602 = CIRCLE('',#603,4.);
#603 = AXIS2_PLACEMENT_2D('',#604,#605);
#604 = CARTESIAN_POINT('',(29.,29.));
#605 = DIRECTION('',(0.,-1.));
#606 = ( GEOMETRIC_REPRESENTATION_CONTEXT(2) 
PARAMETRIC_REPRESENTATION_CONTEXT() REPRESENTATION_CONTEXT('2D SPACE',''
  ) );
#607 = PCURVE('',#242,#608);
#608 = DEFINITIONAL_REPRESENTATION('',(#609),#613);
#609 = LINE('',#610,#611);
#610 = CARTESIAN_POINT('',(-1.570796326795,171.27));
#611 = VECTOR('',#612,1.);
#612 = DIRECTION('',(1.,0.));
#613 = ( GEOMETRIC_REPRESENTATION_CONTEXT(2) 
PARAMETRIC_REPRESENTATION_CONTEXT() REPRESENTATION_CONTEXT('2D SPACE',''
  ) );
#614 = ORIENTED_EDGE('',*,*,#615,.T.);
#615 = EDGE_CURVE('',#592,#616,#618,.T.);
#616 = VERTEX_POINT('',#617);
#617 = CARTESIAN_POINT('',(-29.,33.,171.27));
#618 = SURFACE_CURVE('',#619,(#623,#630),.PCURVE_S1.);
#619 = LINE('',#620,#621);
#620 = CARTESIAN_POINT('',(29.,33.,171.27));
#621 = VECTOR('',#622,1.);
#622 = DIRECTION('',(-1.,0.,0.));
#623 = PCURVE('',#100,#624);
#624 = DEFINITIONAL_REPRESENTATION('',(#625),#629);
#625 = LINE('',#626,#627);
#626 = CARTESIAN_POINT('',(29.,33.));
#627 = VECTOR('',#628,1.);
#628 = DIRECTION('',(-1.,0.));
#629 = ( GEOMETRIC_REPRESENTATION_CONTEXT(2) 
PARAMETRIC_REPRESENTATION_CONTEXT() REPRESENTATION_CONTEXT('2D SPACE',''
  ) );
#630 = PCURVE('',#270,#631);
#631 = DEFINITIONAL_REPRESENTATION('',(#632),#636);
#632 = LINE('',#633,#634);
#633 = CARTESIAN_POINT('',(4.,-171.27));
#634 = VECTOR('',#635,1.);
#635 = DIRECTION('',(1.,0.));
#636 = ( GEOMETRIC_REPRESENTATION_CONTEXT(2) 
PARAMETRIC_REPRESENTATION_CONTEXT() REPRESENTATION_CONTEXT('2D SPACE',''
  ) );
#637 = ORIENTED_EDGE('',*,*,#638,.T.);
#638 = EDGE_CURVE('',#616,#543,#639,.T.);
#639 = SURFACE_CURVE('',#640,(#645,#652),.PCURVE_S1.);
#640 = CIRCLE('',#641,4.);
#641 = AXIS2_PLACEMENT_3D('',#642,#643,#644);
#642 = CARTESIAN_POINT('',(-29.,29.,171.27));
#643 = DIRECTION('',(0.,0.,1.));
#644 = DIRECTION('',(0.,-1.,0.));
#645 = PCURVE('',#100,#646);
#646 = DEFINITIONAL_REPRESENTATION('',(#647),#651);
#647 = CIRCLE('',#648,4.);
#648 = AXIS2_PLACEMENT_2D('',#649,#650);
#649 = CARTESIAN_POINT('',(-29.,29.));
#650 = DIRECTION('',(0.,-1.));
#651 = ( GEOMETRIC_REPRESENTATION_CONTEXT(2) 
PARAMETRIC_REPRESENTATION_CONTEXT() REPRESENTATION_CONTEXT('2D SPACE',''
  ) );
#652 = PCURVE('',#299,#653);
#653 = DEFINITIONAL_REPRESENTATION('',(#654),#658);
#654 = LINE('',#655,#656);
#655 = CARTESIAN_POINT('',(-3.14159265359,171.27));
#656 = VECTOR('',#657,1.);
#657 = DIRECTION('',(1.,0.));
#658 = ( GEOMETRIC_REPRESENTATION_CONTEXT(2) 
PARAMETRIC_REPRESENTATION_CONTEXT() REPRESENTATION_CONTEXT('2D SPACE',''
  ) );
#659 = FACE_BOUND('',#660,.T.);
#660 = EDGE_LOOP('',(#661));
#661 = ORIENTED_EDGE('',*,*,#662,.T.);
#662 = EDGE_CURVE('',#663,#663,#665,.T.);
#663 = VERTEX_POINT('',#664);
#664 = CARTESIAN_POINT('',(-27.,-29.,171.27));
#665 = SURFACE_CURVE('',#666,(#671,#682),.PCURVE_S1.);
#666 = CIRCLE('',#667,2.);
#667 = AXIS2_PLACEMENT_3D('',#668,#669,#670);
#668 = CARTESIAN_POINT('',(-29.,-29.,171.27));
#669 = DIRECTION('',(0.,0.,-1.));
#670 = DIRECTION('',(1.,0.,0.));
#671 = PCURVE('',#100,#672);
#672 = DEFINITIONAL_REPRESENTATION('',(#673),#681);
#673 = ( BOUNDED_CURVE() B_SPLINE_CURVE(2,(#674,#675,#676,#677,#678,#679
,#680),.UNSPECIFIED.,.T.,.F.) B_SPLINE_CURVE_WITH_KNOTS((1,2,2,2,2,1),(
    -2.094395102393,0.,2.094395102393,4.188790204786,6.28318530718,
8.377580409573),.UNSPECIFIED.) CURVE() GEOMETRIC_REPRESENTATION_ITEM() 
RATIONAL_B_SPLINE_CURVE((1.,0.5,1.,0.5,1.,0.5,1.)) REPRESENTATION_ITEM(
  '') );
#674 = CARTESIAN_POINT('',(-27.,-29.));
#675 = CARTESIAN_POINT('',(-27.,-32.46410161513));
#676 = CARTESIAN_POINT('',(-30.,-30.73205080756));
#677 = CARTESIAN_POINT('',(-33.,-29.));
#678 = CARTESIAN_POINT('',(-30.,-27.26794919243));
#679 = CARTESIAN_POINT('',(-27.,-25.53589838486));
#680 = CARTESIAN_POINT('',(-27.,-29.));
#681 = ( GEOMETRIC_REPRESENTATION_CONTEXT(2) 
PARAMETRIC_REPRESENTATION_CONTEXT() REPRESENTATION_CONTEXT('2D SPACE',''
  ) );
#682 = PCURVE('',#683,#688);
#683 = CYLINDRICAL_SURFACE('',#684,2.);
#684 = AXIS2_PLACEMENT_3D('',#685,#686,#687);
#685 = CARTESIAN_POINT('',(-29.,-29.,165.27));
#686 = DIRECTION('',(-0.,-0.,-1.));
#687 = DIRECTION('',(1.,0.,0.));
#688 = DEFINITIONAL_REPRESENTATION('',(#689),#693);
#689 = LINE('',#690,#691);
#690 = CARTESIAN_POINT('',(-6.28318530718,-6.));
#691 = VECTOR('',#692,1.);
#692 = DIRECTION('',(1.,-0.));
#693 = ( GEOMETRIC_REPRESENTATION_CONTEXT(2) 
PARAMETRIC_REPRESENTATION_CONTEXT() REPRESENTATION_CONTEXT('2D SPACE',''
  ) );
#694 = FACE_BOUND('',#695,.T.);
#695 = EDGE_LOOP('',(#696));
#696 = ORIENTED_EDGE('',*,*,#697,.T.);
#697 = EDGE_CURVE('',#698,#698,#700,.T.);
#698 = VERTEX_POINT('',#699);
#699 = CARTESIAN_POINT('',(31.,-29.,171.27));
#700 = SURFACE_CURVE('',#701,(#706,#717),.PCURVE_S1.);
#701 = CIRCLE('',#702,2.);
#702 = AXIS2_PLACEMENT_3D('',#703,#704,#705);
#703 = CARTESIAN_POINT('',(29.,-29.,171.27));
#704 = DIRECTION('',(0.,0.,-1.));
#705 = DIRECTION('',(1.,0.,0.));
#706 = PCURVE('',#100,#707);
#707 = DEFINITIONAL_REPRESENTATION('',(#708),#716);
#708 = ( BOUNDED_CURVE() B_SPLINE_CURVE(2,(#709,#710,#711,#712,#713,#714
,#715),.UNSPECIFIED.,.T.,.F.) B_SPLINE_CURVE_WITH_KNOTS((1,2,2,2,2,1),(
    -2.094395102393,0.,2.094395102393,4.188790204786,6.28318530718,
8.377580409573),.UNSPECIFIED.) CURVE() GEOMETRIC_REPRESENTATION_ITEM() 
RATIONAL_B_SPLINE_CURVE((1.,0.5,1.,0.5,1.,0.5,1.)) REPRESENTATION_ITEM(
  '') );
#709 = CARTESIAN_POINT('',(31.,-29.));
#710 = CARTESIAN_POINT('',(31.,-32.46410161513));
#711 = CARTESIAN_POINT('',(28.,-30.73205080756));
#712 = CARTESIAN_POINT('',(25.,-29.));
#713 = CARTESIAN_POINT('',(28.,-27.26794919243));
#714 = CARTESIAN_POINT('',(31.,-25.53589838486));
#715 = CARTESIAN_POINT('',(31.,-29.));
#716 = ( GEOMETRIC_REPRESENTATION_CONTEXT(2) 
PARAMETRIC_REPRESENTATION_CONTEXT() REPRESENTATION_CONTEXT('2D SPACE',''
  ) );
#717 = PCURVE('',#718,#723);
#718 = CYLINDRICAL_SURFACE('',#719,2.);
#719 = AXIS2_PLACEMENT_3D('',#720,#721,#722);
#720 = CARTESIAN_POINT('',(29.,-29.,165.27));
#721 = DIRECTION('',(-0.,-0.,-1.));
#722 = DIRECTION('',(1.,0.,0.));
#723 = DEFINITIONAL_REPRESENTATION('',(#724),#728);
#724 = LINE('',#725,#726);
#725 = CARTESIAN_POINT('',(-6.28318530718,-6.));
#726 = VECTOR('',#727,1.);
#727 = DIRECTION('',(1.,-0.));
#728 = ( GEOMETRIC_REPRESENTATION_CONTEXT(2) 
PARAMETRIC_REPRESENTATION_CONTEXT() REPRESENTATION_CONTEXT('2D SPACE',''
  ) );
#729 = FACE_BOUND('',#730,.T.);
#730 = EDGE_LOOP('',(#731));
#731 = ORIENTED_EDGE('',*,*,#732,.T.);
#732 = EDGE_CURVE('',#733,#733,#735,.T.);
#733 = VERTEX_POINT('',#734);
#734 = CARTESIAN_POINT('',(-27.,29.,171.27));
#735 = SURFACE_CURVE('',#736,(#741,#752),.PCURVE_S1.);
#736 = CIRCLE('',#737,2.);
#737 = AXIS2_PLACEMENT_3D('',#738,#739,#740);
#738 = CARTESIAN_POINT('',(-29.,29.,171.27));
#739 = DIRECTION('',(0.,0.,-1.));
#740 = DIRECTION('',(1.,0.,0.));
#741 = PCURVE('',#100,#742);
#742 = DEFINITIONAL_REPRESENTATION('',(#743),#751);
#743 = ( BOUNDED_CURVE() B_SPLINE_CURVE(2,(#744,#745,#746,#747,#748,#749
,#750),.UNSPECIFIED.,.T.,.F.) B_SPLINE_CURVE_WITH_KNOTS((1,2,2,2,2,1),(
    -2.094395102393,0.,2.094395102393,4.188790204786,6.28318530718,
8.377580409573),.UNSPECIFIED.) CURVE() GEOMETRIC_REPRESENTATION_ITEM() 
RATIONAL_B_SPLINE_CURVE((1.,0.5,1.,0.5,1.,0.5,1.)) REPRESENTATION_ITEM(
  '') );
#744 = CARTESIAN_POINT('',(-27.,29.));
#745 = CARTESIAN_POINT('',(-27.,25.535898384862));
#746 = CARTESIAN_POINT('',(-30.,27.267949192431));
#747 = CARTESIAN_POINT('',(-33.,29.));
#748 = CARTESIAN_POINT('',(-30.,30.732050807569));
#749 = CARTESIAN_POINT('',(-27.,32.464101615138));
#750 = CARTESIAN_POINT('',(-27.,29.));
#751 = ( GEOMETRIC_REPRESENTATION_CONTEXT(2) 
PARAMETRIC_REPRESENTATION_CONTEXT() REPRESENTATION_CONTEXT('2D SPACE',''
  ) );
#752 = PCURVE('',#753,#758);
#753 = CYLINDRICAL_SURFACE('',#754,2.);
#754 = AXIS2_PLACEMENT_3D('',#755,#756,#757);
#755 = CARTESIAN_POINT('',(-29.,29.,165.27));
#756 = DIRECTION('',(-0.,-0.,-1.));
#757 = DIRECTION('',(1.,0.,0.));
#758 = DEFINITIONAL_REPRESENTATION('',(#759),#763);
#759 = LINE('',#760,#761);
#760 = CARTESIAN_POINT('',(-6.28318530718,-6.));
#761 = VECTOR('',#762,1.);
#762 = DIRECTION('',(1.,-0.));
#763 = ( GEOMETRIC_REPRESENTATION_CONTEXT(2) 
PARAMETRIC_REPRESENTATION_CONTEXT() REPRESENTATION_CONTEXT('2D SPACE',''
  ) );
#764 = FACE_BOUND('',#765,.T.);
#765 = EDGE_LOOP('',(#766,#797,#823,#849,#875,#901,#922,#955,#981,#1010,
    #1036,#1069,#1095,#1124,#1150,#1183,#1209,#1238,#1264,#1297));
#766 = ORIENTED_EDGE('',*,*,#767,.F.);
#767 = EDGE_CURVE('',#768,#770,#772,.T.);
#768 = VERTEX_POINT('',#769);
#769 = CARTESIAN_POINT('',(17.138015895286,-31.85,171.27));
#770 = VERTEX_POINT('',#771);
#771 = CARTESIAN_POINT('',(22.865580822897,-29.47756492761,171.27));
#772 = SURFACE_CURVE('',#773,(#778,#785),.PCURVE_S1.);
#773 = CIRCLE('',#774,8.1);
#774 = AXIS2_PLACEMENT_3D('',#775,#776,#777);
#775 = CARTESIAN_POINT('',(17.138015895286,-23.75,171.27));
#776 = DIRECTION('',(0.,-0.,1.));
#777 = DIRECTION('',(0.,-1.,-0.));
#778 = PCURVE('',#100,#779);
#779 = DEFINITIONAL_REPRESENTATION('',(#780),#784);
#780 = CIRCLE('',#781,8.1);
#781 = AXIS2_PLACEMENT_2D('',#782,#783);
#782 = CARTESIAN_POINT('',(17.138015895286,-23.75));
#783 = DIRECTION('',(0.,-1.));
#784 = ( GEOMETRIC_REPRESENTATION_CONTEXT(2) 
PARAMETRIC_REPRESENTATION_CONTEXT() REPRESENTATION_CONTEXT('2D SPACE',''
  ) );
#785 = PCURVE('',#786,#791);
#786 = CYLINDRICAL_SURFACE('',#787,8.1);
#787 = AXIS2_PLACEMENT_3D('',#788,#789,#790);
#788 = CARTESIAN_POINT('',(17.138015895286,-23.75,169.77));
#789 = DIRECTION('',(0.,-0.,1.));
#790 = DIRECTION('',(0.,-1.,-0.));
#791 = DEFINITIONAL_REPRESENTATION('',(#792),#796);
#792 = LINE('',#793,#794);
#793 = CARTESIAN_POINT('',(0.,1.5));
#794 = VECTOR('',#795,1.);
#795 = DIRECTION('',(1.,0.));
#796 = ( GEOMETRIC_REPRESENTATION_CONTEXT(2) 
PARAMETRIC_REPRESENTATION_CONTEXT() REPRESENTATION_CONTEXT('2D SPACE',''
  ) );
#797 = ORIENTED_EDGE('',*,*,#798,.T.);
#798 = EDGE_CURVE('',#768,#799,#801,.T.);
#799 = VERTEX_POINT('',#800);
#800 = CARTESIAN_POINT('',(2.041666666667,-31.85,171.27));
#801 = SURFACE_CURVE('',#802,(#806,#812),.PCURVE_S1.);
#802 = LINE('',#803,#804);
#803 = CARTESIAN_POINT('',(-15.925,-31.85,171.27));
#804 = VECTOR('',#805,1.);
#805 = DIRECTION('',(-1.,0.,0.));
#806 = PCURVE('',#100,#807);
#807 = DEFINITIONAL_REPRESENTATION('',(#808),#811);
#808 = B_SPLINE_CURVE_WITH_KNOTS('',1,(#809,#810),.UNSPECIFIED.,.F.,.F.,
  (2,2),(-33.06301589528,1.213015895286),.PIECEWISE_BEZIER_KNOTS.);
#809 = CARTESIAN_POINT('',(17.138015895286,-31.85));
#810 = CARTESIAN_POINT('',(-17.13801589528,-31.85));
#811 = ( GEOMETRIC_REPRESENTATION_CONTEXT(2) 
PARAMETRIC_REPRESENTATION_CONTEXT() REPRESENTATION_CONTEXT('2D SPACE',''
  ) );
#812 = PCURVE('',#813,#818);
#813 = PLANE('',#814);
#814 = AXIS2_PLACEMENT_3D('',#815,#816,#817);
#815 = CARTESIAN_POINT('',(-31.85,-31.85,169.77));
#816 = DIRECTION('',(0.,1.,0.));
#817 = DIRECTION('',(1.,0.,0.));
#818 = DEFINITIONAL_REPRESENTATION('',(#819),#822);
#819 = B_SPLINE_CURVE_WITH_KNOTS('',1,(#820,#821),.UNSPECIFIED.,.F.,.F.,
  (2,2),(-33.06301589528,1.213015895286),.PIECEWISE_BEZIER_KNOTS.);
#820 = CARTESIAN_POINT('',(48.988015895286,-1.5));
#821 = CARTESIAN_POINT('',(14.711984104714,-1.5));
#822 = ( GEOMETRIC_REPRESENTATION_CONTEXT(2) 
PARAMETRIC_REPRESENTATION_CONTEXT() REPRESENTATION_CONTEXT('2D SPACE',''
  ) );
#823 = ORIENTED_EDGE('',*,*,#824,.T.);
#824 = EDGE_CURVE('',#799,#825,#827,.T.);
#825 = VERTEX_POINT('',#826);
#826 = CARTESIAN_POINT('',(2.5,-32.4,171.27));
#827 = SURFACE_CURVE('',#828,(#832,#838),.PCURVE_S1.);
#828 = LINE('',#829,#830);
#829 = CARTESIAN_POINT('',(-5.979508196721,-22.22459016393,171.27));
#830 = VECTOR('',#831,1.);
#831 = DIRECTION('',(0.640184399664,-0.768221279597,0.));
#832 = PCURVE('',#100,#833);
#833 = DEFINITIONAL_REPRESENTATION('',(#834),#837);
#834 = B_SPLINE_CURVE_WITH_KNOTS('',1,(#835,#836),.UNSPECIFIED.,.F.,.F.,
  (2,2),(9.340290391105,13.245415229058),.PIECEWISE_BEZIER_KNOTS.);
#835 = CARTESIAN_POINT('',(-3.298146982787E-16,-29.4));
#836 = CARTESIAN_POINT('',(2.5,-32.4));
#837 = ( GEOMETRIC_REPRESENTATION_CONTEXT(2) 
PARAMETRIC_REPRESENTATION_CONTEXT() REPRESENTATION_CONTEXT('2D SPACE',''
  ) );
#838 = PCURVE('',#839,#844);
#839 = PLANE('',#840);
#840 = AXIS2_PLACEMENT_3D('',#841,#842,#843);
#841 = CARTESIAN_POINT('',(2.5,-32.4,170.67));
#842 = DIRECTION('',(-0.768221279597,-0.640184399664,0.));
#843 = DIRECTION('',(-0.640184399664,0.768221279597,0.));
#844 = DEFINITIONAL_REPRESENTATION('',(#845),#848);
#845 = B_SPLINE_CURVE_WITH_KNOTS('',1,(#846,#847),.UNSPECIFIED.,.F.,.F.,
  (2,2),(9.340290391105,13.245415229058),.PIECEWISE_BEZIER_KNOTS.);
#846 = CARTESIAN_POINT('',(3.905124837953,-0.6));
#847 = CARTESIAN_POINT('',(0.,-0.6));
#848 = ( GEOMETRIC_REPRESENTATION_CONTEXT(2) 
PARAMETRIC_REPRESENTATION_CONTEXT() REPRESENTATION_CONTEXT('2D SPACE',''
  ) );
#849 = ORIENTED_EDGE('',*,*,#850,.T.);
#850 = EDGE_CURVE('',#825,#851,#853,.T.);
#851 = VERTEX_POINT('',#852);
#852 = CARTESIAN_POINT('',(-2.5,-32.4,171.27));
#853 = SURFACE_CURVE('',#854,(#858,#864),.PCURVE_S1.);
#854 = LINE('',#855,#856);
#855 = CARTESIAN_POINT('',(-1.25,-32.4,171.27));
#856 = VECTOR('',#857,1.);
#857 = DIRECTION('',(-1.,0.,0.));
#858 = PCURVE('',#100,#859);
#859 = DEFINITIONAL_REPRESENTATION('',(#860),#863);
#860 = B_SPLINE_CURVE_WITH_KNOTS('',1,(#861,#862),.UNSPECIFIED.,.F.,.F.,
  (2,2),(-3.75,1.25),.PIECEWISE_BEZIER_KNOTS.);
#861 = CARTESIAN_POINT('',(2.5,-32.4));
#862 = CARTESIAN_POINT('',(-2.5,-32.4));
#863 = ( GEOMETRIC_REPRESENTATION_CONTEXT(2) 
PARAMETRIC_REPRESENTATION_CONTEXT() REPRESENTATION_CONTEXT('2D SPACE',''
  ) );
#864 = PCURVE('',#865,#870);
#865 = PLANE('',#866);
#866 = AXIS2_PLACEMENT_3D('',#867,#868,#869);
#867 = CARTESIAN_POINT('',(-2.5,-32.4,170.67));
#868 = DIRECTION('',(0.,1.,0.));
#869 = DIRECTION('',(1.,0.,0.));
#870 = DEFINITIONAL_REPRESENTATION('',(#871),#874);
#871 = B_SPLINE_CURVE_WITH_KNOTS('',1,(#872,#873),.UNSPECIFIED.,.F.,.F.,
  (2,2),(-3.75,1.25),.PIECEWISE_BEZIER_KNOTS.);
#872 = CARTESIAN_POINT('',(5.,-0.6));
#873 = CARTESIAN_POINT('',(0.,-0.6));
#874 = ( GEOMETRIC_REPRESENTATION_CONTEXT(2) 
PARAMETRIC_REPRESENTATION_CONTEXT() REPRESENTATION_CONTEXT('2D SPACE',''
  ) );
#875 = ORIENTED_EDGE('',*,*,#876,.T.);
#876 = EDGE_CURVE('',#851,#877,#879,.T.);
#877 = VERTEX_POINT('',#878);
#878 = CARTESIAN_POINT('',(-2.041666666667,-31.85,171.27));
#879 = SURFACE_CURVE('',#880,(#884,#890),.PCURVE_S1.);
#880 = LINE('',#881,#882);
#881 = CARTESIAN_POINT('',(7.229508196721,-20.72459016393,171.27));
#882 = VECTOR('',#883,1.);
#883 = DIRECTION('',(0.640184399664,0.768221279597,-0.));
#884 = PCURVE('',#100,#885);
#885 = DEFINITIONAL_REPRESENTATION('',(#886),#889);
#886 = B_SPLINE_CURVE_WITH_KNOTS('',1,(#887,#888),.UNSPECIFIED.,.F.,.F.,
  (2,2),(-15.19797764803,-11.29285281008),.PIECEWISE_BEZIER_KNOTS.);
#887 = CARTESIAN_POINT('',(-2.5,-32.4));
#888 = CARTESIAN_POINT('',(-3.640634357123E-16,-29.4));
#889 = ( GEOMETRIC_REPRESENTATION_CONTEXT(2) 
PARAMETRIC_REPRESENTATION_CONTEXT() REPRESENTATION_CONTEXT('2D SPACE',''
  ) );
#890 = PCURVE('',#891,#896);
#891 = PLANE('',#892);
#892 = AXIS2_PLACEMENT_3D('',#893,#894,#895);
#893 = CARTESIAN_POINT('',(-1.094344628242E-16,-29.4,170.67));
#894 = DIRECTION('',(0.768221279597,-0.640184399664,0.));
#895 = DIRECTION('',(-0.640184399664,-0.768221279597,0.));
#896 = DEFINITIONAL_REPRESENTATION('',(#897),#900);
#897 = B_SPLINE_CURVE_WITH_KNOTS('',1,(#898,#899),.UNSPECIFIED.,.F.,.F.,
  (2,2),(-15.19797764803,-11.29285281008),.PIECEWISE_BEZIER_KNOTS.);
#898 = CARTESIAN_POINT('',(3.905124837953,-0.6));
#899 = CARTESIAN_POINT('',(0.,-0.6));
#900 = ( GEOMETRIC_REPRESENTATION_CONTEXT(2) 
PARAMETRIC_REPRESENTATION_CONTEXT() REPRESENTATION_CONTEXT('2D SPACE',''
  ) );
#901 = ORIENTED_EDGE('',*,*,#902,.T.);
#902 = EDGE_CURVE('',#877,#903,#905,.T.);
#903 = VERTEX_POINT('',#904);
#904 = CARTESIAN_POINT('',(-17.13801589528,-31.85,171.27));
#905 = SURFACE_CURVE('',#906,(#910,#916),.PCURVE_S1.);
#906 = LINE('',#907,#908);
#907 = CARTESIAN_POINT('',(-15.925,-31.85,171.27));
#908 = VECTOR('',#909,1.);
#909 = DIRECTION('',(-1.,0.,0.));
#910 = PCURVE('',#100,#911);
#911 = DEFINITIONAL_REPRESENTATION('',(#912),#915);
#912 = B_SPLINE_CURVE_WITH_KNOTS('',1,(#913,#914),.UNSPECIFIED.,.F.,.F.,
  (2,2),(-33.06301589528,1.213015895286),.PIECEWISE_BEZIER_KNOTS.);
#913 = CARTESIAN_POINT('',(17.138015895286,-31.85));
#914 = CARTESIAN_POINT('',(-17.13801589528,-31.85));
#915 = ( GEOMETRIC_REPRESENTATION_CONTEXT(2) 
PARAMETRIC_REPRESENTATION_CONTEXT() REPRESENTATION_CONTEXT('2D SPACE',''
  ) );
#916 = PCURVE('',#813,#917);
#917 = DEFINITIONAL_REPRESENTATION('',(#918),#921);
#918 = B_SPLINE_CURVE_WITH_KNOTS('',1,(#919,#920),.UNSPECIFIED.,.F.,.F.,
  (2,2),(-33.06301589528,1.213015895286),.PIECEWISE_BEZIER_KNOTS.);
#919 = CARTESIAN_POINT('',(48.988015895286,-1.5));
#920 = CARTESIAN_POINT('',(14.711984104714,-1.5));
#921 = ( GEOMETRIC_REPRESENTATION_CONTEXT(2) 
PARAMETRIC_REPRESENTATION_CONTEXT() REPRESENTATION_CONTEXT('2D SPACE',''
  ) );
#922 = ORIENTED_EDGE('',*,*,#923,.T.);
#923 = EDGE_CURVE('',#903,#924,#926,.T.);
#924 = VERTEX_POINT('',#925);
#925 = CARTESIAN_POINT('',(-22.86558082289,-29.47756492761,171.27));
#926 = SURFACE_CURVE('',#927,(#932,#943),.PCURVE_S1.);
#927 = CIRCLE('',#928,8.1);
#928 = AXIS2_PLACEMENT_3D('',#929,#930,#931);
#929 = CARTESIAN_POINT('',(-17.13801589528,-23.75,171.27));
#930 = DIRECTION('',(0.,0.,-1.));
#931 = DIRECTION('',(0.,-1.,0.));
#932 = PCURVE('',#100,#933);
#933 = DEFINITIONAL_REPRESENTATION('',(#934),#942);
#934 = ( BOUNDED_CURVE() B_SPLINE_CURVE(2,(#935,#936,#937,#938,#939,#940
,#941),.UNSPECIFIED.,.T.,.F.) B_SPLINE_CURVE_WITH_KNOTS((1,2,2,2,2,1),(
    -2.094395102393,0.,2.094395102393,4.188790204786,6.28318530718,
8.377580409573),.UNSPECIFIED.) CURVE() GEOMETRIC_REPRESENTATION_ITEM() 
RATIONAL_B_SPLINE_CURVE((1.,0.5,1.,0.5,1.,0.5,1.)) REPRESENTATION_ITEM(
  '') );
#935 = CARTESIAN_POINT('',(-17.13801589528,-31.85));
#936 = CARTESIAN_POINT('',(-31.16762743659,-31.85));
#937 = CARTESIAN_POINT('',(-24.15282166594,-19.7));
#938 = CARTESIAN_POINT('',(-17.13801589528,-7.55));
#939 = CARTESIAN_POINT('',(-10.12321012463,-19.7));
#940 = CARTESIAN_POINT('',(-3.108404353978,-31.85));
#941 = CARTESIAN_POINT('',(-17.13801589528,-31.85));
#942 = ( GEOMETRIC_REPRESENTATION_CONTEXT(2) 
PARAMETRIC_REPRESENTATION_CONTEXT() REPRESENTATION_CONTEXT('2D SPACE',''
  ) );
#943 = PCURVE('',#944,#949);
#944 = CYLINDRICAL_SURFACE('',#945,8.1);
#945 = AXIS2_PLACEMENT_3D('',#946,#947,#948);
#946 = CARTESIAN_POINT('',(-17.13801589528,-23.75,171.37));
#947 = DIRECTION('',(0.,0.,-1.));
#948 = DIRECTION('',(0.,-1.,0.));
#949 = DEFINITIONAL_REPRESENTATION('',(#950),#954);
#950 = LINE('',#951,#952);
#951 = CARTESIAN_POINT('',(0.,9.999999999999E-02));
#952 = VECTOR('',#953,1.);
#953 = DIRECTION('',(1.,0.));
#954 = ( GEOMETRIC_REPRESENTATION_CONTEXT(2) 
PARAMETRIC_REPRESENTATION_CONTEXT() REPRESENTATION_CONTEXT('2D SPACE',''
  ) );
#955 = ORIENTED_EDGE('',*,*,#956,.T.);
#956 = EDGE_CURVE('',#924,#957,#959,.T.);
#957 = VERTEX_POINT('',#958);
#958 = CARTESIAN_POINT('',(-29.47756492761,-22.86558082289,171.27));
#959 = SURFACE_CURVE('',#960,(#964,#970),.PCURVE_S1.);
#960 = LINE('',#961,#962);
#961 = CARTESIAN_POINT('',(-39.25735931288,-13.08578643762,171.27));
#962 = VECTOR('',#963,1.);
#963 = DIRECTION('',(-0.707106781187,0.707106781187,0.));
#964 = PCURVE('',#100,#965);
#965 = DEFINITIONAL_REPRESENTATION('',(#966),#969);
#966 = B_SPLINE_CURVE_WITH_KNOTS('',1,(#967,#968),.UNSPECIFIED.,.F.,.F.,
  (2,2),(-23.18147545195,-13.83071785686),.PIECEWISE_BEZIER_KNOTS.);
#967 = CARTESIAN_POINT('',(-22.86558082289,-29.47756492761));
#968 = CARTESIAN_POINT('',(-29.47756492761,-22.86558082289));
#969 = ( GEOMETRIC_REPRESENTATION_CONTEXT(2) 
PARAMETRIC_REPRESENTATION_CONTEXT() REPRESENTATION_CONTEXT('2D SPACE',''
  ) );
#970 = PCURVE('',#971,#976);
#971 = PLANE('',#972);
#972 = AXIS2_PLACEMENT_3D('',#973,#974,#975);
#973 = CARTESIAN_POINT('',(-52.3431457505,2.737373416048E-15,169.57));
#974 = DIRECTION('',(0.707106781187,0.707106781187,0.));
#975 = DIRECTION('',(0.707106781187,-0.707106781187,0.));
#976 = DEFINITIONAL_REPRESENTATION('',(#977),#980);
#977 = B_SPLINE_CURVE_WITH_KNOTS('',1,(#978,#979),.UNSPECIFIED.,.F.,.F.,
  (2,2),(-23.18147545195,-13.83071785686),.PIECEWISE_BEZIER_KNOTS.);
#978 = CARTESIAN_POINT('',(41.687572106361,-1.7));
#979 = CARTESIAN_POINT('',(32.336814511278,-1.7));
#980 = ( GEOMETRIC_REPRESENTATION_CONTEXT(2) 
PARAMETRIC_REPRESENTATION_CONTEXT() REPRESENTATION_CONTEXT('2D SPACE',''
  ) );
#981 = ORIENTED_EDGE('',*,*,#982,.F.);
#982 = EDGE_CURVE('',#983,#957,#985,.T.);
#983 = VERTEX_POINT('',#984);
#984 = CARTESIAN_POINT('',(-31.85,-17.13801589528,171.27));
#985 = SURFACE_CURVE('',#986,(#991,#998),.PCURVE_S1.);
#986 = CIRCLE('',#987,8.1);
#987 = AXIS2_PLACEMENT_3D('',#988,#989,#990);
#988 = CARTESIAN_POINT('',(-23.75,-17.13801589528,171.27));
#989 = DIRECTION('',(0.,0.,1.));
#990 = DIRECTION('',(-0.707106781187,-0.707106781187,0.));
#991 = PCURVE('',#100,#992);
#992 = DEFINITIONAL_REPRESENTATION('',(#993),#997);
#993 = CIRCLE('',#994,8.1);
#994 = AXIS2_PLACEMENT_2D('',#995,#996);
#995 = CARTESIAN_POINT('',(-23.75,-17.13801589528));
#996 = DIRECTION('',(-0.707106781187,-0.707106781187));
#997 = ( GEOMETRIC_REPRESENTATION_CONTEXT(2) 
PARAMETRIC_REPRESENTATION_CONTEXT() REPRESENTATION_CONTEXT('2D SPACE',''
  ) );
#998 = PCURVE('',#999,#1004);
#999 = CYLINDRICAL_SURFACE('',#1000,8.1);
#1000 = AXIS2_PLACEMENT_3D('',#1001,#1002,#1003);
#1001 = CARTESIAN_POINT('',(-23.75,-17.13801589528,169.77));
#1002 = DIRECTION('',(0.,-0.,1.));
#1003 = DIRECTION('',(-0.707106781187,-0.707106781187,0.));
#1004 = DEFINITIONAL_REPRESENTATION('',(#1005),#1009);
#1005 = LINE('',#1006,#1007);
#1006 = CARTESIAN_POINT('',(-6.28318530718,1.5));
#1007 = VECTOR('',#1008,1.);
#1008 = DIRECTION('',(1.,-0.));
#1009 = ( GEOMETRIC_REPRESENTATION_CONTEXT(2) 
PARAMETRIC_REPRESENTATION_CONTEXT() REPRESENTATION_CONTEXT('2D SPACE',''
  ) );
#1010 = ORIENTED_EDGE('',*,*,#1011,.T.);
#1011 = EDGE_CURVE('',#983,#1012,#1014,.T.);
#1012 = VERTEX_POINT('',#1013);
#1013 = CARTESIAN_POINT('',(-31.85,17.138015895286,171.27));
#1014 = SURFACE_CURVE('',#1015,(#1019,#1025),.PCURVE_S1.);
#1015 = LINE('',#1016,#1017);
#1016 = CARTESIAN_POINT('',(-31.85,15.925,171.27));
#1017 = VECTOR('',#1018,1.);
#1018 = DIRECTION('',(-0.,1.,0.));
#1019 = PCURVE('',#100,#1020);
#1020 = DEFINITIONAL_REPRESENTATION('',(#1021),#1024);
#1021 = B_SPLINE_CURVE_WITH_KNOTS('',1,(#1022,#1023),.UNSPECIFIED.,.F.,
  .F.,(2,2),(-33.06301589528,1.213015895286),.PIECEWISE_BEZIER_KNOTS.);
#1022 = CARTESIAN_POINT('',(-31.85,-17.13801589528));
#1023 = CARTESIAN_POINT('',(-31.85,17.138015895286));
#1024 = ( GEOMETRIC_REPRESENTATION_CONTEXT(2) 
PARAMETRIC_REPRESENTATION_CONTEXT() REPRESENTATION_CONTEXT('2D SPACE',''
  ) );
#1025 = PCURVE('',#1026,#1031);
#1026 = PLANE('',#1027);
#1027 = AXIS2_PLACEMENT_3D('',#1028,#1029,#1030);
#1028 = CARTESIAN_POINT('',(-31.85,31.85,169.77));
#1029 = DIRECTION('',(1.,0.,-0.));
#1030 = DIRECTION('',(0.,-1.,0.));
#1031 = DEFINITIONAL_REPRESENTATION('',(#1032),#1035);
#1032 = B_SPLINE_CURVE_WITH_KNOTS('',1,(#1033,#1034),.UNSPECIFIED.,.F.,
  .F.,(2,2),(-33.06301589528,1.213015895286),.PIECEWISE_BEZIER_KNOTS.);
#1033 = CARTESIAN_POINT('',(48.988015895286,-1.5));
#1034 = CARTESIAN_POINT('',(14.711984104714,-1.5));
#1035 = ( GEOMETRIC_REPRESENTATION_CONTEXT(2) 
PARAMETRIC_REPRESENTATION_CONTEXT() REPRESENTATION_CONTEXT('2D SPACE',''
  ) );
#1036 = ORIENTED_EDGE('',*,*,#1037,.T.);
#1037 = EDGE_CURVE('',#1012,#1038,#1040,.T.);
#1038 = VERTEX_POINT('',#1039);
#1039 = CARTESIAN_POINT('',(-29.47756492761,22.865580822897,171.27));
#1040 = SURFACE_CURVE('',#1041,(#1046,#1057),.PCURVE_S1.);
#1041 = CIRCLE('',#1042,8.1);
#1042 = AXIS2_PLACEMENT_3D('',#1043,#1044,#1045);
#1043 = CARTESIAN_POINT('',(-23.75,17.138015895286,171.27));
#1044 = DIRECTION('',(0.,-0.,-1.));
#1045 = DIRECTION('',(-1.,-0.,0.));
#1046 = PCURVE('',#100,#1047);
#1047 = DEFINITIONAL_REPRESENTATION('',(#1048),#1056);
#1048 = ( BOUNDED_CURVE() B_SPLINE_CURVE(2,(#1049,#1050,#1051,#1052,
#1053,#1054,#1055),.UNSPECIFIED.,.T.,.F.) B_SPLINE_CURVE_WITH_KNOTS((1,2
    ,2,2,2,1),(-2.094395102393,0.,2.094395102393,4.188790204786,
6.28318530718,8.377580409573),.UNSPECIFIED.) CURVE() 
GEOMETRIC_REPRESENTATION_ITEM() RATIONAL_B_SPLINE_CURVE((1.,0.5,1.,0.5,
1.,0.5,1.)) REPRESENTATION_ITEM('') );
#1049 = CARTESIAN_POINT('',(-31.85,17.138015895286));
#1050 = CARTESIAN_POINT('',(-31.85,31.167627436593));
#1051 = CARTESIAN_POINT('',(-19.7,24.15282166594));
#1052 = CARTESIAN_POINT('',(-7.55,17.138015895286));
#1053 = CARTESIAN_POINT('',(-19.7,10.123210124632));
#1054 = CARTESIAN_POINT('',(-31.85,3.108404353978));
#1055 = CARTESIAN_POINT('',(-31.85,17.138015895286));
#1056 = ( GEOMETRIC_REPRESENTATION_CONTEXT(2) 
PARAMETRIC_REPRESENTATION_CONTEXT() REPRESENTATION_CONTEXT('2D SPACE',''
  ) );
#1057 = PCURVE('',#1058,#1063);
#1058 = CYLINDRICAL_SURFACE('',#1059,8.1);
#1059 = AXIS2_PLACEMENT_3D('',#1060,#1061,#1062);
#1060 = CARTESIAN_POINT('',(-23.75,17.138015895286,171.37));
#1061 = DIRECTION('',(0.,-0.,-1.));
#1062 = DIRECTION('',(-1.,-0.,0.));
#1063 = DEFINITIONAL_REPRESENTATION('',(#1064),#1068);
#1064 = LINE('',#1065,#1066);
#1065 = CARTESIAN_POINT('',(0.,9.999999999999E-02));
#1066 = VECTOR('',#1067,1.);
#1067 = DIRECTION('',(1.,0.));
#1068 = ( GEOMETRIC_REPRESENTATION_CONTEXT(2) 
PARAMETRIC_REPRESENTATION_CONTEXT() REPRESENTATION_CONTEXT('2D SPACE',''
  ) );
#1069 = ORIENTED_EDGE('',*,*,#1070,.T.);
#1070 = EDGE_CURVE('',#1038,#1071,#1073,.T.);
#1071 = VERTEX_POINT('',#1072);
#1072 = CARTESIAN_POINT('',(-22.86558082289,29.477564927611,171.27));
#1073 = SURFACE_CURVE('',#1074,(#1078,#1084),.PCURVE_S1.);
#1074 = LINE('',#1075,#1076);
#1075 = CARTESIAN_POINT('',(-13.08578643762,39.257359312881,171.27));
#1076 = VECTOR('',#1077,1.);
#1077 = DIRECTION('',(0.707106781187,0.707106781187,-0.));
#1078 = PCURVE('',#100,#1079);
#1079 = DEFINITIONAL_REPRESENTATION('',(#1080),#1083);
#1080 = B_SPLINE_CURVE_WITH_KNOTS('',1,(#1081,#1082),.UNSPECIFIED.,.F.,
  .F.,(2,2),(-23.18147545195,-13.83071785686),.PIECEWISE_BEZIER_KNOTS.);
#1081 = CARTESIAN_POINT('',(-29.47756492761,22.865580822897));
#1082 = CARTESIAN_POINT('',(-22.86558082289,29.477564927611));
#1083 = ( GEOMETRIC_REPRESENTATION_CONTEXT(2) 
PARAMETRIC_REPRESENTATION_CONTEXT() REPRESENTATION_CONTEXT('2D SPACE',''
  ) );
#1084 = PCURVE('',#1085,#1090);
#1085 = PLANE('',#1086);
#1086 = AXIS2_PLACEMENT_3D('',#1087,#1088,#1089);
#1087 = CARTESIAN_POINT('',(4.924519183085E-15,52.343145750508,169.57));
#1088 = DIRECTION('',(0.707106781187,-0.707106781187,0.));
#1089 = DIRECTION('',(-0.707106781187,-0.707106781187,0.));
#1090 = DEFINITIONAL_REPRESENTATION('',(#1091),#1094);
#1091 = B_SPLINE_CURVE_WITH_KNOTS('',1,(#1092,#1093),.UNSPECIFIED.,.F.,
  .F.,(2,2),(-23.18147545195,-13.83071785686),.PIECEWISE_BEZIER_KNOTS.);
#1092 = CARTESIAN_POINT('',(41.687572106361,-1.7));
#1093 = CARTESIAN_POINT('',(32.336814511278,-1.7));
#1094 = ( GEOMETRIC_REPRESENTATION_CONTEXT(2) 
PARAMETRIC_REPRESENTATION_CONTEXT() REPRESENTATION_CONTEXT('2D SPACE',''
  ) );
#1095 = ORIENTED_EDGE('',*,*,#1096,.F.);
#1096 = EDGE_CURVE('',#1097,#1071,#1099,.T.);
#1097 = VERTEX_POINT('',#1098);
#1098 = CARTESIAN_POINT('',(-17.13801589528,31.85,171.27));
#1099 = SURFACE_CURVE('',#1100,(#1105,#1112),.PCURVE_S1.);
#1100 = CIRCLE('',#1101,8.1);
#1101 = AXIS2_PLACEMENT_3D('',#1102,#1103,#1104);
#1102 = CARTESIAN_POINT('',(-17.13801589528,23.75,171.27));
#1103 = DIRECTION('',(0.,0.,1.));
#1104 = DIRECTION('',(-0.707106781187,0.707106781187,0.));
#1105 = PCURVE('',#100,#1106);
#1106 = DEFINITIONAL_REPRESENTATION('',(#1107),#1111);
#1107 = CIRCLE('',#1108,8.1);
#1108 = AXIS2_PLACEMENT_2D('',#1109,#1110);
#1109 = CARTESIAN_POINT('',(-17.13801589528,23.75));
#1110 = DIRECTION('',(-0.707106781187,0.707106781187));
#1111 = ( GEOMETRIC_REPRESENTATION_CONTEXT(2) 
PARAMETRIC_REPRESENTATION_CONTEXT() REPRESENTATION_CONTEXT('2D SPACE',''
  ) );
#1112 = PCURVE('',#1113,#1118);
#1113 = CYLINDRICAL_SURFACE('',#1114,8.1);
#1114 = AXIS2_PLACEMENT_3D('',#1115,#1116,#1117);
#1115 = CARTESIAN_POINT('',(-17.13801589528,23.75,169.77));
#1116 = DIRECTION('',(0.,0.,1.));
#1117 = DIRECTION('',(-0.707106781187,0.707106781187,0.));
#1118 = DEFINITIONAL_REPRESENTATION('',(#1119),#1123);
#1119 = LINE('',#1120,#1121);
#1120 = CARTESIAN_POINT('',(-6.28318530718,1.5));
#1121 = VECTOR('',#1122,1.);
#1122 = DIRECTION('',(1.,-0.));
#1123 = ( GEOMETRIC_REPRESENTATION_CONTEXT(2) 
PARAMETRIC_REPRESENTATION_CONTEXT() REPRESENTATION_CONTEXT('2D SPACE',''
  ) );
#1124 = ORIENTED_EDGE('',*,*,#1125,.T.);
#1125 = EDGE_CURVE('',#1097,#1126,#1128,.T.);
#1126 = VERTEX_POINT('',#1127);
#1127 = CARTESIAN_POINT('',(17.138015895286,31.85,171.27));
#1128 = SURFACE_CURVE('',#1129,(#1133,#1139),.PCURVE_S1.);
#1129 = LINE('',#1130,#1131);
#1130 = CARTESIAN_POINT('',(15.925,31.85,171.27));
#1131 = VECTOR('',#1132,1.);
#1132 = DIRECTION('',(1.,0.,-0.));
#1133 = PCURVE('',#100,#1134);
#1134 = DEFINITIONAL_REPRESENTATION('',(#1135),#1138);
#1135 = B_SPLINE_CURVE_WITH_KNOTS('',1,(#1136,#1137),.UNSPECIFIED.,.F.,
  .F.,(2,2),(-33.06301589528,1.213015895286),.PIECEWISE_BEZIER_KNOTS.);
#1136 = CARTESIAN_POINT('',(-17.13801589528,31.85));
#1137 = CARTESIAN_POINT('',(17.138015895286,31.85));
#1138 = ( GEOMETRIC_REPRESENTATION_CONTEXT(2) 
PARAMETRIC_REPRESENTATION_CONTEXT() REPRESENTATION_CONTEXT('2D SPACE',''
  ) );
#1139 = PCURVE('',#1140,#1145);
#1140 = PLANE('',#1141);
#1141 = AXIS2_PLACEMENT_3D('',#1142,#1143,#1144);
#1142 = CARTESIAN_POINT('',(31.85,31.85,169.77));
#1143 = DIRECTION('',(0.,-1.,0.));
#1144 = DIRECTION('',(-1.,0.,0.));
#1145 = DEFINITIONAL_REPRESENTATION('',(#1146),#1149);
#1146 = B_SPLINE_CURVE_WITH_KNOTS('',1,(#1147,#1148),.UNSPECIFIED.,.F.,
  .F.,(2,2),(-33.06301589528,1.213015895286),.PIECEWISE_BEZIER_KNOTS.);
#1147 = CARTESIAN_POINT('',(48.988015895286,-1.5));
#1148 = CARTESIAN_POINT('',(14.711984104714,-1.5));
#1149 = ( GEOMETRIC_REPRESENTATION_CONTEXT(2) 
PARAMETRIC_REPRESENTATION_CONTEXT() REPRESENTATION_CONTEXT('2D SPACE',''
  ) );
#1150 = ORIENTED_EDGE('',*,*,#1151,.T.);
#1151 = EDGE_CURVE('',#1126,#1152,#1154,.T.);
#1152 = VERTEX_POINT('',#1153);
#1153 = CARTESIAN_POINT('',(22.865580822897,29.477564927611,171.27));
#1154 = SURFACE_CURVE('',#1155,(#1160,#1171),.PCURVE_S1.);
#1155 = CIRCLE('',#1156,8.1);
#1156 = AXIS2_PLACEMENT_3D('',#1157,#1158,#1159);
#1157 = CARTESIAN_POINT('',(17.138015895286,23.75,171.27));
#1158 = DIRECTION('',(0.,0.,-1.));
#1159 = DIRECTION('',(-0.,1.,-0.));
#1160 = PCURVE('',#100,#1161);
#1161 = DEFINITIONAL_REPRESENTATION('',(#1162),#1170);
#1162 = ( BOUNDED_CURVE() B_SPLINE_CURVE(2,(#1163,#1164,#1165,#1166,
#1167,#1168,#1169),.UNSPECIFIED.,.T.,.F.) B_SPLINE_CURVE_WITH_KNOTS((1,2
    ,2,2,2,1),(-2.094395102393,0.,2.094395102393,4.188790204786,
6.28318530718,8.377580409573),.UNSPECIFIED.) CURVE() 
GEOMETRIC_REPRESENTATION_ITEM() RATIONAL_B_SPLINE_CURVE((1.,0.5,1.,0.5,
1.,0.5,1.)) REPRESENTATION_ITEM('') );
#1163 = CARTESIAN_POINT('',(17.138015895286,31.85));
#1164 = CARTESIAN_POINT('',(31.167627436593,31.85));
#1165 = CARTESIAN_POINT('',(24.15282166594,19.7));
#1166 = CARTESIAN_POINT('',(17.138015895286,7.55));
#1167 = CARTESIAN_POINT('',(10.123210124632,19.7));
#1168 = CARTESIAN_POINT('',(3.108404353978,31.85));
#1169 = CARTESIAN_POINT('',(17.138015895286,31.85));
#1170 = ( GEOMETRIC_REPRESENTATION_CONTEXT(2) 
PARAMETRIC_REPRESENTATION_CONTEXT() REPRESENTATION_CONTEXT('2D SPACE',''
  ) );
#1171 = PCURVE('',#1172,#1177);
#1172 = CYLINDRICAL_SURFACE('',#1173,8.1);
#1173 = AXIS2_PLACEMENT_3D('',#1174,#1175,#1176);
#1174 = CARTESIAN_POINT('',(17.138015895286,23.75,171.37));
#1175 = DIRECTION('',(0.,-0.,-1.));
#1176 = DIRECTION('',(-0.,1.,-0.));
#1177 = DEFINITIONAL_REPRESENTATION('',(#1178),#1182);
#1178 = LINE('',#1179,#1180);
#1179 = CARTESIAN_POINT('',(0.,9.999999999999E-02));
#1180 = VECTOR('',#1181,1.);
#1181 = DIRECTION('',(1.,0.));
#1182 = ( GEOMETRIC_REPRESENTATION_CONTEXT(2) 
PARAMETRIC_REPRESENTATION_CONTEXT() REPRESENTATION_CONTEXT('2D SPACE',''
  ) );
#1183 = ORIENTED_EDGE('',*,*,#1184,.T.);
#1184 = EDGE_CURVE('',#1152,#1185,#1187,.T.);
#1185 = VERTEX_POINT('',#1186);
#1186 = CARTESIAN_POINT('',(29.477564927611,22.865580822897,171.27));
#1187 = SURFACE_CURVE('',#1188,(#1192,#1198),.PCURVE_S1.);
#1188 = LINE('',#1189,#1190);
#1189 = CARTESIAN_POINT('',(39.257359312881,13.085786437627,171.27));
#1190 = VECTOR('',#1191,1.);
#1191 = DIRECTION('',(0.707106781187,-0.707106781187,0.));
#1192 = PCURVE('',#100,#1193);
#1193 = DEFINITIONAL_REPRESENTATION('',(#1194),#1197);
#1194 = B_SPLINE_CURVE_WITH_KNOTS('',1,(#1195,#1196),.UNSPECIFIED.,.F.,
  .F.,(2,2),(-23.18147545195,-13.83071785686),.PIECEWISE_BEZIER_KNOTS.);
#1195 = CARTESIAN_POINT('',(22.865580822897,29.477564927611));
#1196 = CARTESIAN_POINT('',(29.477564927611,22.865580822897));
#1197 = ( GEOMETRIC_REPRESENTATION_CONTEXT(2) 
PARAMETRIC_REPRESENTATION_CONTEXT() REPRESENTATION_CONTEXT('2D SPACE',''
  ) );
#1198 = PCURVE('',#1199,#1204);
#1199 = PLANE('',#1200);
#1200 = AXIS2_PLACEMENT_3D('',#1201,#1202,#1203);
#1201 = CARTESIAN_POINT('',(52.343145750508,-2.737373416048E-15,169.57)
  );
#1202 = DIRECTION('',(-0.707106781187,-0.707106781187,0.));
#1203 = DIRECTION('',(-0.707106781187,0.707106781187,0.));
#1204 = DEFINITIONAL_REPRESENTATION('',(#1205),#1208);
#1205 = B_SPLINE_CURVE_WITH_KNOTS('',1,(#1206,#1207),.UNSPECIFIED.,.F.,
  .F.,(2,2),(-23.18147545195,-13.83071785686),.PIECEWISE_BEZIER_KNOTS.);
#1206 = CARTESIAN_POINT('',(41.687572106361,-1.7));
#1207 = CARTESIAN_POINT('',(32.336814511278,-1.7));
#1208 = ( GEOMETRIC_REPRESENTATION_CONTEXT(2) 
PARAMETRIC_REPRESENTATION_CONTEXT() REPRESENTATION_CONTEXT('2D SPACE',''
  ) );
#1209 = ORIENTED_EDGE('',*,*,#1210,.F.);
#1210 = EDGE_CURVE('',#1211,#1185,#1213,.T.);
#1211 = VERTEX_POINT('',#1212);
#1212 = CARTESIAN_POINT('',(31.85,17.138015895286,171.27));
#1213 = SURFACE_CURVE('',#1214,(#1219,#1226),.PCURVE_S1.);
#1214 = CIRCLE('',#1215,8.1);
#1215 = AXIS2_PLACEMENT_3D('',#1216,#1217,#1218);
#1216 = CARTESIAN_POINT('',(23.75,17.138015895286,171.27));
#1217 = DIRECTION('',(0.,0.,1.));
#1218 = DIRECTION('',(0.707106781187,0.707106781187,-0.));
#1219 = PCURVE('',#100,#1220);
#1220 = DEFINITIONAL_REPRESENTATION('',(#1221),#1225);
#1221 = CIRCLE('',#1222,8.1);
#1222 = AXIS2_PLACEMENT_2D('',#1223,#1224);
#1223 = CARTESIAN_POINT('',(23.75,17.138015895286));
#1224 = DIRECTION('',(0.707106781187,0.707106781187));
#1225 = ( GEOMETRIC_REPRESENTATION_CONTEXT(2) 
PARAMETRIC_REPRESENTATION_CONTEXT() REPRESENTATION_CONTEXT('2D SPACE',''
  ) );
#1226 = PCURVE('',#1227,#1232);
#1227 = CYLINDRICAL_SURFACE('',#1228,8.1);
#1228 = AXIS2_PLACEMENT_3D('',#1229,#1230,#1231);
#1229 = CARTESIAN_POINT('',(23.75,17.138015895286,169.77));
#1230 = DIRECTION('',(0.,0.,1.));
#1231 = DIRECTION('',(0.707106781187,0.707106781187,-0.));
#1232 = DEFINITIONAL_REPRESENTATION('',(#1233),#1237);
#1233 = LINE('',#1234,#1235);
#1234 = CARTESIAN_POINT('',(-6.28318530718,1.5));
#1235 = VECTOR('',#1236,1.);
#1236 = DIRECTION('',(1.,-0.));
#1237 = ( GEOMETRIC_REPRESENTATION_CONTEXT(2) 
PARAMETRIC_REPRESENTATION_CONTEXT() REPRESENTATION_CONTEXT('2D SPACE',''
  ) );
#1238 = ORIENTED_EDGE('',*,*,#1239,.T.);
#1239 = EDGE_CURVE('',#1211,#1240,#1242,.T.);
#1240 = VERTEX_POINT('',#1241);
#1241 = CARTESIAN_POINT('',(31.85,-17.13801589528,171.27));
#1242 = SURFACE_CURVE('',#1243,(#1247,#1253),.PCURVE_S1.);
#1243 = LINE('',#1244,#1245);
#1244 = CARTESIAN_POINT('',(31.85,-15.925,171.27));
#1245 = VECTOR('',#1246,1.);
#1246 = DIRECTION('',(0.,-1.,0.));
#1247 = PCURVE('',#100,#1248);
#1248 = DEFINITIONAL_REPRESENTATION('',(#1249),#1252);
#1249 = B_SPLINE_CURVE_WITH_KNOTS('',1,(#1250,#1251),.UNSPECIFIED.,.F.,
  .F.,(2,2),(-33.06301589528,1.213015895286),.PIECEWISE_BEZIER_KNOTS.);
#1250 = CARTESIAN_POINT('',(31.85,17.138015895286));
#1251 = CARTESIAN_POINT('',(31.85,-17.13801589528));
#1252 = ( GEOMETRIC_REPRESENTATION_CONTEXT(2) 
PARAMETRIC_REPRESENTATION_CONTEXT() REPRESENTATION_CONTEXT('2D SPACE',''
  ) );
#1253 = PCURVE('',#1254,#1259);
#1254 = PLANE('',#1255);
#1255 = AXIS2_PLACEMENT_3D('',#1256,#1257,#1258);
#1256 = CARTESIAN_POINT('',(31.85,-31.85,169.77));
#1257 = DIRECTION('',(-1.,0.,0.));
#1258 = DIRECTION('',(0.,1.,0.));
#1259 = DEFINITIONAL_REPRESENTATION('',(#1260),#1263);
#1260 = B_SPLINE_CURVE_WITH_KNOTS('',1,(#1261,#1262),.UNSPECIFIED.,.F.,
  .F.,(2,2),(-33.06301589528,1.213015895286),.PIECEWISE_BEZIER_KNOTS.);
#1261 = CARTESIAN_POINT('',(48.988015895286,-1.5));
#1262 = CARTESIAN_POINT('',(14.711984104714,-1.5));
#1263 = ( GEOMETRIC_REPRESENTATION_CONTEXT(2) 
PARAMETRIC_REPRESENTATION_CONTEXT() REPRESENTATION_CONTEXT('2D SPACE',''
  ) );
#1264 = ORIENTED_EDGE('',*,*,#1265,.T.);
#1265 = EDGE_CURVE('',#1240,#1266,#1268,.T.);
#1266 = VERTEX_POINT('',#1267);
#1267 = CARTESIAN_POINT('',(29.477564927611,-22.86558082289,171.27));
#1268 = SURFACE_CURVE('',#1269,(#1274,#1285),.PCURVE_S1.);
#1269 = CIRCLE('',#1270,8.1);
#1270 = AXIS2_PLACEMENT_3D('',#1271,#1272,#1273);
#1271 = CARTESIAN_POINT('',(23.75,-17.13801589528,171.27));
#1272 = DIRECTION('',(0.,0.,-1.));
#1273 = DIRECTION('',(0.707106781187,-0.707106781187,0.));
#1274 = PCURVE('',#100,#1275);
#1275 = DEFINITIONAL_REPRESENTATION('',(#1276),#1284);
#1276 = ( BOUNDED_CURVE() B_SPLINE_CURVE(2,(#1277,#1278,#1279,#1280,
#1281,#1282,#1283),.UNSPECIFIED.,.T.,.F.) B_SPLINE_CURVE_WITH_KNOTS((1,2
    ,2,2,2,1),(-2.094395102393,0.,2.094395102393,4.188790204786,
6.28318530718,8.377580409573),.UNSPECIFIED.) CURVE() 
GEOMETRIC_REPRESENTATION_ITEM() RATIONAL_B_SPLINE_CURVE((1.,0.5,1.,0.5,
1.,0.5,1.)) REPRESENTATION_ITEM('') );
#1277 = CARTESIAN_POINT('',(29.477564927611,-22.86558082289));
#1278 = CARTESIAN_POINT('',(19.557131469339,-32.78601428116));
#1279 = CARTESIAN_POINT('',(15.926000807059,-19.23445016061));
#1280 = CARTESIAN_POINT('',(12.294870144778,-5.682886040063));
#1281 = CARTESIAN_POINT('',(25.84643426533,-9.314016702344));
#1282 = CARTESIAN_POINT('',(39.397998385883,-12.94514736462));
#1283 = CARTESIAN_POINT('',(29.477564927611,-22.86558082289));
#1284 = ( GEOMETRIC_REPRESENTATION_CONTEXT(2) 
PARAMETRIC_REPRESENTATION_CONTEXT() REPRESENTATION_CONTEXT('2D SPACE',''
  ) );
#1285 = PCURVE('',#1286,#1291);
#1286 = CYLINDRICAL_SURFACE('',#1287,8.1);
#1287 = AXIS2_PLACEMENT_3D('',#1288,#1289,#1290);
#1288 = CARTESIAN_POINT('',(23.75,-17.13801589528,171.37));
#1289 = DIRECTION('',(0.,0.,-1.));
#1290 = DIRECTION('',(0.707106781187,-0.707106781187,0.));
#1291 = DEFINITIONAL_REPRESENTATION('',(#1292),#1296);
#1292 = LINE('',#1293,#1294);
#1293 = CARTESIAN_POINT('',(-6.28318530718,9.999999999999E-02));
#1294 = VECTOR('',#1295,1.);
#1295 = DIRECTION('',(1.,-0.));
#1296 = ( GEOMETRIC_REPRESENTATION_CONTEXT(2) 
PARAMETRIC_REPRESENTATION_CONTEXT() REPRESENTATION_CONTEXT('2D SPACE',''
  ) );
#1297 = ORIENTED_EDGE('',*,*,#1298,.T.);
#1298 = EDGE_CURVE('',#1266,#770,#1299,.T.);
#1299 = SURFACE_CURVE('',#1300,(#1304,#1310),.PCURVE_S1.);
#1300 = LINE('',#1301,#1302);
#1301 = CARTESIAN_POINT('',(13.085786437627,-39.25735931288,171.27));
#1302 = VECTOR('',#1303,1.);
#1303 = DIRECTION('',(-0.707106781187,-0.707106781187,0.));
#1304 = PCURVE('',#100,#1305);
#1305 = DEFINITIONAL_REPRESENTATION('',(#1306),#1309);
#1306 = B_SPLINE_CURVE_WITH_KNOTS('',1,(#1307,#1308),.UNSPECIFIED.,.F.,
  .F.,(2,2),(-23.18147545195,-13.83071785686),.PIECEWISE_BEZIER_KNOTS.);
#1307 = CARTESIAN_POINT('',(29.477564927611,-22.86558082289));
#1308 = CARTESIAN_POINT('',(22.865580822897,-29.47756492761));
#1309 = ( GEOMETRIC_REPRESENTATION_CONTEXT(2) 
PARAMETRIC_REPRESENTATION_CONTEXT() REPRESENTATION_CONTEXT('2D SPACE',''
  ) );
#1310 = PCURVE('',#1311,#1316);
#1311 = PLANE('',#1312);
#1312 = AXIS2_PLACEMENT_3D('',#1313,#1314,#1315);
#1313 = CARTESIAN_POINT('',(-4.924519183085E-15,-52.3431457505,169.57));
#1314 = DIRECTION('',(-0.707106781187,0.707106781187,0.));
#1315 = DIRECTION('',(0.707106781187,0.707106781187,0.));
#1316 = DEFINITIONAL_REPRESENTATION('',(#1317),#1320);
#1317 = B_SPLINE_CURVE_WITH_KNOTS('',1,(#1318,#1319),.UNSPECIFIED.,.F.,
  .F.,(2,2),(-23.18147545195,-13.83071785686),.PIECEWISE_BEZIER_KNOTS.);
#1318 = CARTESIAN_POINT('',(41.687572106361,-1.7));
#1319 = CARTESIAN_POINT('',(32.336814511278,-1.7));
#1320 = ( GEOMETRIC_REPRESENTATION_CONTEXT(2) 
PARAMETRIC_REPRESENTATION_CONTEXT() REPRESENTATION_CONTEXT('2D SPACE',''
  ) );
#1321 = FACE_BOUND('',#1322,.T.);
#1322 = EDGE_LOOP('',(#1323));
#1323 = ORIENTED_EDGE('',*,*,#1324,.T.);
#1324 = EDGE_CURVE('',#1325,#1325,#1327,.T.);
#1325 = VERTEX_POINT('',#1326);
#1326 = CARTESIAN_POINT('',(31.,29.,171.27));
#1327 = SURFACE_CURVE('',#1328,(#1333,#1344),.PCURVE_S1.);
#1328 = CIRCLE('',#1329,2.);
#1329 = AXIS2_PLACEMENT_3D('',#1330,#1331,#1332);
#1330 = CARTESIAN_POINT('',(29.,29.,171.27));
#1331 = DIRECTION('',(0.,0.,-1.));
#1332 = DIRECTION('',(1.,0.,0.));
#1333 = PCURVE('',#100,#1334);
#1334 = DEFINITIONAL_REPRESENTATION('',(#1335),#1343);
#1335 = ( BOUNDED_CURVE() B_SPLINE_CURVE(2,(#1336,#1337,#1338,#1339,
#1340,#1341,#1342),.UNSPECIFIED.,.T.,.F.) B_SPLINE_CURVE_WITH_KNOTS((1,2
    ,2,2,2,1),(-2.094395102393,0.,2.094395102393,4.188790204786,
6.28318530718,8.377580409573),.UNSPECIFIED.) CURVE() 
GEOMETRIC_REPRESENTATION_ITEM() RATIONAL_B_SPLINE_CURVE((1.,0.5,1.,0.5,
1.,0.5,1.)) REPRESENTATION_ITEM('') );
#1336 = CARTESIAN_POINT('',(31.,29.));
#1337 = CARTESIAN_POINT('',(31.,25.535898384862));
#1338 = CARTESIAN_POINT('',(28.,27.267949192431));
#1339 = CARTESIAN_POINT('',(25.,29.));
#1340 = CARTESIAN_POINT('',(28.,30.732050807569));
#1341 = CARTESIAN_POINT('',(31.,32.464101615138));
#1342 = CARTESIAN_POINT('',(31.,29.));
#1343 = ( GEOMETRIC_REPRESENTATION_CONTEXT(2) 
PARAMETRIC_REPRESENTATION_CONTEXT() REPRESENTATION_CONTEXT('2D SPACE',''
  ) );
#1344 = PCURVE('',#1345,#1350);
#1345 = CYLINDRICAL_SURFACE('',#1346,2.);
#1346 = AXIS2_PLACEMENT_3D('',#1347,#1348,#1349);
#1347 = CARTESIAN_POINT('',(29.,29.,165.27));
#1348 = DIRECTION('',(-0.,-0.,-1.));
#1349 = DIRECTION('',(1.,0.,0.));
#1350 = DEFINITIONAL_REPRESENTATION('',(#1351),#1355);
#1351 = LINE('',#1352,#1353);
#1352 = CARTESIAN_POINT('',(-6.28318530718,-6.));
#1353 = VECTOR('',#1354,1.);
#1354 = DIRECTION('',(1.,-0.));
#1355 = ( GEOMETRIC_REPRESENTATION_CONTEXT(2) 
PARAMETRIC_REPRESENTATION_CONTEXT() REPRESENTATION_CONTEXT('2D SPACE',''
  ) );
#1356 = ADVANCED_FACE('',(#1357),#157,.F.);
#1357 = FACE_BOUND('',#1358,.F.);
#1358 = EDGE_LOOP('',(#1359,#1382,#1383));
#1359 = ORIENTED_EDGE('',*,*,#1360,.F.);
#1360 = EDGE_CURVE('',#141,#1361,#1363,.T.);
#1361 = VERTEX_POINT('',#1362);
#1362 = CARTESIAN_POINT('',(0.,-32.4,95.));
#1363 = SEAM_CURVE('',#1364,(#1368,#1375),.PCURVE_S1.);
#1364 = LINE('',#1365,#1366);
#1365 = CARTESIAN_POINT('',(-2.449293598295E-16,-33.,96.));
#1366 = VECTOR('',#1367,1.);
#1367 = DIRECTION('',(2.100251933531E-16,0.514495755428,-0.857492925713)
  );
#1368 = PCURVE('',#157,#1369);
#1369 = DEFINITIONAL_REPRESENTATION('',(#1370),#1374);
#1370 = LINE('',#1371,#1372);
#1371 = CARTESIAN_POINT('',(-6.28318530718,0.));
#1372 = VECTOR('',#1373,1.);
#1373 = DIRECTION('',(-0.,-1.));
#1374 = ( GEOMETRIC_REPRESENTATION_CONTEXT(2) 
PARAMETRIC_REPRESENTATION_CONTEXT() REPRESENTATION_CONTEXT('2D SPACE',''
  ) );
#1375 = PCURVE('',#157,#1376);
#1376 = DEFINITIONAL_REPRESENTATION('',(#1377),#1381);
#1377 = LINE('',#1378,#1379);
#1378 = CARTESIAN_POINT('',(0.,-0.));
#1379 = VECTOR('',#1380,1.);
#1380 = DIRECTION('',(-0.,-1.));
#1381 = ( GEOMETRIC_REPRESENTATION_CONTEXT(2) 
PARAMETRIC_REPRESENTATION_CONTEXT() REPRESENTATION_CONTEXT('2D SPACE',''
  ) );
#1382 = ORIENTED_EDGE('',*,*,#140,.T.);
#1383 = ORIENTED_EDGE('',*,*,#1360,.T.);
#1384 = ADVANCED_FACE('',(#1385),#327,.F.);
#1385 = FACE_BOUND('',#1386,.F.);
#1386 = EDGE_LOOP('',(#1387,#1388,#1409,#1410));
#1387 = ORIENTED_EDGE('',*,*,#311,.F.);
#1388 = ORIENTED_EDGE('',*,*,#1389,.F.);
#1389 = EDGE_CURVE('',#543,#283,#1390,.T.);
#1390 = SURFACE_CURVE('',#1391,(#1395,#1402),.PCURVE_S1.);
#1391 = LINE('',#1392,#1393);
#1392 = CARTESIAN_POINT('',(-33.,29.,171.27));
#1393 = VECTOR('',#1394,1.);
#1394 = DIRECTION('',(0.,0.,-1.));
#1395 = PCURVE('',#327,#1396);
#1396 = DEFINITIONAL_REPRESENTATION('',(#1397),#1401);
#1397 = LINE('',#1398,#1399);
#1398 = CARTESIAN_POINT('',(4.,-171.27));
#1399 = VECTOR('',#1400,1.);
#1400 = DIRECTION('',(0.,1.));
#1401 = ( GEOMETRIC_REPRESENTATION_CONTEXT(2) 
PARAMETRIC_REPRESENTATION_CONTEXT() REPRESENTATION_CONTEXT('2D SPACE',''
  ) );
#1402 = PCURVE('',#299,#1403);
#1403 = DEFINITIONAL_REPRESENTATION('',(#1404),#1408);
#1404 = LINE('',#1405,#1406);
#1405 = CARTESIAN_POINT('',(1.570796326795,171.27));
#1406 = VECTOR('',#1407,1.);
#1407 = DIRECTION('',(-0.,-1.));
#1408 = ( GEOMETRIC_REPRESENTATION_CONTEXT(2) 
PARAMETRIC_REPRESENTATION_CONTEXT() REPRESENTATION_CONTEXT('2D SPACE',''
  ) );
#1409 = ORIENTED_EDGE('',*,*,#542,.T.);
#1410 = ORIENTED_EDGE('',*,*,#439,.T.);
#1411 = ADVANCED_FACE('',(#1412,#1438),#213,.F.);
#1412 = FACE_BOUND('',#1413,.F.);
#1413 = EDGE_LOOP('',(#1414,#1415,#1416,#1417));
#1414 = ORIENTED_EDGE('',*,*,#197,.F.);
#1415 = ORIENTED_EDGE('',*,*,#494,.T.);
#1416 = ORIENTED_EDGE('',*,*,#568,.T.);
#1417 = ORIENTED_EDGE('',*,*,#1418,.F.);
#1418 = EDGE_CURVE('',#198,#569,#1419,.T.);
#1419 = SURFACE_CURVE('',#1420,(#1424,#1431),.PCURVE_S1.);
#1420 = LINE('',#1421,#1422);
#1421 = CARTESIAN_POINT('',(33.,29.,0.));
#1422 = VECTOR('',#1423,1.);
#1423 = DIRECTION('',(0.,0.,1.));
#1424 = PCURVE('',#213,#1425);
#1425 = DEFINITIONAL_REPRESENTATION('',(#1426),#1430);
#1426 = LINE('',#1427,#1428);
#1427 = CARTESIAN_POINT('',(62.,0.));
#1428 = VECTOR('',#1429,1.);
#1429 = DIRECTION('',(0.,-1.));
#1430 = ( GEOMETRIC_REPRESENTATION_CONTEXT(2) 
PARAMETRIC_REPRESENTATION_CONTEXT() REPRESENTATION_CONTEXT('2D SPACE',''
  ) );
#1431 = PCURVE('',#242,#1432);
#1432 = DEFINITIONAL_REPRESENTATION('',(#1433),#1437);
#1433 = LINE('',#1434,#1435);
#1434 = CARTESIAN_POINT('',(0.,0.));
#1435 = VECTOR('',#1436,1.);
#1436 = DIRECTION('',(0.,1.));
#1437 = ( GEOMETRIC_REPRESENTATION_CONTEXT(2) 
PARAMETRIC_REPRESENTATION_CONTEXT() REPRESENTATION_CONTEXT('2D SPACE',''
  ) );
#1438 = FACE_BOUND('',#1439,.F.);
#1439 = EDGE_LOOP('',(#1440));
#1440 = ORIENTED_EDGE('',*,*,#1441,.F.);
#1441 = EDGE_CURVE('',#1442,#1442,#1444,.T.);
#1442 = VERTEX_POINT('',#1443);
#1443 = CARTESIAN_POINT('',(33.,-14.5,16.75));
#1444 = SURFACE_CURVE('',#1445,(#1450,#1457),.PCURVE_S1.);
#1445 = CIRCLE('',#1446,3.25);
#1446 = AXIS2_PLACEMENT_3D('',#1447,#1448,#1449);
#1447 = CARTESIAN_POINT('',(33.,-14.5,20.));
#1448 = DIRECTION('',(-1.,0.,0.));
#1449 = DIRECTION('',(0.,0.,-1.));
#1450 = PCURVE('',#213,#1451);
#1451 = DEFINITIONAL_REPRESENTATION('',(#1452),#1456);
#1452 = CIRCLE('',#1453,3.25);
#1453 = AXIS2_PLACEMENT_2D('',#1454,#1455);
#1454 = CARTESIAN_POINT('',(18.5,-20.));
#1455 = DIRECTION('',(0.,1.));
#1456 = ( GEOMETRIC_REPRESENTATION_CONTEXT(2) 
PARAMETRIC_REPRESENTATION_CONTEXT() REPRESENTATION_CONTEXT('2D SPACE',''
  ) );
#1457 = PCURVE('',#1458,#1463);
#1458 = CYLINDRICAL_SURFACE('',#1459,3.25);
#1459 = AXIS2_PLACEMENT_3D('',#1460,#1461,#1462);
#1460 = CARTESIAN_POINT('',(34.,-14.5,20.));
#1461 = DIRECTION('',(-1.,0.,0.));
#1462 = DIRECTION('',(0.,0.,-1.));
#1463 = DEFINITIONAL_REPRESENTATION('',(#1464),#1468);
#1464 = LINE('',#1465,#1466);
#1465 = CARTESIAN_POINT('',(0.,1.));
#1466 = VECTOR('',#1467,1.);
#1467 = DIRECTION('',(1.,0.));
#1468 = ( GEOMETRIC_REPRESENTATION_CONTEXT(2) 
PARAMETRIC_REPRESENTATION_CONTEXT() REPRESENTATION_CONTEXT('2D SPACE',''
  ) );
#1469 = ADVANCED_FACE('',(#1470),#299,.T.);
#1470 = FACE_BOUND('',#1471,.T.);
#1471 = EDGE_LOOP('',(#1472,#1473,#1474,#1475));
#1472 = ORIENTED_EDGE('',*,*,#282,.T.);
#1473 = ORIENTED_EDGE('',*,*,#1389,.F.);
#1474 = ORIENTED_EDGE('',*,*,#638,.F.);
#1475 = ORIENTED_EDGE('',*,*,#1476,.T.);
#1476 = EDGE_CURVE('',#616,#255,#1477,.T.);
#1477 = SURFACE_CURVE('',#1478,(#1482,#1489),.PCURVE_S1.);
#1478 = LINE('',#1479,#1480);
#1479 = CARTESIAN_POINT('',(-29.,33.,171.27));
#1480 = VECTOR('',#1481,1.);
#1481 = DIRECTION('',(0.,0.,-1.));
#1482 = PCURVE('',#299,#1483);
#1483 = DEFINITIONAL_REPRESENTATION('',(#1484),#1488);
#1484 = LINE('',#1485,#1486);
#1485 = CARTESIAN_POINT('',(0.,171.27));
#1486 = VECTOR('',#1487,1.);
#1487 = DIRECTION('',(-0.,-1.));
#1488 = ( GEOMETRIC_REPRESENTATION_CONTEXT(2) 
PARAMETRIC_REPRESENTATION_CONTEXT() REPRESENTATION_CONTEXT('2D SPACE',''
  ) );
#1489 = PCURVE('',#270,#1490);
#1490 = DEFINITIONAL_REPRESENTATION('',(#1491),#1495);
#1491 = LINE('',#1492,#1493);
#1492 = CARTESIAN_POINT('',(62.,-171.27));
#1493 = VECTOR('',#1494,1.);
#1494 = DIRECTION('',(0.,1.));
#1495 = ( GEOMETRIC_REPRESENTATION_CONTEXT(2) 
PARAMETRIC_REPRESENTATION_CONTEXT() REPRESENTATION_CONTEXT('2D SPACE',''
  ) );
#1496 = ADVANCED_FACE('',(#1497),#242,.T.);
#1497 = FACE_BOUND('',#1498,.T.);
#1498 = EDGE_LOOP('',(#1499,#1500,#1501,#1522));
#1499 = ORIENTED_EDGE('',*,*,#1418,.F.);
#1500 = ORIENTED_EDGE('',*,*,#225,.T.);
#1501 = ORIENTED_EDGE('',*,*,#1502,.T.);
#1502 = EDGE_CURVE('',#226,#592,#1503,.T.);
#1503 = SURFACE_CURVE('',#1504,(#1508,#1515),.PCURVE_S1.);
#1504 = LINE('',#1505,#1506);
#1505 = CARTESIAN_POINT('',(29.,33.,0.));
#1506 = VECTOR('',#1507,1.);
#1507 = DIRECTION('',(0.,0.,1.));
#1508 = PCURVE('',#242,#1509);
#1509 = DEFINITIONAL_REPRESENTATION('',(#1510),#1514);
#1510 = LINE('',#1511,#1512);
#1511 = CARTESIAN_POINT('',(1.570796326795,0.));
#1512 = VECTOR('',#1513,1.);
#1513 = DIRECTION('',(0.,1.));
#1514 = ( GEOMETRIC_REPRESENTATION_CONTEXT(2) 
PARAMETRIC_REPRESENTATION_CONTEXT() REPRESENTATION_CONTEXT('2D SPACE',''
  ) );
#1515 = PCURVE('',#270,#1516);
#1516 = DEFINITIONAL_REPRESENTATION('',(#1517),#1521);
#1517 = LINE('',#1518,#1519);
#1518 = CARTESIAN_POINT('',(4.,0.));
#1519 = VECTOR('',#1520,1.);
#1520 = DIRECTION('',(0.,-1.));
#1521 = ( GEOMETRIC_REPRESENTATION_CONTEXT(2) 
PARAMETRIC_REPRESENTATION_CONTEXT() REPRESENTATION_CONTEXT('2D SPACE',''
  ) );
#1522 = ORIENTED_EDGE('',*,*,#591,.F.);
#1523 = ADVANCED_FACE('',(#1524,#1530),#270,.F.);
#1524 = FACE_BOUND('',#1525,.F.);
#1525 = EDGE_LOOP('',(#1526,#1527,#1528,#1529));
#1526 = ORIENTED_EDGE('',*,*,#254,.F.);
#1527 = ORIENTED_EDGE('',*,*,#1502,.T.);
#1528 = ORIENTED_EDGE('',*,*,#615,.T.);
#1529 = ORIENTED_EDGE('',*,*,#1476,.T.);
#1530 = FACE_BOUND('',#1531,.F.);
#1531 = EDGE_LOOP('',(#1532,#1560,#1585,#1611));
#1532 = ORIENTED_EDGE('',*,*,#1533,.T.);
#1533 = EDGE_CURVE('',#1534,#1536,#1538,.T.);
#1534 = VERTEX_POINT('',#1535);
#1535 = CARTESIAN_POINT('',(8.32112603094,33.,48.135));
#1536 = VERTEX_POINT('',#1537);
#1537 = CARTESIAN_POINT('',(-8.32112603094,33.,48.135));
#1538 = SURFACE_CURVE('',#1539,(#1543,#1549),.PCURVE_S1.);
#1539 = LINE('',#1540,#1541);
#1540 = CARTESIAN_POINT('',(12.403266771764,33.,48.135));
#1541 = VECTOR('',#1542,1.);
#1542 = DIRECTION('',(-1.,0.,0.));
#1543 = PCURVE('',#270,#1544);
#1544 = DEFINITIONAL_REPRESENTATION('',(#1545),#1548);
#1545 = B_SPLINE_CURVE_WITH_KNOTS('',1,(#1546,#1547),.UNSPECIFIED.,.F.,
  .F.,(2,2),(3.384824446656,22.505792227152),.PIECEWISE_BEZIER_KNOTS.);
#1546 = CARTESIAN_POINT('',(23.981557674892,-48.135));
#1547 = CARTESIAN_POINT('',(43.102525455388,-48.135));
#1548 = ( GEOMETRIC_REPRESENTATION_CONTEXT(2) 
PARAMETRIC_REPRESENTATION_CONTEXT() REPRESENTATION_CONTEXT('2D SPACE',''
  ) );
#1549 = PCURVE('',#1550,#1555);
#1550 = PLANE('',#1551);
#1551 = AXIS2_PLACEMENT_3D('',#1552,#1553,#1554);
#1552 = CARTESIAN_POINT('',(-8.193466456472,32.8,48.135));
#1553 = DIRECTION('',(0.,-0.,1.));
#1554 = DIRECTION('',(0.971848527729,0.23560653461,0.));
#1555 = DEFINITIONAL_REPRESENTATION('',(#1556),#1559);
#1556 = B_SPLINE_CURVE_WITH_KNOTS('',1,(#1557,#1558),.UNSPECIFIED.,.F.,
  .F.,(2,2),(3.384824446656,22.505792227152),.PIECEWISE_BEZIER_KNOTS.);
#1557 = CARTESIAN_POINT('',(16.774489515709,-3.860868476498));
#1558 = CARTESIAN_POINT('',(-1.808194870522,0.644156480646));
#1559 = ( GEOMETRIC_REPRESENTATION_CONTEXT(2) 
PARAMETRIC_REPRESENTATION_CONTEXT() REPRESENTATION_CONTEXT('2D SPACE',''
  ) );
#1560 = ORIENTED_EDGE('',*,*,#1561,.T.);
#1561 = EDGE_CURVE('',#1536,#1562,#1564,.T.);
#1562 = VERTEX_POINT('',#1563);
#1563 = CARTESIAN_POINT('',(-8.627659574468,33.,123.135));
#1564 = SURFACE_CURVE('',#1565,(#1568,#1574),.PCURVE_S1.);
#1565 = B_SPLINE_CURVE_WITH_KNOTS('',1,(#1566,#1567),.UNSPECIFIED.,.F.,
  .F.,(2,2),(0.,1.),.PIECEWISE_BEZIER_KNOTS.);
#1566 = CARTESIAN_POINT('',(-8.32112603094,33.,48.135));
#1567 = CARTESIAN_POINT('',(-8.627659574468,33.,123.135));
#1568 = PCURVE('',#270,#1569);
#1569 = DEFINITIONAL_REPRESENTATION('',(#1570),#1573);
#1570 = B_SPLINE_CURVE_WITH_KNOTS('',1,(#1571,#1572),.UNSPECIFIED.,.F.,
  .F.,(2,2),(0.,1.),.PIECEWISE_BEZIER_KNOTS.);
#1571 = CARTESIAN_POINT('',(41.32112603094,-48.135));
#1572 = CARTESIAN_POINT('',(41.627659574468,-123.135));
#1573 = ( GEOMETRIC_REPRESENTATION_CONTEXT(2) 
PARAMETRIC_REPRESENTATION_CONTEXT() REPRESENTATION_CONTEXT('2D SPACE',''
  ) );
#1574 = PCURVE('',#1575,#1580);
#1575 = B_SPLINE_SURFACE_WITH_KNOTS('',1,1,(
    (#1576,#1577)
    ,(#1578,#1579
    )),.UNSPECIFIED.,.F.,.F.,.F.,(2,2),(2,2),(0.,5.57584074378),(0.,1.),
  .PIECEWISE_BEZIER_KNOTS.);
#1576 = CARTESIAN_POINT('',(-8.193466456472,32.8,48.135));
#1577 = CARTESIAN_POINT('',(-8.5,32.8,123.135));
#1578 = CARTESIAN_POINT('',(-11.19346645647,37.5,48.135));
#1579 = CARTESIAN_POINT('',(-11.5,37.5,123.135));
#1580 = DEFINITIONAL_REPRESENTATION('',(#1581),#1584);
#1581 = B_SPLINE_CURVE_WITH_KNOTS('',1,(#1582,#1583),.UNSPECIFIED.,.F.,
  .F.,(2,2),(0.,1.),.PIECEWISE_BEZIER_KNOTS.);
#1582 = CARTESIAN_POINT('',(0.237269818884,0.));
#1583 = CARTESIAN_POINT('',(0.237269818884,1.));
#1584 = ( GEOMETRIC_REPRESENTATION_CONTEXT(2) 
PARAMETRIC_REPRESENTATION_CONTEXT() REPRESENTATION_CONTEXT('2D SPACE',''
  ) );
#1585 = ORIENTED_EDGE('',*,*,#1586,.F.);
#1586 = EDGE_CURVE('',#1587,#1562,#1589,.T.);
#1587 = VERTEX_POINT('',#1588);
#1588 = CARTESIAN_POINT('',(8.627659574468,33.,123.135));
#1589 = SURFACE_CURVE('',#1590,(#1594,#1600),.PCURVE_S1.);
#1590 = LINE('',#1591,#1592);
#1591 = CARTESIAN_POINT('',(12.25,33.,123.135));
#1592 = VECTOR('',#1593,1.);
#1593 = DIRECTION('',(-1.,0.,0.));
#1594 = PCURVE('',#270,#1595);
#1595 = DEFINITIONAL_REPRESENTATION('',(#1596),#1599);
#1596 = B_SPLINE_CURVE_WITH_KNOTS('',1,(#1597,#1598),.UNSPECIFIED.,.F.,
  .F.,(2,2),(2.898936170213,22.6925),.PIECEWISE_BEZIER_KNOTS.);
#1597 = CARTESIAN_POINT('',(23.648936170213,-123.135));
#1598 = CARTESIAN_POINT('',(43.4425,-123.135));
#1599 = ( GEOMETRIC_REPRESENTATION_CONTEXT(2) 
PARAMETRIC_REPRESENTATION_CONTEXT() REPRESENTATION_CONTEXT('2D SPACE',''
  ) );
#1600 = PCURVE('',#1601,#1606);
#1601 = PLANE('',#1602);
#1602 = AXIS2_PLACEMENT_3D('',#1603,#1604,#1605);
#1603 = CARTESIAN_POINT('',(-8.5,32.8,123.135));
#1604 = DIRECTION('',(0.,-0.,1.));
#1605 = DIRECTION('',(0.973480965345,0.228768026856,0.));
#1606 = DEFINITIONAL_REPRESENTATION('',(#1607),#1610);
#1607 = B_SPLINE_CURVE_WITH_KNOTS('',1,(#1608,#1609),.UNSPECIFIED.,.F.,
  .F.,(2,2),(2.898936170213,22.6925),.PIECEWISE_BEZIER_KNOTS.);
#1608 = CARTESIAN_POINT('',(17.423424454822,-3.889056456552));
#1609 = CARTESIAN_POINT('',(-1.845233169811,0.639078085237));
#1610 = ( GEOMETRIC_REPRESENTATION_CONTEXT(2) 
PARAMETRIC_REPRESENTATION_CONTEXT() REPRESENTATION_CONTEXT('2D SPACE',''
  ) );
#1611 = ORIENTED_EDGE('',*,*,#1612,.F.);
#1612 = EDGE_CURVE('',#1534,#1587,#1613,.T.);
#1613 = SURFACE_CURVE('',#1614,(#1617,#1623),.PCURVE_S1.);
#1614 = B_SPLINE_CURVE_WITH_KNOTS('',1,(#1615,#1616),.UNSPECIFIED.,.F.,
  .F.,(2,2),(0.,1.),.PIECEWISE_BEZIER_KNOTS.);
#1615 = CARTESIAN_POINT('',(8.32112603094,33.,48.135));
#1616 = CARTESIAN_POINT('',(8.627659574468,33.,123.135));
#1617 = PCURVE('',#270,#1618);
#1618 = DEFINITIONAL_REPRESENTATION('',(#1619),#1622);
#1619 = B_SPLINE_CURVE_WITH_KNOTS('',1,(#1620,#1621),.UNSPECIFIED.,.F.,
  .F.,(2,2),(0.,1.),.PIECEWISE_BEZIER_KNOTS.);
#1620 = CARTESIAN_POINT('',(24.67887396906,-48.135));
#1621 = CARTESIAN_POINT('',(24.372340425532,-123.135));
#1622 = ( GEOMETRIC_REPRESENTATION_CONTEXT(2) 
PARAMETRIC_REPRESENTATION_CONTEXT() REPRESENTATION_CONTEXT('2D SPACE',''
  ) );
#1623 = PCURVE('',#1624,#1629);
#1624 = B_SPLINE_SURFACE_WITH_KNOTS('',1,1,(
    (#1625,#1626)
    ,(#1627,#1628
    )),.UNSPECIFIED.,.F.,.F.,.F.,(2,2),(2,2),(0.,5.57584074378),(0.,1.),
  .PIECEWISE_BEZIER_KNOTS.);
#1625 = CARTESIAN_POINT('',(11.193466456472,37.5,48.135));
#1626 = CARTESIAN_POINT('',(11.5,37.5,123.135));
#1627 = CARTESIAN_POINT('',(8.193466456472,32.8,48.135));
#1628 = CARTESIAN_POINT('',(8.5,32.8,123.135));
#1629 = DEFINITIONAL_REPRESENTATION('',(#1630),#1633);
#1630 = B_SPLINE_CURVE_WITH_KNOTS('',1,(#1631,#1632),.UNSPECIFIED.,.F.,
  .F.,(2,2),(0.,1.),.PIECEWISE_BEZIER_KNOTS.);
#1631 = CARTESIAN_POINT('',(5.338570924896,0.));
#1632 = CARTESIAN_POINT('',(5.338570924896,1.));
#1633 = ( GEOMETRIC_REPRESENTATION_CONTEXT(2) 
PARAMETRIC_REPRESENTATION_CONTEXT() REPRESENTATION_CONTEXT('2D SPACE',''
  ) );
#1634 = ADVANCED_FACE('',(#1635),#388,.F.);
#1635 = FACE_BOUND('',#1636,.T.);
#1636 = EDGE_LOOP('',(#1637,#1638,#1661,#1692));
#1637 = ORIENTED_EDGE('',*,*,#367,.T.);
#1638 = ORIENTED_EDGE('',*,*,#1639,.T.);
#1639 = EDGE_CURVE('',#368,#1640,#1642,.T.);
#1640 = VERTEX_POINT('',#1641);
#1641 = CARTESIAN_POINT('',(-5.75,-15.,3.));
#1642 = SEAM_CURVE('',#1643,(#1647,#1654),.PCURVE_S1.);
#1643 = LINE('',#1644,#1645);
#1644 = CARTESIAN_POINT('',(-5.75,-15.,-1.));
#1645 = VECTOR('',#1646,1.);
#1646 = DIRECTION('',(0.,0.,1.));
#1647 = PCURVE('',#388,#1648);
#1648 = DEFINITIONAL_REPRESENTATION('',(#1649),#1653);
#1649 = LINE('',#1650,#1651);
#1650 = CARTESIAN_POINT('',(-6.28318530718,0.));
#1651 = VECTOR('',#1652,1.);
#1652 = DIRECTION('',(-0.,-1.));
#1653 = ( GEOMETRIC_REPRESENTATION_CONTEXT(2) 
PARAMETRIC_REPRESENTATION_CONTEXT() REPRESENTATION_CONTEXT('2D SPACE',''
  ) );
#1654 = PCURVE('',#388,#1655);
#1655 = DEFINITIONAL_REPRESENTATION('',(#1656),#1660);
#1656 = LINE('',#1657,#1658);
#1657 = CARTESIAN_POINT('',(-0.,0.));
#1658 = VECTOR('',#1659,1.);
#1659 = DIRECTION('',(-0.,-1.));
#1660 = ( GEOMETRIC_REPRESENTATION_CONTEXT(2) 
PARAMETRIC_REPRESENTATION_CONTEXT() REPRESENTATION_CONTEXT('2D SPACE',''
  ) );
#1661 = ORIENTED_EDGE('',*,*,#1662,.F.);
#1662 = EDGE_CURVE('',#1640,#1640,#1663,.T.);
#1663 = SURFACE_CURVE('',#1664,(#1669,#1676),.PCURVE_S1.);
#1664 = CIRCLE('',#1665,6.25);
#1665 = AXIS2_PLACEMENT_3D('',#1666,#1667,#1668);
#1666 = CARTESIAN_POINT('',(-12.,-15.,3.));
#1667 = DIRECTION('',(0.,0.,-1.));
#1668 = DIRECTION('',(1.,0.,0.));
#1669 = PCURVE('',#388,#1670);
#1670 = DEFINITIONAL_REPRESENTATION('',(#1671),#1675);
#1671 = LINE('',#1672,#1673);
#1672 = CARTESIAN_POINT('',(-6.28318530718,-4.));
#1673 = VECTOR('',#1674,1.);
#1674 = DIRECTION('',(1.,-0.));
#1675 = ( GEOMETRIC_REPRESENTATION_CONTEXT(2) 
PARAMETRIC_REPRESENTATION_CONTEXT() REPRESENTATION_CONTEXT('2D SPACE',''
  ) );
#1676 = PCURVE('',#1677,#1682);
#1677 = PLANE('',#1678);
#1678 = AXIS2_PLACEMENT_3D('',#1679,#1680,#1681);
#1679 = CARTESIAN_POINT('',(0.,0.,3.));
#1680 = DIRECTION('',(0.,0.,1.));
#1681 = DIRECTION('',(1.,0.,-0.));
#1682 = DEFINITIONAL_REPRESENTATION('',(#1683),#1691);
#1683 = ( BOUNDED_CURVE() B_SPLINE_CURVE(2,(#1684,#1685,#1686,#1687,
#1688,#1689,#1690),.UNSPECIFIED.,.T.,.F.) B_SPLINE_CURVE_WITH_KNOTS((1,2
    ,2,2,2,1),(-2.094395102393,0.,2.094395102393,4.188790204786,
6.28318530718,8.377580409573),.UNSPECIFIED.) CURVE() 
GEOMETRIC_REPRESENTATION_ITEM() RATIONAL_B_SPLINE_CURVE((1.,0.5,1.,0.5,
1.,0.5,1.)) REPRESENTATION_ITEM('') );
#1684 = CARTESIAN_POINT('',(-5.75,-15.));
#1685 = CARTESIAN_POINT('',(-5.75,-25.8253175473));
#1686 = CARTESIAN_POINT('',(-15.125,-20.41265877365));
#1687 = CARTESIAN_POINT('',(-24.5,-15.));
#1688 = CARTESIAN_POINT('',(-15.125,-9.587341226347));
#1689 = CARTESIAN_POINT('',(-5.75,-4.174682452695));
#1690 = CARTESIAN_POINT('',(-5.75,-15.));
#1691 = ( GEOMETRIC_REPRESENTATION_CONTEXT(2) 
PARAMETRIC_REPRESENTATION_CONTEXT() REPRESENTATION_CONTEXT('2D SPACE',''
  ) );
#1692 = ORIENTED_EDGE('',*,*,#1639,.F.);
#1693 = ADVANCED_FACE('',(#1694),#423,.F.);
#1694 = FACE_BOUND('',#1695,.T.);
#1695 = EDGE_LOOP('',(#1696,#1697,#1720,#1746));
#1696 = ORIENTED_EDGE('',*,*,#402,.T.);
#1697 = ORIENTED_EDGE('',*,*,#1698,.T.);
#1698 = EDGE_CURVE('',#403,#1699,#1701,.T.);
#1699 = VERTEX_POINT('',#1700);
#1700 = CARTESIAN_POINT('',(18.1,-15.,3.));
#1701 = SEAM_CURVE('',#1702,(#1706,#1713),.PCURVE_S1.);
#1702 = LINE('',#1703,#1704);
#1703 = CARTESIAN_POINT('',(18.1,-15.,-1.));
#1704 = VECTOR('',#1705,1.);
#1705 = DIRECTION('',(0.,0.,1.));
#1706 = PCURVE('',#423,#1707);
#1707 = DEFINITIONAL_REPRESENTATION('',(#1708),#1712);
#1708 = LINE('',#1709,#1710);
#1709 = CARTESIAN_POINT('',(-6.28318530718,0.));
#1710 = VECTOR('',#1711,1.);
#1711 = DIRECTION('',(-0.,-1.));
#1712 = ( GEOMETRIC_REPRESENTATION_CONTEXT(2) 
PARAMETRIC_REPRESENTATION_CONTEXT() REPRESENTATION_CONTEXT('2D SPACE',''
  ) );
#1713 = PCURVE('',#423,#1714);
#1714 = DEFINITIONAL_REPRESENTATION('',(#1715),#1719);
#1715 = LINE('',#1716,#1717);
#1716 = CARTESIAN_POINT('',(-0.,0.));
#1717 = VECTOR('',#1718,1.);
#1718 = DIRECTION('',(-0.,-1.));
#1719 = ( GEOMETRIC_REPRESENTATION_CONTEXT(2) 
PARAMETRIC_REPRESENTATION_CONTEXT() REPRESENTATION_CONTEXT('2D SPACE',''
  ) );
#1720 = ORIENTED_EDGE('',*,*,#1721,.F.);
#1721 = EDGE_CURVE('',#1699,#1699,#1722,.T.);
#1722 = SURFACE_CURVE('',#1723,(#1728,#1735),.PCURVE_S1.);
#1723 = CIRCLE('',#1724,6.1);
#1724 = AXIS2_PLACEMENT_3D('',#1725,#1726,#1727);
#1725 = CARTESIAN_POINT('',(12.,-15.,3.));
#1726 = DIRECTION('',(0.,0.,-1.));
#1727 = DIRECTION('',(1.,0.,0.));
#1728 = PCURVE('',#423,#1729);
#1729 = DEFINITIONAL_REPRESENTATION('',(#1730),#1734);
#1730 = LINE('',#1731,#1732);
#1731 = CARTESIAN_POINT('',(-6.28318530718,-4.));
#1732 = VECTOR('',#1733,1.);
#1733 = DIRECTION('',(1.,-0.));
#1734 = ( GEOMETRIC_REPRESENTATION_CONTEXT(2) 
PARAMETRIC_REPRESENTATION_CONTEXT() REPRESENTATION_CONTEXT('2D SPACE',''
  ) );
#1735 = PCURVE('',#1677,#1736);
#1736 = DEFINITIONAL_REPRESENTATION('',(#1737),#1745);
#1737 = ( BOUNDED_CURVE() B_SPLINE_CURVE(2,(#1738,#1739,#1740,#1741,
#1742,#1743,#1744),.UNSPECIFIED.,.T.,.F.) B_SPLINE_CURVE_WITH_KNOTS((1,2
    ,2,2,2,1),(-2.094395102393,0.,2.094395102393,4.188790204786,
6.28318530718,8.377580409573),.UNSPECIFIED.) CURVE() 
GEOMETRIC_REPRESENTATION_ITEM() RATIONAL_B_SPLINE_CURVE((1.,0.5,1.,0.5,
1.,0.5,1.)) REPRESENTATION_ITEM('') );
#1738 = CARTESIAN_POINT('',(18.1,-15.));
#1739 = CARTESIAN_POINT('',(18.1,-25.56550992617));
#1740 = CARTESIAN_POINT('',(8.95,-20.28275496308));
#1741 = CARTESIAN_POINT('',(-0.2,-15.));
#1742 = CARTESIAN_POINT('',(8.95,-9.717245036915));
#1743 = CARTESIAN_POINT('',(18.1,-4.43449007383));
#1744 = CARTESIAN_POINT('',(18.1,-15.));
#1745 = ( GEOMETRIC_REPRESENTATION_CONTEXT(2) 
PARAMETRIC_REPRESENTATION_CONTEXT() REPRESENTATION_CONTEXT('2D SPACE',''
  ) );
#1746 = ORIENTED_EDGE('',*,*,#1698,.F.);
#1747 = ADVANCED_FACE('',(#1748),#683,.F.);
#1748 = FACE_BOUND('',#1749,.T.);
#1749 = EDGE_LOOP('',(#1750,#1779,#1800,#1801));
#1750 = ORIENTED_EDGE('',*,*,#1751,.F.);
#1751 = EDGE_CURVE('',#1752,#1752,#1754,.T.);
#1752 = VERTEX_POINT('',#1753);
#1753 = CARTESIAN_POINT('',(-27.,-29.,165.27));
#1754 = SURFACE_CURVE('',#1755,(#1760,#1767),.PCURVE_S1.);
#1755 = CIRCLE('',#1756,2.);
#1756 = AXIS2_PLACEMENT_3D('',#1757,#1758,#1759);
#1757 = CARTESIAN_POINT('',(-29.,-29.,165.27));
#1758 = DIRECTION('',(0.,0.,1.));
#1759 = DIRECTION('',(1.,0.,0.));
#1760 = PCURVE('',#683,#1761);
#1761 = DEFINITIONAL_REPRESENTATION('',(#1762),#1766);
#1762 = LINE('',#1763,#1764);
#1763 = CARTESIAN_POINT('',(-0.,0.));
#1764 = VECTOR('',#1765,1.);
#1765 = DIRECTION('',(-1.,0.));
#1766 = ( GEOMETRIC_REPRESENTATION_CONTEXT(2) 
PARAMETRIC_REPRESENTATION_CONTEXT() REPRESENTATION_CONTEXT('2D SPACE',''
  ) );
#1767 = PCURVE('',#1768,#1773);
#1768 = PLANE('',#1769);
#1769 = AXIS2_PLACEMENT_3D('',#1770,#1771,#1772);
#1770 = CARTESIAN_POINT('',(-29.,-29.,165.27));
#1771 = DIRECTION('',(0.,0.,1.));
#1772 = DIRECTION('',(1.,0.,-0.));
#1773 = DEFINITIONAL_REPRESENTATION('',(#1774),#1778);
#1774 = CIRCLE('',#1775,2.);
#1775 = AXIS2_PLACEMENT_2D('',#1776,#1777);
#1776 = CARTESIAN_POINT('',(0.,0.));
#1777 = DIRECTION('',(1.,0.));
#1778 = ( GEOMETRIC_REPRESENTATION_CONTEXT(2) 
PARAMETRIC_REPRESENTATION_CONTEXT() REPRESENTATION_CONTEXT('2D SPACE',''
  ) );
#1779 = ORIENTED_EDGE('',*,*,#1780,.T.);
#1780 = EDGE_CURVE('',#1752,#663,#1781,.T.);
#1781 = SEAM_CURVE('',#1782,(#1786,#1793),.PCURVE_S1.);
#1782 = LINE('',#1783,#1784);
#1783 = CARTESIAN_POINT('',(-27.,-29.,165.27));
#1784 = VECTOR('',#1785,1.);
#1785 = DIRECTION('',(0.,0.,1.));
#1786 = PCURVE('',#683,#1787);
#1787 = DEFINITIONAL_REPRESENTATION('',(#1788),#1792);
#1788 = LINE('',#1789,#1790);
#1789 = CARTESIAN_POINT('',(-6.28318530718,0.));
#1790 = VECTOR('',#1791,1.);
#1791 = DIRECTION('',(-0.,-1.));
#1792 = ( GEOMETRIC_REPRESENTATION_CONTEXT(2) 
PARAMETRIC_REPRESENTATION_CONTEXT() REPRESENTATION_CONTEXT('2D SPACE',''
  ) );
#1793 = PCURVE('',#683,#1794);
#1794 = DEFINITIONAL_REPRESENTATION('',(#1795),#1799);
#1795 = LINE('',#1796,#1797);
#1796 = CARTESIAN_POINT('',(-0.,0.));
#1797 = VECTOR('',#1798,1.);
#1798 = DIRECTION('',(-0.,-1.));
#1799 = ( GEOMETRIC_REPRESENTATION_CONTEXT(2) 
PARAMETRIC_REPRESENTATION_CONTEXT() REPRESENTATION_CONTEXT('2D SPACE',''
  ) );
#1800 = ORIENTED_EDGE('',*,*,#662,.F.);
#1801 = ORIENTED_EDGE('',*,*,#1780,.F.);
#1802 = ADVANCED_FACE('',(#1803),#718,.F.);
#1803 = FACE_BOUND('',#1804,.T.);
#1804 = EDGE_LOOP('',(#1805,#1834,#1855,#1856));
#1805 = ORIENTED_EDGE('',*,*,#1806,.F.);
#1806 = EDGE_CURVE('',#1807,#1807,#1809,.T.);
#1807 = VERTEX_POINT('',#1808);
#1808 = CARTESIAN_POINT('',(31.,-29.,165.27));
#1809 = SURFACE_CURVE('',#1810,(#1815,#1822),.PCURVE_S1.);
#1810 = CIRCLE('',#1811,2.);
#1811 = AXIS2_PLACEMENT_3D('',#1812,#1813,#1814);
#1812 = CARTESIAN_POINT('',(29.,-29.,165.27));
#1813 = DIRECTION('',(0.,0.,1.));
#1814 = DIRECTION('',(1.,0.,0.));
#1815 = PCURVE('',#718,#1816);
#1816 = DEFINITIONAL_REPRESENTATION('',(#1817),#1821);
#1817 = LINE('',#1818,#1819);
#1818 = CARTESIAN_POINT('',(-0.,0.));
#1819 = VECTOR('',#1820,1.);
#1820 = DIRECTION('',(-1.,0.));
#1821 = ( GEOMETRIC_REPRESENTATION_CONTEXT(2) 
PARAMETRIC_REPRESENTATION_CONTEXT() REPRESENTATION_CONTEXT('2D SPACE',''
  ) );
#1822 = PCURVE('',#1823,#1828);
#1823 = PLANE('',#1824);
#1824 = AXIS2_PLACEMENT_3D('',#1825,#1826,#1827);
#1825 = CARTESIAN_POINT('',(29.,-29.,165.27));
#1826 = DIRECTION('',(0.,0.,1.));
#1827 = DIRECTION('',(1.,0.,-0.));
#1828 = DEFINITIONAL_REPRESENTATION('',(#1829),#1833);
#1829 = CIRCLE('',#1830,2.);
#1830 = AXIS2_PLACEMENT_2D('',#1831,#1832);
#1831 = CARTESIAN_POINT('',(0.,0.));
#1832 = DIRECTION('',(1.,0.));
#1833 = ( GEOMETRIC_REPRESENTATION_CONTEXT(2) 
PARAMETRIC_REPRESENTATION_CONTEXT() REPRESENTATION_CONTEXT('2D SPACE',''
  ) );
#1834 = ORIENTED_EDGE('',*,*,#1835,.T.);
#1835 = EDGE_CURVE('',#1807,#698,#1836,.T.);
#1836 = SEAM_CURVE('',#1837,(#1841,#1848),.PCURVE_S1.);
#1837 = LINE('',#1838,#1839);
#1838 = CARTESIAN_POINT('',(31.,-29.,165.27));
#1839 = VECTOR('',#1840,1.);
#1840 = DIRECTION('',(0.,0.,1.));
#1841 = PCURVE('',#718,#1842);
#1842 = DEFINITIONAL_REPRESENTATION('',(#1843),#1847);
#1843 = LINE('',#1844,#1845);
#1844 = CARTESIAN_POINT('',(-6.28318530718,0.));
#1845 = VECTOR('',#1846,1.);
#1846 = DIRECTION('',(-0.,-1.));
#1847 = ( GEOMETRIC_REPRESENTATION_CONTEXT(2) 
PARAMETRIC_REPRESENTATION_CONTEXT() REPRESENTATION_CONTEXT('2D SPACE',''
  ) );
#1848 = PCURVE('',#718,#1849);
#1849 = DEFINITIONAL_REPRESENTATION('',(#1850),#1854);
#1850 = LINE('',#1851,#1852);
#1851 = CARTESIAN_POINT('',(-0.,0.));
#1852 = VECTOR('',#1853,1.);
#1853 = DIRECTION('',(-0.,-1.));
#1854 = ( GEOMETRIC_REPRESENTATION_CONTEXT(2) 
PARAMETRIC_REPRESENTATION_CONTEXT() REPRESENTATION_CONTEXT('2D SPACE',''
  ) );
#1855 = ORIENTED_EDGE('',*,*,#697,.F.);
#1856 = ORIENTED_EDGE('',*,*,#1835,.F.);
#1857 = ADVANCED_FACE('',(#1858),#753,.F.);
#1858 = FACE_BOUND('',#1859,.T.);
#1859 = EDGE_LOOP('',(#1860,#1889,#1910,#1911));
#1860 = ORIENTED_EDGE('',*,*,#1861,.F.);
#1861 = EDGE_CURVE('',#1862,#1862,#1864,.T.);
#1862 = VERTEX_POINT('',#1863);
#1863 = CARTESIAN_POINT('',(-27.,29.,165.27));
#1864 = SURFACE_CURVE('',#1865,(#1870,#1877),.PCURVE_S1.);
#1865 = CIRCLE('',#1866,2.);
#1866 = AXIS2_PLACEMENT_3D('',#1867,#1868,#1869);
#1867 = CARTESIAN_POINT('',(-29.,29.,165.27));
#1868 = DIRECTION('',(0.,0.,1.));
#1869 = DIRECTION('',(1.,0.,0.));
#1870 = PCURVE('',#753,#1871);
#1871 = DEFINITIONAL_REPRESENTATION('',(#1872),#1876);
#1872 = LINE('',#1873,#1874);
#1873 = CARTESIAN_POINT('',(-0.,0.));
#1874 = VECTOR('',#1875,1.);
#1875 = DIRECTION('',(-1.,0.));
#1876 = ( GEOMETRIC_REPRESENTATION_CONTEXT(2) 
PARAMETRIC_REPRESENTATION_CONTEXT() REPRESENTATION_CONTEXT('2D SPACE',''
  ) );
#1877 = PCURVE('',#1878,#1883);
#1878 = PLANE('',#1879);
#1879 = AXIS2_PLACEMENT_3D('',#1880,#1881,#1882);
#1880 = CARTESIAN_POINT('',(-29.,29.,165.27));
#1881 = DIRECTION('',(0.,0.,1.));
#1882 = DIRECTION('',(1.,0.,-0.));
#1883 = DEFINITIONAL_REPRESENTATION('',(#1884),#1888);
#1884 = CIRCLE('',#1885,2.);
#1885 = AXIS2_PLACEMENT_2D('',#1886,#1887);
#1886 = CARTESIAN_POINT('',(0.,0.));
#1887 = DIRECTION('',(1.,0.));
#1888 = ( GEOMETRIC_REPRESENTATION_CONTEXT(2) 
PARAMETRIC_REPRESENTATION_CONTEXT() REPRESENTATION_CONTEXT('2D SPACE',''
  ) );
#1889 = ORIENTED_EDGE('',*,*,#1890,.T.);
#1890 = EDGE_CURVE('',#1862,#733,#1891,.T.);
#1891 = SEAM_CURVE('',#1892,(#1896,#1903),.PCURVE_S1.);
#1892 = LINE('',#1893,#1894);
#1893 = CARTESIAN_POINT('',(-27.,29.,165.27));
#1894 = VECTOR('',#1895,1.);
#1895 = DIRECTION('',(0.,0.,1.));
#1896 = PCURVE('',#753,#1897);
#1897 = DEFINITIONAL_REPRESENTATION('',(#1898),#1902);
#1898 = LINE('',#1899,#1900);
#1899 = CARTESIAN_POINT('',(-6.28318530718,0.));
#1900 = VECTOR('',#1901,1.);
#1901 = DIRECTION('',(-0.,-1.));
#1902 = ( GEOMETRIC_REPRESENTATION_CONTEXT(2) 
PARAMETRIC_REPRESENTATION_CONTEXT() REPRESENTATION_CONTEXT('2D SPACE',''
  ) );
#1903 = PCURVE('',#753,#1904);
#1904 = DEFINITIONAL_REPRESENTATION('',(#1905),#1909);
#1905 = LINE('',#1906,#1907);
#1906 = CARTESIAN_POINT('',(-0.,0.));
#1907 = VECTOR('',#1908,1.);
#1908 = DIRECTION('',(-0.,-1.));
#1909 = ( GEOMETRIC_REPRESENTATION_CONTEXT(2) 
PARAMETRIC_REPRESENTATION_CONTEXT() REPRESENTATION_CONTEXT('2D SPACE',''
  ) );
#1910 = ORIENTED_EDGE('',*,*,#732,.F.);
#1911 = ORIENTED_EDGE('',*,*,#1890,.F.);
#1912 = ADVANCED_FACE('',(#1913),#786,.F.);
#1913 = FACE_BOUND('',#1914,.F.);
#1914 = EDGE_LOOP('',(#1915,#1938,#1967,#1988));
#1915 = ORIENTED_EDGE('',*,*,#1916,.F.);
#1916 = EDGE_CURVE('',#1917,#768,#1919,.T.);
#1917 = VERTEX_POINT('',#1918);
#1918 = CARTESIAN_POINT('',(17.138015895286,-31.85,169.77));
#1919 = SURFACE_CURVE('',#1920,(#1924,#1931),.PCURVE_S1.);
#1920 = LINE('',#1921,#1922);
#1921 = CARTESIAN_POINT('',(17.138015895286,-31.85,169.77));
#1922 = VECTOR('',#1923,1.);
#1923 = DIRECTION('',(0.,-0.,1.));
#1924 = PCURVE('',#786,#1925);
#1925 = DEFINITIONAL_REPRESENTATION('',(#1926),#1930);
#1926 = LINE('',#1927,#1928);
#1927 = CARTESIAN_POINT('',(0.,0.));
#1928 = VECTOR('',#1929,1.);
#1929 = DIRECTION('',(0.,1.));
#1930 = ( GEOMETRIC_REPRESENTATION_CONTEXT(2) 
PARAMETRIC_REPRESENTATION_CONTEXT() REPRESENTATION_CONTEXT('2D SPACE',''
  ) );
#1931 = PCURVE('',#813,#1932);
#1932 = DEFINITIONAL_REPRESENTATION('',(#1933),#1937);
#1933 = LINE('',#1934,#1935);
#1934 = CARTESIAN_POINT('',(48.988015895286,0.));
#1935 = VECTOR('',#1936,1.);
#1936 = DIRECTION('',(0.,-1.));
#1937 = ( GEOMETRIC_REPRESENTATION_CONTEXT(2) 
PARAMETRIC_REPRESENTATION_CONTEXT() REPRESENTATION_CONTEXT('2D SPACE',''
  ) );
#1938 = ORIENTED_EDGE('',*,*,#1939,.T.);
#1939 = EDGE_CURVE('',#1917,#1940,#1942,.T.);
#1940 = VERTEX_POINT('',#1941);
#1941 = CARTESIAN_POINT('',(22.865580822897,-29.47756492761,169.77));
#1942 = SURFACE_CURVE('',#1943,(#1948,#1955),.PCURVE_S1.);
#1943 = CIRCLE('',#1944,8.1);
#1944 = AXIS2_PLACEMENT_3D('',#1945,#1946,#1947);
#1945 = CARTESIAN_POINT('',(17.138015895286,-23.75,169.77));
#1946 = DIRECTION('',(0.,-0.,1.));
#1947 = DIRECTION('',(0.,-1.,-0.));
#1948 = PCURVE('',#786,#1949);
#1949 = DEFINITIONAL_REPRESENTATION('',(#1950),#1954);
#1950 = LINE('',#1951,#1952);
#1951 = CARTESIAN_POINT('',(0.,2.84217094304E-14));
#1952 = VECTOR('',#1953,1.);
#1953 = DIRECTION('',(1.,0.));
#1954 = ( GEOMETRIC_REPRESENTATION_CONTEXT(2) 
PARAMETRIC_REPRESENTATION_CONTEXT() REPRESENTATION_CONTEXT('2D SPACE',''
  ) );
#1955 = PCURVE('',#1956,#1961);
#1956 = PLANE('',#1957);
#1957 = AXIS2_PLACEMENT_3D('',#1958,#1959,#1960);
#1958 = CARTESIAN_POINT('',(0.,0.,169.77));
#1959 = DIRECTION('',(0.,0.,1.));
#1960 = DIRECTION('',(1.,0.,-0.));
#1961 = DEFINITIONAL_REPRESENTATION('',(#1962),#1966);
#1962 = CIRCLE('',#1963,8.1);
#1963 = AXIS2_PLACEMENT_2D('',#1964,#1965);
#1964 = CARTESIAN_POINT('',(17.138015895286,-23.75));
#1965 = DIRECTION('',(0.,-1.));
#1966 = ( GEOMETRIC_REPRESENTATION_CONTEXT(2) 
PARAMETRIC_REPRESENTATION_CONTEXT() REPRESENTATION_CONTEXT('2D SPACE',''
  ) );
#1967 = ORIENTED_EDGE('',*,*,#1968,.T.);
#1968 = EDGE_CURVE('',#1940,#770,#1969,.T.);
#1969 = SURFACE_CURVE('',#1970,(#1974,#1981),.PCURVE_S1.);
#1970 = LINE('',#1971,#1972);
#1971 = CARTESIAN_POINT('',(22.865580822897,-29.47756492761,169.77));
#1972 = VECTOR('',#1973,1.);
#1973 = DIRECTION('',(0.,-0.,1.));
#1974 = PCURVE('',#786,#1975);
#1975 = DEFINITIONAL_REPRESENTATION('',(#1976),#1980);
#1976 = LINE('',#1977,#1978);
#1977 = CARTESIAN_POINT('',(0.785398163397,0.));
#1978 = VECTOR('',#1979,1.);
#1979 = DIRECTION('',(0.,1.));
#1980 = ( GEOMETRIC_REPRESENTATION_CONTEXT(2) 
PARAMETRIC_REPRESENTATION_CONTEXT() REPRESENTATION_CONTEXT('2D SPACE',''
  ) );
#1981 = PCURVE('',#1311,#1982);
#1982 = DEFINITIONAL_REPRESENTATION('',(#1983),#1987);
#1983 = LINE('',#1984,#1985);
#1984 = CARTESIAN_POINT('',(32.336814511278,-0.2));
#1985 = VECTOR('',#1986,1.);
#1986 = DIRECTION('',(0.,-1.));
#1987 = ( GEOMETRIC_REPRESENTATION_CONTEXT(2) 
PARAMETRIC_REPRESENTATION_CONTEXT() REPRESENTATION_CONTEXT('2D SPACE',''
  ) );
#1988 = ORIENTED_EDGE('',*,*,#767,.F.);
#1989 = ADVANCED_FACE('',(#1990),#1311,.T.);
#1990 = FACE_BOUND('',#1991,.T.);
#1991 = EDGE_LOOP('',(#1992,#2015,#2034,#2035));
#1992 = ORIENTED_EDGE('',*,*,#1993,.T.);
#1993 = EDGE_CURVE('',#1266,#1994,#1996,.T.);
#1994 = VERTEX_POINT('',#1995);
#1995 = CARTESIAN_POINT('',(29.477564927611,-22.86558082289,169.77));
#1996 = SURFACE_CURVE('',#1997,(#2001,#2008),.PCURVE_S1.);
#1997 = LINE('',#1998,#1999);
#1998 = CARTESIAN_POINT('',(29.477564927611,-22.86558082289,171.37));
#1999 = VECTOR('',#2000,1.);
#2000 = DIRECTION('',(0.,0.,-1.));
#2001 = PCURVE('',#1311,#2002);
#2002 = DEFINITIONAL_REPRESENTATION('',(#2003),#2007);
#2003 = LINE('',#2004,#2005);
#2004 = CARTESIAN_POINT('',(41.687572106361,-1.8));
#2005 = VECTOR('',#2006,1.);
#2006 = DIRECTION('',(0.,1.));
#2007 = ( GEOMETRIC_REPRESENTATION_CONTEXT(2) 
PARAMETRIC_REPRESENTATION_CONTEXT() REPRESENTATION_CONTEXT('2D SPACE',''
  ) );
#2008 = PCURVE('',#1286,#2009);
#2009 = DEFINITIONAL_REPRESENTATION('',(#2010),#2014);
#2010 = LINE('',#2011,#2012);
#2011 = CARTESIAN_POINT('',(-0.,0.));
#2012 = VECTOR('',#2013,1.);
#2013 = DIRECTION('',(-0.,1.));
#2014 = ( GEOMETRIC_REPRESENTATION_CONTEXT(2) 
PARAMETRIC_REPRESENTATION_CONTEXT() REPRESENTATION_CONTEXT('2D SPACE',''
  ) );
#2015 = ORIENTED_EDGE('',*,*,#2016,.T.);
#2016 = EDGE_CURVE('',#1994,#1940,#2017,.T.);
#2017 = SURFACE_CURVE('',#2018,(#2022,#2028),.PCURVE_S1.);
#2018 = LINE('',#2019,#2020);
#2019 = CARTESIAN_POINT('',(13.085786437627,-39.25735931288,169.77));
#2020 = VECTOR('',#2021,1.);
#2021 = DIRECTION('',(-0.707106781187,-0.707106781187,0.));
#2022 = PCURVE('',#1311,#2023);
#2023 = DEFINITIONAL_REPRESENTATION('',(#2024),#2027);
#2024 = B_SPLINE_CURVE_WITH_KNOTS('',1,(#2025,#2026),.UNSPECIFIED.,.F.,
  .F.,(2,2),(-26.53660530717,-10.47558800164),.PIECEWISE_BEZIER_KNOTS.);
#2025 = CARTESIAN_POINT('',(45.042701961583,-0.2));
#2026 = CARTESIAN_POINT('',(28.981684656056,-0.2));
#2027 = ( GEOMETRIC_REPRESENTATION_CONTEXT(2) 
PARAMETRIC_REPRESENTATION_CONTEXT() REPRESENTATION_CONTEXT('2D SPACE',''
  ) );
#2028 = PCURVE('',#1956,#2029);
#2029 = DEFINITIONAL_REPRESENTATION('',(#2030),#2033);
#2030 = B_SPLINE_CURVE_WITH_KNOTS('',1,(#2031,#2032),.UNSPECIFIED.,.F.,
  .F.,(2,2),(-26.53660530717,-10.47558800164),.PIECEWISE_BEZIER_KNOTS.);
#2031 = CARTESIAN_POINT('',(31.85,-20.4931457505));
#2032 = CARTESIAN_POINT('',(20.493145750508,-31.85));
#2033 = ( GEOMETRIC_REPRESENTATION_CONTEXT(2) 
PARAMETRIC_REPRESENTATION_CONTEXT() REPRESENTATION_CONTEXT('2D SPACE',''
  ) );
#2034 = ORIENTED_EDGE('',*,*,#1968,.T.);
#2035 = ORIENTED_EDGE('',*,*,#1298,.F.);
#2036 = ADVANCED_FACE('',(#2037),#1286,.F.);
#2037 = FACE_BOUND('',#2038,.T.);
#2038 = EDGE_LOOP('',(#2039,#2040,#2041,#2064));
#2039 = ORIENTED_EDGE('',*,*,#1993,.F.);
#2040 = ORIENTED_EDGE('',*,*,#1265,.F.);
#2041 = ORIENTED_EDGE('',*,*,#2042,.T.);
#2042 = EDGE_CURVE('',#1240,#2043,#2045,.T.);
#2043 = VERTEX_POINT('',#2044);
#2044 = CARTESIAN_POINT('',(31.85,-17.13801589528,169.77));
#2045 = SURFACE_CURVE('',#2046,(#2050,#2057),.PCURVE_S1.);
#2046 = LINE('',#2047,#2048);
#2047 = CARTESIAN_POINT('',(31.85,-17.13801589528,171.37));
#2048 = VECTOR('',#2049,1.);
#2049 = DIRECTION('',(0.,0.,-1.));
#2050 = PCURVE('',#1286,#2051);
#2051 = DEFINITIONAL_REPRESENTATION('',(#2052),#2056);
#2052 = LINE('',#2053,#2054);
#2053 = CARTESIAN_POINT('',(-0.785398163397,0.));
#2054 = VECTOR('',#2055,1.);
#2055 = DIRECTION('',(-0.,1.));
#2056 = ( GEOMETRIC_REPRESENTATION_CONTEXT(2) 
PARAMETRIC_REPRESENTATION_CONTEXT() REPRESENTATION_CONTEXT('2D SPACE',''
  ) );
#2057 = PCURVE('',#1254,#2058);
#2058 = DEFINITIONAL_REPRESENTATION('',(#2059),#2063);
#2059 = LINE('',#2060,#2061);
#2060 = CARTESIAN_POINT('',(14.711984104714,-1.6));
#2061 = VECTOR('',#2062,1.);
#2062 = DIRECTION('',(0.,1.));
#2063 = ( GEOMETRIC_REPRESENTATION_CONTEXT(2) 
PARAMETRIC_REPRESENTATION_CONTEXT() REPRESENTATION_CONTEXT('2D SPACE',''
  ) );
#2064 = ORIENTED_EDGE('',*,*,#2065,.F.);
#2065 = EDGE_CURVE('',#1994,#2043,#2066,.T.);
#2066 = SURFACE_CURVE('',#2067,(#2072,#2079),.PCURVE_S1.);
#2067 = CIRCLE('',#2068,8.1);
#2068 = AXIS2_PLACEMENT_3D('',#2069,#2070,#2071);
#2069 = CARTESIAN_POINT('',(23.75,-17.13801589528,169.77));
#2070 = DIRECTION('',(0.,-0.,1.));
#2071 = DIRECTION('',(0.,1.,0.));
#2072 = PCURVE('',#1286,#2073);
#2073 = DEFINITIONAL_REPRESENTATION('',(#2074),#2078);
#2074 = LINE('',#2075,#2076);
#2075 = CARTESIAN_POINT('',(3.926990816987,1.6));
#2076 = VECTOR('',#2077,1.);
#2077 = DIRECTION('',(-1.,0.));
#2078 = ( GEOMETRIC_REPRESENTATION_CONTEXT(2) 
PARAMETRIC_REPRESENTATION_CONTEXT() REPRESENTATION_CONTEXT('2D SPACE',''
  ) );
#2079 = PCURVE('',#1956,#2080);
#2080 = DEFINITIONAL_REPRESENTATION('',(#2081),#2085);
#2081 = CIRCLE('',#2082,8.1);
#2082 = AXIS2_PLACEMENT_2D('',#2083,#2084);
#2083 = CARTESIAN_POINT('',(23.75,-17.13801589528));
#2084 = DIRECTION('',(0.,1.));
#2085 = ( GEOMETRIC_REPRESENTATION_CONTEXT(2) 
PARAMETRIC_REPRESENTATION_CONTEXT() REPRESENTATION_CONTEXT('2D SPACE',''
  ) );
#2086 = ADVANCED_FACE('',(#2087),#1254,.T.);
#2087 = FACE_BOUND('',#2088,.T.);
#2088 = EDGE_LOOP('',(#2089,#2112,#2113,#2114));
#2089 = ORIENTED_EDGE('',*,*,#2090,.F.);
#2090 = EDGE_CURVE('',#2043,#2091,#2093,.T.);
#2091 = VERTEX_POINT('',#2092);
#2092 = CARTESIAN_POINT('',(31.85,17.138015895286,169.77));
#2093 = SURFACE_CURVE('',#2094,(#2098,#2105),.PCURVE_S1.);
#2094 = LINE('',#2095,#2096);
#2095 = CARTESIAN_POINT('',(31.85,-31.85,169.77));
#2096 = VECTOR('',#2097,1.);
#2097 = DIRECTION('',(0.,1.,0.));
#2098 = PCURVE('',#1254,#2099);
#2099 = DEFINITIONAL_REPRESENTATION('',(#2100),#2104);
#2100 = LINE('',#2101,#2102);
#2101 = CARTESIAN_POINT('',(0.,0.));
#2102 = VECTOR('',#2103,1.);
#2103 = DIRECTION('',(1.,0.));
#2104 = ( GEOMETRIC_REPRESENTATION_CONTEXT(2) 
PARAMETRIC_REPRESENTATION_CONTEXT() REPRESENTATION_CONTEXT('2D SPACE',''
  ) );
#2105 = PCURVE('',#1956,#2106);
#2106 = DEFINITIONAL_REPRESENTATION('',(#2107),#2111);
#2107 = LINE('',#2108,#2109);
#2108 = CARTESIAN_POINT('',(31.85,-31.85));
#2109 = VECTOR('',#2110,1.);
#2110 = DIRECTION('',(0.,1.));
#2111 = ( GEOMETRIC_REPRESENTATION_CONTEXT(2) 
PARAMETRIC_REPRESENTATION_CONTEXT() REPRESENTATION_CONTEXT('2D SPACE',''
  ) );
#2112 = ORIENTED_EDGE('',*,*,#2042,.F.);
#2113 = ORIENTED_EDGE('',*,*,#1239,.F.);
#2114 = ORIENTED_EDGE('',*,*,#2115,.F.);
#2115 = EDGE_CURVE('',#2091,#1211,#2116,.T.);
#2116 = SURFACE_CURVE('',#2117,(#2121,#2128),.PCURVE_S1.);
#2117 = LINE('',#2118,#2119);
#2118 = CARTESIAN_POINT('',(31.85,17.138015895286,169.77));
#2119 = VECTOR('',#2120,1.);
#2120 = DIRECTION('',(0.,0.,1.));
#2121 = PCURVE('',#1254,#2122);
#2122 = DEFINITIONAL_REPRESENTATION('',(#2123),#2127);
#2123 = LINE('',#2124,#2125);
#2124 = CARTESIAN_POINT('',(48.988015895286,0.));
#2125 = VECTOR('',#2126,1.);
#2126 = DIRECTION('',(0.,-1.));
#2127 = ( GEOMETRIC_REPRESENTATION_CONTEXT(2) 
PARAMETRIC_REPRESENTATION_CONTEXT() REPRESENTATION_CONTEXT('2D SPACE',''
  ) );
#2128 = PCURVE('',#1227,#2129);
#2129 = DEFINITIONAL_REPRESENTATION('',(#2130),#2134);
#2130 = LINE('',#2131,#2132);
#2131 = CARTESIAN_POINT('',(-0.785398163397,0.));
#2132 = VECTOR('',#2133,1.);
#2133 = DIRECTION('',(-0.,1.));
#2134 = ( GEOMETRIC_REPRESENTATION_CONTEXT(2) 
PARAMETRIC_REPRESENTATION_CONTEXT() REPRESENTATION_CONTEXT('2D SPACE',''
  ) );
#2135 = ADVANCED_FACE('',(#2136),#1227,.F.);
#2136 = FACE_BOUND('',#2137,.T.);
#2137 = EDGE_LOOP('',(#2138,#2161,#2187,#2188));
#2138 = ORIENTED_EDGE('',*,*,#2139,.F.);
#2139 = EDGE_CURVE('',#2140,#1185,#2142,.T.);
#2140 = VERTEX_POINT('',#2141);
#2141 = CARTESIAN_POINT('',(29.477564927611,22.865580822897,169.77));
#2142 = SURFACE_CURVE('',#2143,(#2147,#2154),.PCURVE_S1.);
#2143 = LINE('',#2144,#2145);
#2144 = CARTESIAN_POINT('',(29.477564927611,22.865580822897,169.77));
#2145 = VECTOR('',#2146,1.);
#2146 = DIRECTION('',(0.,0.,1.));
#2147 = PCURVE('',#1227,#2148);
#2148 = DEFINITIONAL_REPRESENTATION('',(#2149),#2153);
#2149 = LINE('',#2150,#2151);
#2150 = CARTESIAN_POINT('',(-0.,0.));
#2151 = VECTOR('',#2152,1.);
#2152 = DIRECTION('',(-0.,1.));
#2153 = ( GEOMETRIC_REPRESENTATION_CONTEXT(2) 
PARAMETRIC_REPRESENTATION_CONTEXT() REPRESENTATION_CONTEXT('2D SPACE',''
  ) );
#2154 = PCURVE('',#1199,#2155);
#2155 = DEFINITIONAL_REPRESENTATION('',(#2156),#2160);
#2156 = LINE('',#2157,#2158);
#2157 = CARTESIAN_POINT('',(32.336814511278,-0.2));
#2158 = VECTOR('',#2159,1.);
#2159 = DIRECTION('',(0.,-1.));
#2160 = ( GEOMETRIC_REPRESENTATION_CONTEXT(2) 
PARAMETRIC_REPRESENTATION_CONTEXT() REPRESENTATION_CONTEXT('2D SPACE',''
  ) );
#2161 = ORIENTED_EDGE('',*,*,#2162,.T.);
#2162 = EDGE_CURVE('',#2140,#2091,#2163,.T.);
#2163 = SURFACE_CURVE('',#2164,(#2169,#2176),.PCURVE_S1.);
#2164 = CIRCLE('',#2165,8.1);
#2165 = AXIS2_PLACEMENT_3D('',#2166,#2167,#2168);
#2166 = CARTESIAN_POINT('',(23.75,17.138015895286,169.77));
#2167 = DIRECTION('',(-0.,-0.,-1.));
#2168 = DIRECTION('',(0.,-1.,0.));
#2169 = PCURVE('',#1227,#2170);
#2170 = DEFINITIONAL_REPRESENTATION('',(#2171),#2175);
#2171 = LINE('',#2172,#2173);
#2172 = CARTESIAN_POINT('',(3.926990816987,2.84217094304E-14));
#2173 = VECTOR('',#2174,1.);
#2174 = DIRECTION('',(-1.,0.));
#2175 = ( GEOMETRIC_REPRESENTATION_CONTEXT(2) 
PARAMETRIC_REPRESENTATION_CONTEXT() REPRESENTATION_CONTEXT('2D SPACE',''
  ) );
#2176 = PCURVE('',#1956,#2177);
#2177 = DEFINITIONAL_REPRESENTATION('',(#2178),#2186);
#2178 = ( BOUNDED_CURVE() B_SPLINE_CURVE(2,(#2179,#2180,#2181,#2182,
#2183,#2184,#2185),.UNSPECIFIED.,.T.,.F.) B_SPLINE_CURVE_WITH_KNOTS((1,2
    ,2,2,2,1),(-2.094395102393,0.,2.094395102393,4.188790204786,
6.28318530718,8.377580409573),.UNSPECIFIED.) CURVE() 
GEOMETRIC_REPRESENTATION_ITEM() RATIONAL_B_SPLINE_CURVE((1.,0.5,1.,0.5,
1.,0.5,1.)) REPRESENTATION_ITEM('') );
#2179 = CARTESIAN_POINT('',(23.75,9.038015895286));
#2180 = CARTESIAN_POINT('',(9.720388458692,9.038015895286));
#2181 = CARTESIAN_POINT('',(16.735194229346,21.188015895286));
#2182 = CARTESIAN_POINT('',(23.75,33.338015895286));
#2183 = CARTESIAN_POINT('',(30.764805770654,21.188015895286));
#2184 = CARTESIAN_POINT('',(37.779611541308,9.038015895286));
#2185 = CARTESIAN_POINT('',(23.75,9.038015895286));
#2186 = ( GEOMETRIC_REPRESENTATION_CONTEXT(2) 
PARAMETRIC_REPRESENTATION_CONTEXT() REPRESENTATION_CONTEXT('2D SPACE',''
  ) );
#2187 = ORIENTED_EDGE('',*,*,#2115,.T.);
#2188 = ORIENTED_EDGE('',*,*,#1210,.T.);
#2189 = ADVANCED_FACE('',(#2190),#1199,.T.);
#2190 = FACE_BOUND('',#2191,.T.);
#2191 = EDGE_LOOP('',(#2192,#2215,#2234,#2235));
#2192 = ORIENTED_EDGE('',*,*,#2193,.T.);
#2193 = EDGE_CURVE('',#1152,#2194,#2196,.T.);
#2194 = VERTEX_POINT('',#2195);
#2195 = CARTESIAN_POINT('',(22.865580822897,29.477564927611,169.77));
#2196 = SURFACE_CURVE('',#2197,(#2201,#2208),.PCURVE_S1.);
#2197 = LINE('',#2198,#2199);
#2198 = CARTESIAN_POINT('',(22.865580822897,29.477564927611,171.37));
#2199 = VECTOR('',#2200,1.);
#2200 = DIRECTION('',(0.,-0.,-1.));
#2201 = PCURVE('',#1199,#2202);
#2202 = DEFINITIONAL_REPRESENTATION('',(#2203),#2207);
#2203 = LINE('',#2204,#2205);
#2204 = CARTESIAN_POINT('',(41.687572106361,-1.8));
#2205 = VECTOR('',#2206,1.);
#2206 = DIRECTION('',(-0.,1.));
#2207 = ( GEOMETRIC_REPRESENTATION_CONTEXT(2) 
PARAMETRIC_REPRESENTATION_CONTEXT() REPRESENTATION_CONTEXT('2D SPACE',''
  ) );
#2208 = PCURVE('',#1172,#2209);
#2209 = DEFINITIONAL_REPRESENTATION('',(#2210),#2214);
#2210 = LINE('',#2211,#2212);
#2211 = CARTESIAN_POINT('',(0.785398163397,0.));
#2212 = VECTOR('',#2213,1.);
#2213 = DIRECTION('',(0.,1.));
#2214 = ( GEOMETRIC_REPRESENTATION_CONTEXT(2) 
PARAMETRIC_REPRESENTATION_CONTEXT() REPRESENTATION_CONTEXT('2D SPACE',''
  ) );
#2215 = ORIENTED_EDGE('',*,*,#2216,.T.);
#2216 = EDGE_CURVE('',#2194,#2140,#2217,.T.);
#2217 = SURFACE_CURVE('',#2218,(#2222,#2228),.PCURVE_S1.);
#2218 = LINE('',#2219,#2220);
#2219 = CARTESIAN_POINT('',(39.257359312881,13.085786437627,169.77));
#2220 = VECTOR('',#2221,1.);
#2221 = DIRECTION('',(0.707106781187,-0.707106781187,0.));
#2222 = PCURVE('',#1199,#2223);
#2223 = DEFINITIONAL_REPRESENTATION('',(#2224),#2227);
#2224 = B_SPLINE_CURVE_WITH_KNOTS('',1,(#2225,#2226),.UNSPECIFIED.,.F.,
  .F.,(2,2),(-26.53660530717,-10.47558800164),.PIECEWISE_BEZIER_KNOTS.);
#2225 = CARTESIAN_POINT('',(45.042701961583,-0.2));
#2226 = CARTESIAN_POINT('',(28.981684656056,-0.2));
#2227 = ( GEOMETRIC_REPRESENTATION_CONTEXT(2) 
PARAMETRIC_REPRESENTATION_CONTEXT() REPRESENTATION_CONTEXT('2D SPACE',''
  ) );
#2228 = PCURVE('',#1956,#2229);
#2229 = DEFINITIONAL_REPRESENTATION('',(#2230),#2233);
#2230 = B_SPLINE_CURVE_WITH_KNOTS('',1,(#2231,#2232),.UNSPECIFIED.,.F.,
  .F.,(2,2),(-26.53660530717,-10.47558800164),.PIECEWISE_BEZIER_KNOTS.);
#2231 = CARTESIAN_POINT('',(20.493145750508,31.85));
#2232 = CARTESIAN_POINT('',(31.85,20.493145750508));
#2233 = ( GEOMETRIC_REPRESENTATION_CONTEXT(2) 
PARAMETRIC_REPRESENTATION_CONTEXT() REPRESENTATION_CONTEXT('2D SPACE',''
  ) );
#2234 = ORIENTED_EDGE('',*,*,#2139,.T.);
#2235 = ORIENTED_EDGE('',*,*,#1184,.F.);
#2236 = ADVANCED_FACE('',(#2237),#1172,.F.);
#2237 = FACE_BOUND('',#2238,.F.);
#2238 = EDGE_LOOP('',(#2239,#2262,#2263,#2264));
#2239 = ORIENTED_EDGE('',*,*,#2240,.F.);
#2240 = EDGE_CURVE('',#1126,#2241,#2243,.T.);
#2241 = VERTEX_POINT('',#2242);
#2242 = CARTESIAN_POINT('',(17.138015895286,31.85,169.77));
#2243 = SURFACE_CURVE('',#2244,(#2248,#2255),.PCURVE_S1.);
#2244 = LINE('',#2245,#2246);
#2245 = CARTESIAN_POINT('',(17.138015895286,31.85,171.37));
#2246 = VECTOR('',#2247,1.);
#2247 = DIRECTION('',(0.,-0.,-1.));
#2248 = PCURVE('',#1172,#2249);
#2249 = DEFINITIONAL_REPRESENTATION('',(#2250),#2254);
#2250 = LINE('',#2251,#2252);
#2251 = CARTESIAN_POINT('',(0.,0.));
#2252 = VECTOR('',#2253,1.);
#2253 = DIRECTION('',(0.,1.));
#2254 = ( GEOMETRIC_REPRESENTATION_CONTEXT(2) 
PARAMETRIC_REPRESENTATION_CONTEXT() REPRESENTATION_CONTEXT('2D SPACE',''
  ) );
#2255 = PCURVE('',#1140,#2256);
#2256 = DEFINITIONAL_REPRESENTATION('',(#2257),#2261);
#2257 = LINE('',#2258,#2259);
#2258 = CARTESIAN_POINT('',(14.711984104714,-1.6));
#2259 = VECTOR('',#2260,1.);
#2260 = DIRECTION('',(-0.,1.));
#2261 = ( GEOMETRIC_REPRESENTATION_CONTEXT(2) 
PARAMETRIC_REPRESENTATION_CONTEXT() REPRESENTATION_CONTEXT('2D SPACE',''
  ) );
#2262 = ORIENTED_EDGE('',*,*,#1151,.T.);
#2263 = ORIENTED_EDGE('',*,*,#2193,.T.);
#2264 = ORIENTED_EDGE('',*,*,#2265,.F.);
#2265 = EDGE_CURVE('',#2241,#2194,#2266,.T.);
#2266 = SURFACE_CURVE('',#2267,(#2272,#2279),.PCURVE_S1.);
#2267 = CIRCLE('',#2268,8.1);
#2268 = AXIS2_PLACEMENT_3D('',#2269,#2270,#2271);
#2269 = CARTESIAN_POINT('',(17.138015895286,23.75,169.77));
#2270 = DIRECTION('',(0.,0.,-1.));
#2271 = DIRECTION('',(0.,1.,0.));
#2272 = PCURVE('',#1172,#2273);
#2273 = DEFINITIONAL_REPRESENTATION('',(#2274),#2278);
#2274 = LINE('',#2275,#2276);
#2275 = CARTESIAN_POINT('',(0.,1.6));
#2276 = VECTOR('',#2277,1.);
#2277 = DIRECTION('',(1.,0.));
#2278 = ( GEOMETRIC_REPRESENTATION_CONTEXT(2) 
PARAMETRIC_REPRESENTATION_CONTEXT() REPRESENTATION_CONTEXT('2D SPACE',''
  ) );
#2279 = PCURVE('',#1956,#2280);
#2280 = DEFINITIONAL_REPRESENTATION('',(#2281),#2289);
#2281 = ( BOUNDED_CURVE() B_SPLINE_CURVE(2,(#2282,#2283,#2284,#2285,
#2286,#2287,#2288),.UNSPECIFIED.,.T.,.F.) B_SPLINE_CURVE_WITH_KNOTS((1,2
    ,2,2,2,1),(-2.094395102393,0.,2.094395102393,4.188790204786,
6.28318530718,8.377580409573),.UNSPECIFIED.) CURVE() 
GEOMETRIC_REPRESENTATION_ITEM() RATIONAL_B_SPLINE_CURVE((1.,0.5,1.,0.5,
1.,0.5,1.)) REPRESENTATION_ITEM('') );
#2282 = CARTESIAN_POINT('',(17.138015895286,31.85));
#2283 = CARTESIAN_POINT('',(31.167627436593,31.85));
#2284 = CARTESIAN_POINT('',(24.15282166594,19.7));
#2285 = CARTESIAN_POINT('',(17.138015895286,7.55));
#2286 = CARTESIAN_POINT('',(10.123210124632,19.7));
#2287 = CARTESIAN_POINT('',(3.108404353978,31.85));
#2288 = CARTESIAN_POINT('',(17.138015895286,31.85));
#2289 = ( GEOMETRIC_REPRESENTATION_CONTEXT(2) 
PARAMETRIC_REPRESENTATION_CONTEXT() REPRESENTATION_CONTEXT('2D SPACE',''
  ) );
#2290 = ADVANCED_FACE('',(#2291),#1140,.T.);
#2291 = FACE_BOUND('',#2292,.T.);
#2292 = EDGE_LOOP('',(#2293,#2316,#2317,#2318));
#2293 = ORIENTED_EDGE('',*,*,#2294,.F.);
#2294 = EDGE_CURVE('',#2241,#2295,#2297,.T.);
#2295 = VERTEX_POINT('',#2296);
#2296 = CARTESIAN_POINT('',(-17.13801589528,31.85,169.77));
#2297 = SURFACE_CURVE('',#2298,(#2302,#2309),.PCURVE_S1.);
#2298 = LINE('',#2299,#2300);
#2299 = CARTESIAN_POINT('',(31.85,31.85,169.77));
#2300 = VECTOR('',#2301,1.);
#2301 = DIRECTION('',(-1.,0.,0.));
#2302 = PCURVE('',#1140,#2303);
#2303 = DEFINITIONAL_REPRESENTATION('',(#2304),#2308);
#2304 = LINE('',#2305,#2306);
#2305 = CARTESIAN_POINT('',(0.,-0.));
#2306 = VECTOR('',#2307,1.);
#2307 = DIRECTION('',(1.,0.));
#2308 = ( GEOMETRIC_REPRESENTATION_CONTEXT(2) 
PARAMETRIC_REPRESENTATION_CONTEXT() REPRESENTATION_CONTEXT('2D SPACE',''
  ) );
#2309 = PCURVE('',#1956,#2310);
#2310 = DEFINITIONAL_REPRESENTATION('',(#2311),#2315);
#2311 = LINE('',#2312,#2313);
#2312 = CARTESIAN_POINT('',(31.85,31.85));
#2313 = VECTOR('',#2314,1.);
#2314 = DIRECTION('',(-1.,0.));
#2315 = ( GEOMETRIC_REPRESENTATION_CONTEXT(2) 
PARAMETRIC_REPRESENTATION_CONTEXT() REPRESENTATION_CONTEXT('2D SPACE',''
  ) );
#2316 = ORIENTED_EDGE('',*,*,#2240,.F.);
#2317 = ORIENTED_EDGE('',*,*,#1125,.F.);
#2318 = ORIENTED_EDGE('',*,*,#2319,.F.);
#2319 = EDGE_CURVE('',#2295,#1097,#2320,.T.);
#2320 = SURFACE_CURVE('',#2321,(#2325,#2332),.PCURVE_S1.);
#2321 = LINE('',#2322,#2323);
#2322 = CARTESIAN_POINT('',(-17.13801589528,31.85,169.77));
#2323 = VECTOR('',#2324,1.);
#2324 = DIRECTION('',(0.,0.,1.));
#2325 = PCURVE('',#1140,#2326);
#2326 = DEFINITIONAL_REPRESENTATION('',(#2327),#2331);
#2327 = LINE('',#2328,#2329);
#2328 = CARTESIAN_POINT('',(48.988015895286,0.));
#2329 = VECTOR('',#2330,1.);
#2330 = DIRECTION('',(0.,-1.));
#2331 = ( GEOMETRIC_REPRESENTATION_CONTEXT(2) 
PARAMETRIC_REPRESENTATION_CONTEXT() REPRESENTATION_CONTEXT('2D SPACE',''
  ) );
#2332 = PCURVE('',#1113,#2333);
#2333 = DEFINITIONAL_REPRESENTATION('',(#2334),#2338);
#2334 = LINE('',#2335,#2336);
#2335 = CARTESIAN_POINT('',(-0.785398163397,0.));
#2336 = VECTOR('',#2337,1.);
#2337 = DIRECTION('',(-0.,1.));
#2338 = ( GEOMETRIC_REPRESENTATION_CONTEXT(2) 
PARAMETRIC_REPRESENTATION_CONTEXT() REPRESENTATION_CONTEXT('2D SPACE',''
  ) );
#2339 = ADVANCED_FACE('',(#2340),#1113,.F.);
#2340 = FACE_BOUND('',#2341,.T.);
#2341 = EDGE_LOOP('',(#2342,#2365,#2391,#2392));
#2342 = ORIENTED_EDGE('',*,*,#2343,.F.);
#2343 = EDGE_CURVE('',#2344,#1071,#2346,.T.);
#2344 = VERTEX_POINT('',#2345);
#2345 = CARTESIAN_POINT('',(-22.86558082289,29.477564927611,169.77));
#2346 = SURFACE_CURVE('',#2347,(#2351,#2358),.PCURVE_S1.);
#2347 = LINE('',#2348,#2349);
#2348 = CARTESIAN_POINT('',(-22.86558082289,29.477564927611,169.77));
#2349 = VECTOR('',#2350,1.);
#2350 = DIRECTION('',(0.,0.,1.));
#2351 = PCURVE('',#1113,#2352);
#2352 = DEFINITIONAL_REPRESENTATION('',(#2353),#2357);
#2353 = LINE('',#2354,#2355);
#2354 = CARTESIAN_POINT('',(-0.,0.));
#2355 = VECTOR('',#2356,1.);
#2356 = DIRECTION('',(-0.,1.));
#2357 = ( GEOMETRIC_REPRESENTATION_CONTEXT(2) 
PARAMETRIC_REPRESENTATION_CONTEXT() REPRESENTATION_CONTEXT('2D SPACE',''
  ) );
#2358 = PCURVE('',#1085,#2359);
#2359 = DEFINITIONAL_REPRESENTATION('',(#2360),#2364);
#2360 = LINE('',#2361,#2362);
#2361 = CARTESIAN_POINT('',(32.336814511278,-0.2));
#2362 = VECTOR('',#2363,1.);
#2363 = DIRECTION('',(0.,-1.));
#2364 = ( GEOMETRIC_REPRESENTATION_CONTEXT(2) 
PARAMETRIC_REPRESENTATION_CONTEXT() REPRESENTATION_CONTEXT('2D SPACE',''
  ) );
#2365 = ORIENTED_EDGE('',*,*,#2366,.T.);
#2366 = EDGE_CURVE('',#2344,#2295,#2367,.T.);
#2367 = SURFACE_CURVE('',#2368,(#2373,#2380),.PCURVE_S1.);
#2368 = CIRCLE('',#2369,8.1);
#2369 = AXIS2_PLACEMENT_3D('',#2370,#2371,#2372);
#2370 = CARTESIAN_POINT('',(-17.13801589528,23.75,169.77));
#2371 = DIRECTION('',(-0.,-0.,-1.));
#2372 = DIRECTION('',(0.,-1.,0.));
#2373 = PCURVE('',#1113,#2374);
#2374 = DEFINITIONAL_REPRESENTATION('',(#2375),#2379);
#2375 = LINE('',#2376,#2377);
#2376 = CARTESIAN_POINT('',(2.356194490192,2.84217094304E-14));
#2377 = VECTOR('',#2378,1.);
#2378 = DIRECTION('',(-1.,0.));
#2379 = ( GEOMETRIC_REPRESENTATION_CONTEXT(2) 
PARAMETRIC_REPRESENTATION_CONTEXT() REPRESENTATION_CONTEXT('2D SPACE',''
  ) );
#2380 = PCURVE('',#1956,#2381);
#2381 = DEFINITIONAL_REPRESENTATION('',(#2382),#2390);
#2382 = ( BOUNDED_CURVE() B_SPLINE_CURVE(2,(#2383,#2384,#2385,#2386,
#2387,#2388,#2389),.UNSPECIFIED.,.T.,.F.) B_SPLINE_CURVE_WITH_KNOTS((1,2
    ,2,2,2,1),(-2.094395102393,0.,2.094395102393,4.188790204786,
6.28318530718,8.377580409573),.UNSPECIFIED.) CURVE() 
GEOMETRIC_REPRESENTATION_ITEM() RATIONAL_B_SPLINE_CURVE((1.,0.5,1.,0.5,
1.,0.5,1.)) REPRESENTATION_ITEM('') );
#2383 = CARTESIAN_POINT('',(-17.13801589528,15.65));
#2384 = CARTESIAN_POINT('',(-31.16762743659,15.65));
#2385 = CARTESIAN_POINT('',(-24.15282166593,27.8));
#2386 = CARTESIAN_POINT('',(-17.13801589528,39.95));
#2387 = CARTESIAN_POINT('',(-10.12321012463,27.8));
#2388 = CARTESIAN_POINT('',(-3.108404353978,15.65));
#2389 = CARTESIAN_POINT('',(-17.13801589528,15.65));
#2390 = ( GEOMETRIC_REPRESENTATION_CONTEXT(2) 
PARAMETRIC_REPRESENTATION_CONTEXT() REPRESENTATION_CONTEXT('2D SPACE',''
  ) );
#2391 = ORIENTED_EDGE('',*,*,#2319,.T.);
#2392 = ORIENTED_EDGE('',*,*,#1096,.T.);
#2393 = ADVANCED_FACE('',(#2394),#1085,.T.);
#2394 = FACE_BOUND('',#2395,.T.);
#2395 = EDGE_LOOP('',(#2396,#2419,#2438,#2439));
#2396 = ORIENTED_EDGE('',*,*,#2397,.T.);
#2397 = EDGE_CURVE('',#1038,#2398,#2400,.T.);
#2398 = VERTEX_POINT('',#2399);
#2399 = CARTESIAN_POINT('',(-29.47756492761,22.865580822897,169.77));
#2400 = SURFACE_CURVE('',#2401,(#2405,#2412),.PCURVE_S1.);
#2401 = LINE('',#2402,#2403);
#2402 = CARTESIAN_POINT('',(-29.47756492761,22.865580822897,171.37));
#2403 = VECTOR('',#2404,1.);
#2404 = DIRECTION('',(0.,-0.,-1.));
#2405 = PCURVE('',#1085,#2406);
#2406 = DEFINITIONAL_REPRESENTATION('',(#2407),#2411);
#2407 = LINE('',#2408,#2409);
#2408 = CARTESIAN_POINT('',(41.687572106361,-1.8));
#2409 = VECTOR('',#2410,1.);
#2410 = DIRECTION('',(0.,1.));
#2411 = ( GEOMETRIC_REPRESENTATION_CONTEXT(2) 
PARAMETRIC_REPRESENTATION_CONTEXT() REPRESENTATION_CONTEXT('2D SPACE',''
  ) );
#2412 = PCURVE('',#1058,#2413);
#2413 = DEFINITIONAL_REPRESENTATION('',(#2414),#2418);
#2414 = LINE('',#2415,#2416);
#2415 = CARTESIAN_POINT('',(0.785398163397,0.));
#2416 = VECTOR('',#2417,1.);
#2417 = DIRECTION('',(0.,1.));
#2418 = ( GEOMETRIC_REPRESENTATION_CONTEXT(2) 
PARAMETRIC_REPRESENTATION_CONTEXT() REPRESENTATION_CONTEXT('2D SPACE',''
  ) );
#2419 = ORIENTED_EDGE('',*,*,#2420,.T.);
#2420 = EDGE_CURVE('',#2398,#2344,#2421,.T.);
#2421 = SURFACE_CURVE('',#2422,(#2426,#2432),.PCURVE_S1.);
#2422 = LINE('',#2423,#2424);
#2423 = CARTESIAN_POINT('',(-13.08578643762,39.257359312881,169.77));
#2424 = VECTOR('',#2425,1.);
#2425 = DIRECTION('',(0.707106781187,0.707106781187,-0.));
#2426 = PCURVE('',#1085,#2427);
#2427 = DEFINITIONAL_REPRESENTATION('',(#2428),#2431);
#2428 = B_SPLINE_CURVE_WITH_KNOTS('',1,(#2429,#2430),.UNSPECIFIED.,.F.,
  .F.,(2,2),(-26.53660530717,-10.47558800164),.PIECEWISE_BEZIER_KNOTS.);
#2429 = CARTESIAN_POINT('',(45.042701961583,-0.2));
#2430 = CARTESIAN_POINT('',(28.981684656056,-0.2));
#2431 = ( GEOMETRIC_REPRESENTATION_CONTEXT(2) 
PARAMETRIC_REPRESENTATION_CONTEXT() REPRESENTATION_CONTEXT('2D SPACE',''
  ) );
#2432 = PCURVE('',#1956,#2433);
#2433 = DEFINITIONAL_REPRESENTATION('',(#2434),#2437);
#2434 = B_SPLINE_CURVE_WITH_KNOTS('',1,(#2435,#2436),.UNSPECIFIED.,.F.,
  .F.,(2,2),(-26.53660530717,-10.47558800164),.PIECEWISE_BEZIER_KNOTS.);
#2435 = CARTESIAN_POINT('',(-31.85,20.493145750508));
#2436 = CARTESIAN_POINT('',(-20.4931457505,31.85));
#2437 = ( GEOMETRIC_REPRESENTATION_CONTEXT(2) 
PARAMETRIC_REPRESENTATION_CONTEXT() REPRESENTATION_CONTEXT('2D SPACE',''
  ) );
#2438 = ORIENTED_EDGE('',*,*,#2343,.T.);
#2439 = ORIENTED_EDGE('',*,*,#1070,.F.);
#2440 = ADVANCED_FACE('',(#2441),#1058,.F.);
#2441 = FACE_BOUND('',#2442,.F.);
#2442 = EDGE_LOOP('',(#2443,#2466,#2467,#2468));
#2443 = ORIENTED_EDGE('',*,*,#2444,.F.);
#2444 = EDGE_CURVE('',#1012,#2445,#2447,.T.);
#2445 = VERTEX_POINT('',#2446);
#2446 = CARTESIAN_POINT('',(-31.85,17.138015895286,169.77));
#2447 = SURFACE_CURVE('',#2448,(#2452,#2459),.PCURVE_S1.);
#2448 = LINE('',#2449,#2450);
#2449 = CARTESIAN_POINT('',(-31.85,17.138015895286,171.37));
#2450 = VECTOR('',#2451,1.);
#2451 = DIRECTION('',(0.,-0.,-1.));
#2452 = PCURVE('',#1058,#2453);
#2453 = DEFINITIONAL_REPRESENTATION('',(#2454),#2458);
#2454 = LINE('',#2455,#2456);
#2455 = CARTESIAN_POINT('',(0.,0.));
#2456 = VECTOR('',#2457,1.);
#2457 = DIRECTION('',(0.,1.));
#2458 = ( GEOMETRIC_REPRESENTATION_CONTEXT(2) 
PARAMETRIC_REPRESENTATION_CONTEXT() REPRESENTATION_CONTEXT('2D SPACE',''
  ) );
#2459 = PCURVE('',#1026,#2460);
#2460 = DEFINITIONAL_REPRESENTATION('',(#2461),#2465);
#2461 = LINE('',#2462,#2463);
#2462 = CARTESIAN_POINT('',(14.711984104714,-1.6));
#2463 = VECTOR('',#2464,1.);
#2464 = DIRECTION('',(0.,1.));
#2465 = ( GEOMETRIC_REPRESENTATION_CONTEXT(2) 
PARAMETRIC_REPRESENTATION_CONTEXT() REPRESENTATION_CONTEXT('2D SPACE',''
  ) );
#2466 = ORIENTED_EDGE('',*,*,#1037,.T.);
#2467 = ORIENTED_EDGE('',*,*,#2397,.T.);
#2468 = ORIENTED_EDGE('',*,*,#2469,.F.);
#2469 = EDGE_CURVE('',#2445,#2398,#2470,.T.);
#2470 = SURFACE_CURVE('',#2471,(#2476,#2483),.PCURVE_S1.);
#2471 = CIRCLE('',#2472,8.1);
#2472 = AXIS2_PLACEMENT_3D('',#2473,#2474,#2475);
#2473 = CARTESIAN_POINT('',(-23.75,17.138015895286,169.77));
#2474 = DIRECTION('',(0.,0.,-1.));
#2475 = DIRECTION('',(0.,1.,0.));
#2476 = PCURVE('',#1058,#2477);
#2477 = DEFINITIONAL_REPRESENTATION('',(#2478),#2482);
#2478 = LINE('',#2479,#2480);
#2479 = CARTESIAN_POINT('',(-4.712388980385,1.6));
#2480 = VECTOR('',#2481,1.);
#2481 = DIRECTION('',(1.,0.));
#2482 = ( GEOMETRIC_REPRESENTATION_CONTEXT(2) 
PARAMETRIC_REPRESENTATION_CONTEXT() REPRESENTATION_CONTEXT('2D SPACE',''
  ) );
#2483 = PCURVE('',#1956,#2484);
#2484 = DEFINITIONAL_REPRESENTATION('',(#2485),#2493);
#2485 = ( BOUNDED_CURVE() B_SPLINE_CURVE(2,(#2486,#2487,#2488,#2489,
#2490,#2491,#2492),.UNSPECIFIED.,.T.,.F.) B_SPLINE_CURVE_WITH_KNOTS((1,2
    ,2,2,2,1),(-2.094395102393,0.,2.094395102393,4.188790204786,
6.28318530718,8.377580409573),.UNSPECIFIED.) CURVE() 
GEOMETRIC_REPRESENTATION_ITEM() RATIONAL_B_SPLINE_CURVE((1.,0.5,1.,0.5,
1.,0.5,1.)) REPRESENTATION_ITEM('') );
#2486 = CARTESIAN_POINT('',(-23.75,25.238015895286));
#2487 = CARTESIAN_POINT('',(-9.720388458692,25.238015895286));
#2488 = CARTESIAN_POINT('',(-16.73519422934,13.088015895286));
#2489 = CARTESIAN_POINT('',(-23.75,0.938015895286));
#2490 = CARTESIAN_POINT('',(-30.76480577065,13.088015895286));
#2491 = CARTESIAN_POINT('',(-37.7796115413,25.238015895286));
#2492 = CARTESIAN_POINT('',(-23.75,25.238015895286));
#2493 = ( GEOMETRIC_REPRESENTATION_CONTEXT(2) 
PARAMETRIC_REPRESENTATION_CONTEXT() REPRESENTATION_CONTEXT('2D SPACE',''
  ) );
#2494 = ADVANCED_FACE('',(#2495),#1026,.T.);
#2495 = FACE_BOUND('',#2496,.T.);
#2496 = EDGE_LOOP('',(#2497,#2520,#2521,#2522));
#2497 = ORIENTED_EDGE('',*,*,#2498,.F.);
#2498 = EDGE_CURVE('',#2445,#2499,#2501,.T.);
#2499 = VERTEX_POINT('',#2500);
#2500 = CARTESIAN_POINT('',(-31.85,-17.13801589528,169.77));
#2501 = SURFACE_CURVE('',#2502,(#2506,#2513),.PCURVE_S1.);
#2502 = LINE('',#2503,#2504);
#2503 = CARTESIAN_POINT('',(-31.85,31.85,169.77));
#2504 = VECTOR('',#2505,1.);
#2505 = DIRECTION('',(0.,-1.,0.));
#2506 = PCURVE('',#1026,#2507);
#2507 = DEFINITIONAL_REPRESENTATION('',(#2508),#2512);
#2508 = LINE('',#2509,#2510);
#2509 = CARTESIAN_POINT('',(0.,0.));
#2510 = VECTOR('',#2511,1.);
#2511 = DIRECTION('',(1.,0.));
#2512 = ( GEOMETRIC_REPRESENTATION_CONTEXT(2) 
PARAMETRIC_REPRESENTATION_CONTEXT() REPRESENTATION_CONTEXT('2D SPACE',''
  ) );
#2513 = PCURVE('',#1956,#2514);
#2514 = DEFINITIONAL_REPRESENTATION('',(#2515),#2519);
#2515 = LINE('',#2516,#2517);
#2516 = CARTESIAN_POINT('',(-31.85,31.85));
#2517 = VECTOR('',#2518,1.);
#2518 = DIRECTION('',(0.,-1.));
#2519 = ( GEOMETRIC_REPRESENTATION_CONTEXT(2) 
PARAMETRIC_REPRESENTATION_CONTEXT() REPRESENTATION_CONTEXT('2D SPACE',''
  ) );
#2520 = ORIENTED_EDGE('',*,*,#2444,.F.);
#2521 = ORIENTED_EDGE('',*,*,#1011,.F.);
#2522 = ORIENTED_EDGE('',*,*,#2523,.F.);
#2523 = EDGE_CURVE('',#2499,#983,#2524,.T.);
#2524 = SURFACE_CURVE('',#2525,(#2529,#2536),.PCURVE_S1.);
#2525 = LINE('',#2526,#2527);
#2526 = CARTESIAN_POINT('',(-31.85,-17.13801589528,169.77));
#2527 = VECTOR('',#2528,1.);
#2528 = DIRECTION('',(0.,-0.,1.));
#2529 = PCURVE('',#1026,#2530);
#2530 = DEFINITIONAL_REPRESENTATION('',(#2531),#2535);
#2531 = LINE('',#2532,#2533);
#2532 = CARTESIAN_POINT('',(48.988015895286,0.));
#2533 = VECTOR('',#2534,1.);
#2534 = DIRECTION('',(0.,-1.));
#2535 = ( GEOMETRIC_REPRESENTATION_CONTEXT(2) 
PARAMETRIC_REPRESENTATION_CONTEXT() REPRESENTATION_CONTEXT('2D SPACE',''
  ) );
#2536 = PCURVE('',#999,#2537);
#2537 = DEFINITIONAL_REPRESENTATION('',(#2538),#2542);
#2538 = LINE('',#2539,#2540);
#2539 = CARTESIAN_POINT('',(-0.785398163397,0.));
#2540 = VECTOR('',#2541,1.);
#2541 = DIRECTION('',(-0.,1.));
#2542 = ( GEOMETRIC_REPRESENTATION_CONTEXT(2) 
PARAMETRIC_REPRESENTATION_CONTEXT() REPRESENTATION_CONTEXT('2D SPACE',''
  ) );
#2543 = ADVANCED_FACE('',(#2544),#999,.F.);
#2544 = FACE_BOUND('',#2545,.T.);
#2545 = EDGE_LOOP('',(#2546,#2569,#2595,#2596));
#2546 = ORIENTED_EDGE('',*,*,#2547,.F.);
#2547 = EDGE_CURVE('',#2548,#957,#2550,.T.);
#2548 = VERTEX_POINT('',#2549);
#2549 = CARTESIAN_POINT('',(-29.47756492761,-22.86558082289,169.77));
#2550 = SURFACE_CURVE('',#2551,(#2555,#2562),.PCURVE_S1.);
#2551 = LINE('',#2552,#2553);
#2552 = CARTESIAN_POINT('',(-29.47756492761,-22.86558082289,169.77));
#2553 = VECTOR('',#2554,1.);
#2554 = DIRECTION('',(0.,-0.,1.));
#2555 = PCURVE('',#999,#2556);
#2556 = DEFINITIONAL_REPRESENTATION('',(#2557),#2561);
#2557 = LINE('',#2558,#2559);
#2558 = CARTESIAN_POINT('',(-0.,0.));
#2559 = VECTOR('',#2560,1.);
#2560 = DIRECTION('',(-0.,1.));
#2561 = ( GEOMETRIC_REPRESENTATION_CONTEXT(2) 
PARAMETRIC_REPRESENTATION_CONTEXT() REPRESENTATION_CONTEXT('2D SPACE',''
  ) );
#2562 = PCURVE('',#971,#2563);
#2563 = DEFINITIONAL_REPRESENTATION('',(#2564),#2568);
#2564 = LINE('',#2565,#2566);
#2565 = CARTESIAN_POINT('',(32.336814511278,-0.2));
#2566 = VECTOR('',#2567,1.);
#2567 = DIRECTION('',(0.,-1.));
#2568 = ( GEOMETRIC_REPRESENTATION_CONTEXT(2) 
PARAMETRIC_REPRESENTATION_CONTEXT() REPRESENTATION_CONTEXT('2D SPACE',''
  ) );
#2569 = ORIENTED_EDGE('',*,*,#2570,.T.);
#2570 = EDGE_CURVE('',#2548,#2499,#2571,.T.);
#2571 = SURFACE_CURVE('',#2572,(#2577,#2584),.PCURVE_S1.);
#2572 = CIRCLE('',#2573,8.1);
#2573 = AXIS2_PLACEMENT_3D('',#2574,#2575,#2576);
#2574 = CARTESIAN_POINT('',(-23.75,-17.13801589528,169.77));
#2575 = DIRECTION('',(-0.,0.,-1.));
#2576 = DIRECTION('',(0.,-1.,-0.));
#2577 = PCURVE('',#999,#2578);
#2578 = DEFINITIONAL_REPRESENTATION('',(#2579),#2583);
#2579 = LINE('',#2580,#2581);
#2580 = CARTESIAN_POINT('',(0.785398163397,2.84217094304E-14));
#2581 = VECTOR('',#2582,1.);
#2582 = DIRECTION('',(-1.,0.));
#2583 = ( GEOMETRIC_REPRESENTATION_CONTEXT(2) 
PARAMETRIC_REPRESENTATION_CONTEXT() REPRESENTATION_CONTEXT('2D SPACE',''
  ) );
#2584 = PCURVE('',#1956,#2585);
#2585 = DEFINITIONAL_REPRESENTATION('',(#2586),#2594);
#2586 = ( BOUNDED_CURVE() B_SPLINE_CURVE(2,(#2587,#2588,#2589,#2590,
#2591,#2592,#2593),.UNSPECIFIED.,.T.,.F.) B_SPLINE_CURVE_WITH_KNOTS((1,2
    ,2,2,2,1),(-2.094395102393,0.,2.094395102393,4.188790204786,
6.28318530718,8.377580409573),.UNSPECIFIED.) CURVE() 
GEOMETRIC_REPRESENTATION_ITEM() RATIONAL_B_SPLINE_CURVE((1.,0.5,1.,0.5,
1.,0.5,1.)) REPRESENTATION_ITEM('') );
#2587 = CARTESIAN_POINT('',(-23.75,-25.23801589528));
#2588 = CARTESIAN_POINT('',(-37.7796115413,-25.23801589528));
#2589 = CARTESIAN_POINT('',(-30.76480577065,-13.08801589528));
#2590 = CARTESIAN_POINT('',(-23.75,-0.938015895286));
#2591 = CARTESIAN_POINT('',(-16.73519422934,-13.08801589528));
#2592 = CARTESIAN_POINT('',(-9.720388458692,-25.23801589528));
#2593 = CARTESIAN_POINT('',(-23.75,-25.23801589528));
#2594 = ( GEOMETRIC_REPRESENTATION_CONTEXT(2) 
PARAMETRIC_REPRESENTATION_CONTEXT() REPRESENTATION_CONTEXT('2D SPACE',''
  ) );
#2595 = ORIENTED_EDGE('',*,*,#2523,.T.);
#2596 = ORIENTED_EDGE('',*,*,#982,.T.);
#2597 = ADVANCED_FACE('',(#2598),#971,.T.);
#2598 = FACE_BOUND('',#2599,.T.);
#2599 = EDGE_LOOP('',(#2600,#2601,#2624,#2643));
#2600 = ORIENTED_EDGE('',*,*,#956,.F.);
#2601 = ORIENTED_EDGE('',*,*,#2602,.T.);
#2602 = EDGE_CURVE('',#924,#2603,#2605,.T.);
#2603 = VERTEX_POINT('',#2604);
#2604 = CARTESIAN_POINT('',(-22.86558082289,-29.47756492761,169.77));
#2605 = SURFACE_CURVE('',#2606,(#2610,#2617),.PCURVE_S1.);
#2606 = LINE('',#2607,#2608);
#2607 = CARTESIAN_POINT('',(-22.86558082289,-29.47756492761,171.37));
#2608 = VECTOR('',#2609,1.);
#2609 = DIRECTION('',(0.,0.,-1.));
#2610 = PCURVE('',#971,#2611);
#2611 = DEFINITIONAL_REPRESENTATION('',(#2612),#2616);
#2612 = LINE('',#2613,#2614);
#2613 = CARTESIAN_POINT('',(41.687572106361,-1.8));
#2614 = VECTOR('',#2615,1.);
#2615 = DIRECTION('',(0.,1.));
#2616 = ( GEOMETRIC_REPRESENTATION_CONTEXT(2) 
PARAMETRIC_REPRESENTATION_CONTEXT() REPRESENTATION_CONTEXT('2D SPACE',''
  ) );
#2617 = PCURVE('',#944,#2618);
#2618 = DEFINITIONAL_REPRESENTATION('',(#2619),#2623);
#2619 = LINE('',#2620,#2621);
#2620 = CARTESIAN_POINT('',(0.785398163397,0.));
#2621 = VECTOR('',#2622,1.);
#2622 = DIRECTION('',(0.,1.));
#2623 = ( GEOMETRIC_REPRESENTATION_CONTEXT(2) 
PARAMETRIC_REPRESENTATION_CONTEXT() REPRESENTATION_CONTEXT('2D SPACE',''
  ) );
#2624 = ORIENTED_EDGE('',*,*,#2625,.T.);
#2625 = EDGE_CURVE('',#2603,#2548,#2626,.T.);
#2626 = SURFACE_CURVE('',#2627,(#2631,#2637),.PCURVE_S1.);
#2627 = LINE('',#2628,#2629);
#2628 = CARTESIAN_POINT('',(-39.25735931288,-13.08578643762,169.77));
#2629 = VECTOR('',#2630,1.);
#2630 = DIRECTION('',(-0.707106781187,0.707106781187,0.));
#2631 = PCURVE('',#971,#2632);
#2632 = DEFINITIONAL_REPRESENTATION('',(#2633),#2636);
#2633 = B_SPLINE_CURVE_WITH_KNOTS('',1,(#2634,#2635),.UNSPECIFIED.,.F.,
  .F.,(2,2),(-26.53660530717,-10.47558800164),.PIECEWISE_BEZIER_KNOTS.);
#2634 = CARTESIAN_POINT('',(45.042701961583,-0.2));
#2635 = CARTESIAN_POINT('',(28.981684656056,-0.2));
#2636 = ( GEOMETRIC_REPRESENTATION_CONTEXT(2) 
PARAMETRIC_REPRESENTATION_CONTEXT() REPRESENTATION_CONTEXT('2D SPACE',''
  ) );
#2637 = PCURVE('',#1956,#2638);
#2638 = DEFINITIONAL_REPRESENTATION('',(#2639),#2642);
#2639 = B_SPLINE_CURVE_WITH_KNOTS('',1,(#2640,#2641),.UNSPECIFIED.,.F.,
  .F.,(2,2),(-26.53660530717,-10.47558800164),.PIECEWISE_BEZIER_KNOTS.);
#2640 = CARTESIAN_POINT('',(-20.4931457505,-31.85));
#2641 = CARTESIAN_POINT('',(-31.85,-20.4931457505));
#2642 = ( GEOMETRIC_REPRESENTATION_CONTEXT(2) 
PARAMETRIC_REPRESENTATION_CONTEXT() REPRESENTATION_CONTEXT('2D SPACE',''
  ) );
#2643 = ORIENTED_EDGE('',*,*,#2547,.T.);
#2644 = ADVANCED_FACE('',(#2645),#944,.F.);
#2645 = FACE_BOUND('',#2646,.F.);
#2646 = EDGE_LOOP('',(#2647,#2670,#2671,#2672));
#2647 = ORIENTED_EDGE('',*,*,#2648,.F.);
#2648 = EDGE_CURVE('',#903,#2649,#2651,.T.);
#2649 = VERTEX_POINT('',#2650);
#2650 = CARTESIAN_POINT('',(-17.13801589528,-31.85,169.77));
#2651 = SURFACE_CURVE('',#2652,(#2656,#2663),.PCURVE_S1.);
#2652 = LINE('',#2653,#2654);
#2653 = CARTESIAN_POINT('',(-17.13801589528,-31.85,171.37));
#2654 = VECTOR('',#2655,1.);
#2655 = DIRECTION('',(0.,0.,-1.));
#2656 = PCURVE('',#944,#2657);
#2657 = DEFINITIONAL_REPRESENTATION('',(#2658),#2662);
#2658 = LINE('',#2659,#2660);
#2659 = CARTESIAN_POINT('',(0.,0.));
#2660 = VECTOR('',#2661,1.);
#2661 = DIRECTION('',(0.,1.));
#2662 = ( GEOMETRIC_REPRESENTATION_CONTEXT(2) 
PARAMETRIC_REPRESENTATION_CONTEXT() REPRESENTATION_CONTEXT('2D SPACE',''
  ) );
#2663 = PCURVE('',#813,#2664);
#2664 = DEFINITIONAL_REPRESENTATION('',(#2665),#2669);
#2665 = LINE('',#2666,#2667);
#2666 = CARTESIAN_POINT('',(14.711984104714,-1.6));
#2667 = VECTOR('',#2668,1.);
#2668 = DIRECTION('',(0.,1.));
#2669 = ( GEOMETRIC_REPRESENTATION_CONTEXT(2) 
PARAMETRIC_REPRESENTATION_CONTEXT() REPRESENTATION_CONTEXT('2D SPACE',''
  ) );
#2670 = ORIENTED_EDGE('',*,*,#923,.T.);
#2671 = ORIENTED_EDGE('',*,*,#2602,.T.);
#2672 = ORIENTED_EDGE('',*,*,#2673,.F.);
#2673 = EDGE_CURVE('',#2649,#2603,#2674,.T.);
#2674 = SURFACE_CURVE('',#2675,(#2680,#2687),.PCURVE_S1.);
#2675 = CIRCLE('',#2676,8.1);
#2676 = AXIS2_PLACEMENT_3D('',#2677,#2678,#2679);
#2677 = CARTESIAN_POINT('',(-17.13801589528,-23.75,169.77));
#2678 = DIRECTION('',(0.,0.,-1.));
#2679 = DIRECTION('',(0.,1.,0.));
#2680 = PCURVE('',#944,#2681);
#2681 = DEFINITIONAL_REPRESENTATION('',(#2682),#2686);
#2682 = LINE('',#2683,#2684);
#2683 = CARTESIAN_POINT('',(-3.14159265359,1.6));
#2684 = VECTOR('',#2685,1.);
#2685 = DIRECTION('',(1.,0.));
#2686 = ( GEOMETRIC_REPRESENTATION_CONTEXT(2) 
PARAMETRIC_REPRESENTATION_CONTEXT() REPRESENTATION_CONTEXT('2D SPACE',''
  ) );
#2687 = PCURVE('',#1956,#2688);
#2688 = DEFINITIONAL_REPRESENTATION('',(#2689),#2697);
#2689 = ( BOUNDED_CURVE() B_SPLINE_CURVE(2,(#2690,#2691,#2692,#2693,
#2694,#2695,#2696),.UNSPECIFIED.,.T.,.F.) B_SPLINE_CURVE_WITH_KNOTS((1,2
    ,2,2,2,1),(-2.094395102393,0.,2.094395102393,4.188790204786,
6.28318530718,8.377580409573),.UNSPECIFIED.) CURVE() 
GEOMETRIC_REPRESENTATION_ITEM() RATIONAL_B_SPLINE_CURVE((1.,0.5,1.,0.5,
1.,0.5,1.)) REPRESENTATION_ITEM('') );
#2690 = CARTESIAN_POINT('',(-17.13801589528,-15.65));
#2691 = CARTESIAN_POINT('',(-3.108404353978,-15.65));
#2692 = CARTESIAN_POINT('',(-10.12321012463,-27.8));
#2693 = CARTESIAN_POINT('',(-17.13801589528,-39.95));
#2694 = CARTESIAN_POINT('',(-24.15282166593,-27.8));
#2695 = CARTESIAN_POINT('',(-31.16762743659,-15.65));
#2696 = CARTESIAN_POINT('',(-17.13801589528,-15.65));
#2697 = ( GEOMETRIC_REPRESENTATION_CONTEXT(2) 
PARAMETRIC_REPRESENTATION_CONTEXT() REPRESENTATION_CONTEXT('2D SPACE',''
  ) );
#2698 = ADVANCED_FACE('',(#2699),#813,.T.);
#2699 = FACE_BOUND('',#2700,.T.);
#2700 = EDGE_LOOP('',(#2701,#2722,#2723,#2724,#2745,#2771,#2790,#2791));
#2701 = ORIENTED_EDGE('',*,*,#2702,.F.);
#2702 = EDGE_CURVE('',#2649,#1917,#2703,.T.);
#2703 = SURFACE_CURVE('',#2704,(#2708,#2715),.PCURVE_S1.);
#2704 = LINE('',#2705,#2706);
#2705 = CARTESIAN_POINT('',(-31.85,-31.85,169.77));
#2706 = VECTOR('',#2707,1.);
#2707 = DIRECTION('',(1.,0.,0.));
#2708 = PCURVE('',#813,#2709);
#2709 = DEFINITIONAL_REPRESENTATION('',(#2710),#2714);
#2710 = LINE('',#2711,#2712);
#2711 = CARTESIAN_POINT('',(0.,0.));
#2712 = VECTOR('',#2713,1.);
#2713 = DIRECTION('',(1.,0.));
#2714 = ( GEOMETRIC_REPRESENTATION_CONTEXT(2) 
PARAMETRIC_REPRESENTATION_CONTEXT() REPRESENTATION_CONTEXT('2D SPACE',''
  ) );
#2715 = PCURVE('',#1956,#2716);
#2716 = DEFINITIONAL_REPRESENTATION('',(#2717),#2721);
#2717 = LINE('',#2718,#2719);
#2718 = CARTESIAN_POINT('',(-31.85,-31.85));
#2719 = VECTOR('',#2720,1.);
#2720 = DIRECTION('',(1.,0.));
#2721 = ( GEOMETRIC_REPRESENTATION_CONTEXT(2) 
PARAMETRIC_REPRESENTATION_CONTEXT() REPRESENTATION_CONTEXT('2D SPACE',''
  ) );
#2722 = ORIENTED_EDGE('',*,*,#2648,.F.);
#2723 = ORIENTED_EDGE('',*,*,#902,.F.);
#2724 = ORIENTED_EDGE('',*,*,#2725,.T.);
#2725 = EDGE_CURVE('',#877,#2726,#2728,.T.);
#2726 = VERTEX_POINT('',#2727);
#2727 = CARTESIAN_POINT('',(-2.041666666667,-31.85,170.67));
#2728 = SURFACE_CURVE('',#2729,(#2733,#2739),.PCURVE_S1.);
#2729 = LINE('',#2730,#2731);
#2730 = CARTESIAN_POINT('',(-2.041666666667,-31.85,170.22));
#2731 = VECTOR('',#2732,1.);
#2732 = DIRECTION('',(0.,0.,-1.));
#2733 = PCURVE('',#813,#2734);
#2734 = DEFINITIONAL_REPRESENTATION('',(#2735),#2738);
#2735 = B_SPLINE_CURVE_WITH_KNOTS('',1,(#2736,#2737),.UNSPECIFIED.,.F.,
  .F.,(2,2),(-1.05,-0.45),.PIECEWISE_BEZIER_KNOTS.);
#2736 = CARTESIAN_POINT('',(29.808333333333,-1.5));
#2737 = CARTESIAN_POINT('',(29.808333333333,-0.9));
#2738 = ( GEOMETRIC_REPRESENTATION_CONTEXT(2) 
PARAMETRIC_REPRESENTATION_CONTEXT() REPRESENTATION_CONTEXT('2D SPACE',''
  ) );
#2739 = PCURVE('',#891,#2740);
#2740 = DEFINITIONAL_REPRESENTATION('',(#2741),#2744);
#2741 = B_SPLINE_CURVE_WITH_KNOTS('',1,(#2742,#2743),.UNSPECIFIED.,.F.,
  .F.,(2,2),(-1.05,-0.45),.PIECEWISE_BEZIER_KNOTS.);
#2742 = CARTESIAN_POINT('',(3.189185284329,-0.6));
#2743 = CARTESIAN_POINT('',(3.189185284329,0.));
#2744 = ( GEOMETRIC_REPRESENTATION_CONTEXT(2) 
PARAMETRIC_REPRESENTATION_CONTEXT() REPRESENTATION_CONTEXT('2D SPACE',''
  ) );
#2745 = ORIENTED_EDGE('',*,*,#2746,.T.);
#2746 = EDGE_CURVE('',#2726,#2747,#2749,.T.);
#2747 = VERTEX_POINT('',#2748);
#2748 = CARTESIAN_POINT('',(2.041666666667,-31.85,170.67));
#2749 = SURFACE_CURVE('',#2750,(#2754,#2760),.PCURVE_S1.);
#2750 = LINE('',#2751,#2752);
#2751 = CARTESIAN_POINT('',(-15.925,-31.85,170.67));
#2752 = VECTOR('',#2753,1.);
#2753 = DIRECTION('',(1.,0.,0.));
#2754 = PCURVE('',#813,#2755);
#2755 = DEFINITIONAL_REPRESENTATION('',(#2756),#2759);
#2756 = B_SPLINE_CURVE_WITH_KNOTS('',1,(#2757,#2758),.UNSPECIFIED.,.F.,
  .F.,(2,2),(13.425,18.425),.PIECEWISE_BEZIER_KNOTS.);
#2757 = CARTESIAN_POINT('',(29.35,-0.9));
#2758 = CARTESIAN_POINT('',(34.35,-0.9));
#2759 = ( GEOMETRIC_REPRESENTATION_CONTEXT(2) 
PARAMETRIC_REPRESENTATION_CONTEXT() REPRESENTATION_CONTEXT('2D SPACE',''
  ) );
#2760 = PCURVE('',#2761,#2766);
#2761 = PLANE('',#2762);
#2762 = AXIS2_PLACEMENT_3D('',#2763,#2764,#2765);
#2763 = CARTESIAN_POINT('',(0.,-31.48546868248,170.67));
#2764 = DIRECTION('',(0.,0.,1.));
#2765 = DIRECTION('',(1.,0.,-0.));
#2766 = DEFINITIONAL_REPRESENTATION('',(#2767),#2770);
#2767 = B_SPLINE_CURVE_WITH_KNOTS('',1,(#2768,#2769),.UNSPECIFIED.,.F.,
  .F.,(2,2),(13.425,18.425),.PIECEWISE_BEZIER_KNOTS.);
#2768 = CARTESIAN_POINT('',(-2.5,-0.364531317519));
#2769 = CARTESIAN_POINT('',(2.5,-0.364531317519));
#2770 = ( GEOMETRIC_REPRESENTATION_CONTEXT(2) 
PARAMETRIC_REPRESENTATION_CONTEXT() REPRESENTATION_CONTEXT('2D SPACE',''
  ) );
#2771 = ORIENTED_EDGE('',*,*,#2772,.T.);
#2772 = EDGE_CURVE('',#2747,#799,#2773,.T.);
#2773 = SURFACE_CURVE('',#2774,(#2778,#2784),.PCURVE_S1.);
#2774 = LINE('',#2775,#2776);
#2775 = CARTESIAN_POINT('',(2.041666666667,-31.85,170.22));
#2776 = VECTOR('',#2777,1.);
#2777 = DIRECTION('',(0.,-0.,1.));
#2778 = PCURVE('',#813,#2779);
#2779 = DEFINITIONAL_REPRESENTATION('',(#2780),#2783);
#2780 = B_SPLINE_CURVE_WITH_KNOTS('',1,(#2781,#2782),.UNSPECIFIED.,.F.,
  .F.,(2,2),(0.45,1.05),.PIECEWISE_BEZIER_KNOTS.);
#2781 = CARTESIAN_POINT('',(33.891666666667,-0.9));
#2782 = CARTESIAN_POINT('',(33.891666666667,-1.5));
#2783 = ( GEOMETRIC_REPRESENTATION_CONTEXT(2) 
PARAMETRIC_REPRESENTATION_CONTEXT() REPRESENTATION_CONTEXT('2D SPACE',''
  ) );
#2784 = PCURVE('',#839,#2785);
#2785 = DEFINITIONAL_REPRESENTATION('',(#2786),#2789);
#2786 = B_SPLINE_CURVE_WITH_KNOTS('',1,(#2787,#2788),.UNSPECIFIED.,.F.,
  .F.,(2,2),(0.45,1.05),.PIECEWISE_BEZIER_KNOTS.);
#2787 = CARTESIAN_POINT('',(0.715939553625,0.));
#2788 = CARTESIAN_POINT('',(0.715939553625,-0.6));
#2789 = ( GEOMETRIC_REPRESENTATION_CONTEXT(2) 
PARAMETRIC_REPRESENTATION_CONTEXT() REPRESENTATION_CONTEXT('2D SPACE',''
  ) );
#2790 = ORIENTED_EDGE('',*,*,#798,.F.);
#2791 = ORIENTED_EDGE('',*,*,#1916,.F.);
#2792 = ADVANCED_FACE('',(#2793),#891,.T.);
#2793 = FACE_BOUND('',#2794,.T.);
#2794 = EDGE_LOOP('',(#2795,#2818,#2819,#2820));
#2795 = ORIENTED_EDGE('',*,*,#2796,.F.);
#2796 = EDGE_CURVE('',#2726,#2797,#2799,.T.);
#2797 = VERTEX_POINT('',#2798);
#2798 = CARTESIAN_POINT('',(-2.5,-32.4,170.67));
#2799 = SURFACE_CURVE('',#2800,(#2804,#2811),.PCURVE_S1.);
#2800 = LINE('',#2801,#2802);
#2801 = CARTESIAN_POINT('',(-1.094344628242E-16,-29.4,170.67));
#2802 = VECTOR('',#2803,1.);
#2803 = DIRECTION('',(-0.640184399664,-0.768221279597,0.));
#2804 = PCURVE('',#891,#2805);
#2805 = DEFINITIONAL_REPRESENTATION('',(#2806),#2810);
#2806 = LINE('',#2807,#2808);
#2807 = CARTESIAN_POINT('',(0.,0.));
#2808 = VECTOR('',#2809,1.);
#2809 = DIRECTION('',(1.,0.));
#2810 = ( GEOMETRIC_REPRESENTATION_CONTEXT(2) 
PARAMETRIC_REPRESENTATION_CONTEXT() REPRESENTATION_CONTEXT('2D SPACE',''
  ) );
#2811 = PCURVE('',#2761,#2812);
#2812 = DEFINITIONAL_REPRESENTATION('',(#2813),#2817);
#2813 = LINE('',#2814,#2815);
#2814 = CARTESIAN_POINT('',(-1.094344628242E-16,2.085468682481));
#2815 = VECTOR('',#2816,1.);
#2816 = DIRECTION('',(-0.640184399664,-0.768221279597));
#2817 = ( GEOMETRIC_REPRESENTATION_CONTEXT(2) 
PARAMETRIC_REPRESENTATION_CONTEXT() REPRESENTATION_CONTEXT('2D SPACE',''
  ) );
#2818 = ORIENTED_EDGE('',*,*,#2725,.F.);
#2819 = ORIENTED_EDGE('',*,*,#876,.F.);
#2820 = ORIENTED_EDGE('',*,*,#2821,.F.);
#2821 = EDGE_CURVE('',#2797,#851,#2822,.T.);
#2822 = SURFACE_CURVE('',#2823,(#2827,#2834),.PCURVE_S1.);
#2823 = LINE('',#2824,#2825);
#2824 = CARTESIAN_POINT('',(-2.5,-32.4,170.67));
#2825 = VECTOR('',#2826,1.);
#2826 = DIRECTION('',(0.,0.,1.));
#2827 = PCURVE('',#891,#2828);
#2828 = DEFINITIONAL_REPRESENTATION('',(#2829),#2833);
#2829 = LINE('',#2830,#2831);
#2830 = CARTESIAN_POINT('',(3.905124837953,0.));
#2831 = VECTOR('',#2832,1.);
#2832 = DIRECTION('',(0.,-1.));
#2833 = ( GEOMETRIC_REPRESENTATION_CONTEXT(2) 
PARAMETRIC_REPRESENTATION_CONTEXT() REPRESENTATION_CONTEXT('2D SPACE',''
  ) );
#2834 = PCURVE('',#865,#2835);
#2835 = DEFINITIONAL_REPRESENTATION('',(#2836),#2840);
#2836 = LINE('',#2837,#2838);
#2837 = CARTESIAN_POINT('',(0.,0.));
#2838 = VECTOR('',#2839,1.);
#2839 = DIRECTION('',(0.,-1.));
#2840 = ( GEOMETRIC_REPRESENTATION_CONTEXT(2) 
PARAMETRIC_REPRESENTATION_CONTEXT() REPRESENTATION_CONTEXT('2D SPACE',''
  ) );
#2841 = ADVANCED_FACE('',(#2842),#865,.T.);
#2842 = FACE_BOUND('',#2843,.T.);
#2843 = EDGE_LOOP('',(#2844,#2867,#2868,#2869));
#2844 = ORIENTED_EDGE('',*,*,#2845,.F.);
#2845 = EDGE_CURVE('',#2797,#2846,#2848,.T.);
#2846 = VERTEX_POINT('',#2847);
#2847 = CARTESIAN_POINT('',(2.5,-32.4,170.67));
#2848 = SURFACE_CURVE('',#2849,(#2853,#2860),.PCURVE_S1.);
#2849 = LINE('',#2850,#2851);
#2850 = CARTESIAN_POINT('',(-2.5,-32.4,170.67));
#2851 = VECTOR('',#2852,1.);
#2852 = DIRECTION('',(1.,0.,0.));
#2853 = PCURVE('',#865,#2854);
#2854 = DEFINITIONAL_REPRESENTATION('',(#2855),#2859);
#2855 = LINE('',#2856,#2857);
#2856 = CARTESIAN_POINT('',(0.,0.));
#2857 = VECTOR('',#2858,1.);
#2858 = DIRECTION('',(1.,0.));
#2859 = ( GEOMETRIC_REPRESENTATION_CONTEXT(2) 
PARAMETRIC_REPRESENTATION_CONTEXT() REPRESENTATION_CONTEXT('2D SPACE',''
  ) );
#2860 = PCURVE('',#2761,#2861);
#2861 = DEFINITIONAL_REPRESENTATION('',(#2862),#2866);
#2862 = LINE('',#2863,#2864);
#2863 = CARTESIAN_POINT('',(-2.5,-0.914531317519));
#2864 = VECTOR('',#2865,1.);
#2865 = DIRECTION('',(1.,0.));
#2866 = ( GEOMETRIC_REPRESENTATION_CONTEXT(2) 
PARAMETRIC_REPRESENTATION_CONTEXT() REPRESENTATION_CONTEXT('2D SPACE',''
  ) );
#2867 = ORIENTED_EDGE('',*,*,#2821,.T.);
#2868 = ORIENTED_EDGE('',*,*,#850,.F.);
#2869 = ORIENTED_EDGE('',*,*,#2870,.F.);
#2870 = EDGE_CURVE('',#2846,#825,#2871,.T.);
#2871 = SURFACE_CURVE('',#2872,(#2876,#2883),.PCURVE_S1.);
#2872 = LINE('',#2873,#2874);
#2873 = CARTESIAN_POINT('',(2.5,-32.4,170.67));
#2874 = VECTOR('',#2875,1.);
#2875 = DIRECTION('',(0.,0.,1.));
#2876 = PCURVE('',#865,#2877);
#2877 = DEFINITIONAL_REPRESENTATION('',(#2878),#2882);
#2878 = LINE('',#2879,#2880);
#2879 = CARTESIAN_POINT('',(5.,0.));
#2880 = VECTOR('',#2881,1.);
#2881 = DIRECTION('',(0.,-1.));
#2882 = ( GEOMETRIC_REPRESENTATION_CONTEXT(2) 
PARAMETRIC_REPRESENTATION_CONTEXT() REPRESENTATION_CONTEXT('2D SPACE',''
  ) );
#2883 = PCURVE('',#839,#2884);
#2884 = DEFINITIONAL_REPRESENTATION('',(#2885),#2889);
#2885 = LINE('',#2886,#2887);
#2886 = CARTESIAN_POINT('',(0.,0.));
#2887 = VECTOR('',#2888,1.);
#2888 = DIRECTION('',(0.,-1.));
#2889 = ( GEOMETRIC_REPRESENTATION_CONTEXT(2) 
PARAMETRIC_REPRESENTATION_CONTEXT() REPRESENTATION_CONTEXT('2D SPACE',''
  ) );
#2890 = ADVANCED_FACE('',(#2891),#839,.T.);
#2891 = FACE_BOUND('',#2892,.T.);
#2892 = EDGE_LOOP('',(#2893,#2914,#2915,#2916));
#2893 = ORIENTED_EDGE('',*,*,#2894,.F.);
#2894 = EDGE_CURVE('',#2846,#2747,#2895,.T.);
#2895 = SURFACE_CURVE('',#2896,(#2900,#2907),.PCURVE_S1.);
#2896 = LINE('',#2897,#2898);
#2897 = CARTESIAN_POINT('',(2.5,-32.4,170.67));
#2898 = VECTOR('',#2899,1.);
#2899 = DIRECTION('',(-0.640184399664,0.768221279597,0.));
#2900 = PCURVE('',#839,#2901);
#2901 = DEFINITIONAL_REPRESENTATION('',(#2902),#2906);
#2902 = LINE('',#2903,#2904);
#2903 = CARTESIAN_POINT('',(0.,0.));
#2904 = VECTOR('',#2905,1.);
#2905 = DIRECTION('',(1.,0.));
#2906 = ( GEOMETRIC_REPRESENTATION_CONTEXT(2) 
PARAMETRIC_REPRESENTATION_CONTEXT() REPRESENTATION_CONTEXT('2D SPACE',''
  ) );
#2907 = PCURVE('',#2761,#2908);
#2908 = DEFINITIONAL_REPRESENTATION('',(#2909),#2913);
#2909 = LINE('',#2910,#2911);
#2910 = CARTESIAN_POINT('',(2.5,-0.914531317519));
#2911 = VECTOR('',#2912,1.);
#2912 = DIRECTION('',(-0.640184399664,0.768221279597));
#2913 = ( GEOMETRIC_REPRESENTATION_CONTEXT(2) 
PARAMETRIC_REPRESENTATION_CONTEXT() REPRESENTATION_CONTEXT('2D SPACE',''
  ) );
#2914 = ORIENTED_EDGE('',*,*,#2870,.T.);
#2915 = ORIENTED_EDGE('',*,*,#824,.F.);
#2916 = ORIENTED_EDGE('',*,*,#2772,.F.);
#2917 = ADVANCED_FACE('',(#2918),#1345,.F.);
#2918 = FACE_BOUND('',#2919,.T.);
#2919 = EDGE_LOOP('',(#2920,#2949,#2970,#2971));
#2920 = ORIENTED_EDGE('',*,*,#2921,.F.);
#2921 = EDGE_CURVE('',#2922,#2922,#2924,.T.);
#2922 = VERTEX_POINT('',#2923);
#2923 = CARTESIAN_POINT('',(31.,29.,165.27));
#2924 = SURFACE_CURVE('',#2925,(#2930,#2937),.PCURVE_S1.);
#2925 = CIRCLE('',#2926,2.);
#2926 = AXIS2_PLACEMENT_3D('',#2927,#2928,#2929);
#2927 = CARTESIAN_POINT('',(29.,29.,165.27));
#2928 = DIRECTION('',(0.,0.,1.));
#2929 = DIRECTION('',(1.,0.,0.));
#2930 = PCURVE('',#1345,#2931);
#2931 = DEFINITIONAL_REPRESENTATION('',(#2932),#2936);
#2932 = LINE('',#2933,#2934);
#2933 = CARTESIAN_POINT('',(-0.,0.));
#2934 = VECTOR('',#2935,1.);
#2935 = DIRECTION('',(-1.,0.));
#2936 = ( GEOMETRIC_REPRESENTATION_CONTEXT(2) 
PARAMETRIC_REPRESENTATION_CONTEXT() REPRESENTATION_CONTEXT('2D SPACE',''
  ) );
#2937 = PCURVE('',#2938,#2943);
#2938 = PLANE('',#2939);
#2939 = AXIS2_PLACEMENT_3D('',#2940,#2941,#2942);
#2940 = CARTESIAN_POINT('',(29.,29.,165.27));
#2941 = DIRECTION('',(0.,0.,1.));
#2942 = DIRECTION('',(1.,0.,-0.));
#2943 = DEFINITIONAL_REPRESENTATION('',(#2944),#2948);
#2944 = CIRCLE('',#2945,2.);
#2945 = AXIS2_PLACEMENT_2D('',#2946,#2947);
#2946 = CARTESIAN_POINT('',(0.,0.));
#2947 = DIRECTION('',(1.,0.));
#2948 = ( GEOMETRIC_REPRESENTATION_CONTEXT(2) 
PARAMETRIC_REPRESENTATION_CONTEXT() REPRESENTATION_CONTEXT('2D SPACE',''
  ) );
#2949 = ORIENTED_EDGE('',*,*,#2950,.T.);
#2950 = EDGE_CURVE('',#2922,#1325,#2951,.T.);
#2951 = SEAM_CURVE('',#2952,(#2956,#2963),.PCURVE_S1.);
#2952 = LINE('',#2953,#2954);
#2953 = CARTESIAN_POINT('',(31.,29.,165.27));
#2954 = VECTOR('',#2955,1.);
#2955 = DIRECTION('',(0.,0.,1.));
#2956 = PCURVE('',#1345,#2957);
#2957 = DEFINITIONAL_REPRESENTATION('',(#2958),#2962);
#2958 = LINE('',#2959,#2960);
#2959 = CARTESIAN_POINT('',(-6.28318530718,0.));
#2960 = VECTOR('',#2961,1.);
#2961 = DIRECTION('',(-0.,-1.));
#2962 = ( GEOMETRIC_REPRESENTATION_CONTEXT(2) 
PARAMETRIC_REPRESENTATION_CONTEXT() REPRESENTATION_CONTEXT('2D SPACE',''
  ) );
#2963 = PCURVE('',#1345,#2964);
#2964 = DEFINITIONAL_REPRESENTATION('',(#2965),#2969);
#2965 = LINE('',#2966,#2967);
#2966 = CARTESIAN_POINT('',(-0.,0.));
#2967 = VECTOR('',#2968,1.);
#2968 = DIRECTION('',(-0.,-1.));
#2969 = ( GEOMETRIC_REPRESENTATION_CONTEXT(2) 
PARAMETRIC_REPRESENTATION_CONTEXT() REPRESENTATION_CONTEXT('2D SPACE',''
  ) );
#2970 = ORIENTED_EDGE('',*,*,#1324,.F.);
#2971 = ORIENTED_EDGE('',*,*,#2950,.F.);
#2972 = ADVANCED_FACE('',(#2973),#1458,.F.);
#2973 = FACE_BOUND('',#2974,.F.);
#2974 = EDGE_LOOP('',(#2975,#3004,#3025,#3026));
#2975 = ORIENTED_EDGE('',*,*,#2976,.F.);
#2976 = EDGE_CURVE('',#2977,#2977,#2979,.T.);
#2977 = VERTEX_POINT('',#2978);
#2978 = CARTESIAN_POINT('',(30.5,-14.5,16.75));
#2979 = SURFACE_CURVE('',#2980,(#2985,#2992),.PCURVE_S1.);
#2980 = CIRCLE('',#2981,3.25);
#2981 = AXIS2_PLACEMENT_3D('',#2982,#2983,#2984);
#2982 = CARTESIAN_POINT('',(30.5,-14.5,20.));
#2983 = DIRECTION('',(-1.,0.,0.));
#2984 = DIRECTION('',(0.,0.,-1.));
#2985 = PCURVE('',#1458,#2986);
#2986 = DEFINITIONAL_REPRESENTATION('',(#2987),#2991);
#2987 = LINE('',#2988,#2989);
#2988 = CARTESIAN_POINT('',(0.,3.5));
#2989 = VECTOR('',#2990,1.);
#2990 = DIRECTION('',(1.,0.));
#2991 = ( GEOMETRIC_REPRESENTATION_CONTEXT(2) 
PARAMETRIC_REPRESENTATION_CONTEXT() REPRESENTATION_CONTEXT('2D SPACE',''
  ) );
#2992 = PCURVE('',#2993,#2998);
#2993 = PLANE('',#2994);
#2994 = AXIS2_PLACEMENT_3D('',#2995,#2996,#2997);
#2995 = CARTESIAN_POINT('',(30.5,-30.5,3.));
#2996 = DIRECTION('',(-1.,0.,0.));
#2997 = DIRECTION('',(0.,1.,0.));
#2998 = DEFINITIONAL_REPRESENTATION('',(#2999),#3003);
#2999 = CIRCLE('',#3000,3.25);
#3000 = AXIS2_PLACEMENT_2D('',#3001,#3002);
#3001 = CARTESIAN_POINT('',(16.,-17.));
#3002 = DIRECTION('',(0.,1.));
#3003 = ( GEOMETRIC_REPRESENTATION_CONTEXT(2) 
PARAMETRIC_REPRESENTATION_CONTEXT() REPRESENTATION_CONTEXT('2D SPACE',''
  ) );
#3004 = ORIENTED_EDGE('',*,*,#3005,.F.);
#3005 = EDGE_CURVE('',#1442,#2977,#3006,.T.);
#3006 = SEAM_CURVE('',#3007,(#3011,#3018),.PCURVE_S1.);
#3007 = LINE('',#3008,#3009);
#3008 = CARTESIAN_POINT('',(34.,-14.5,16.75));
#3009 = VECTOR('',#3010,1.);
#3010 = DIRECTION('',(-1.,0.,0.));
#3011 = PCURVE('',#1458,#3012);
#3012 = DEFINITIONAL_REPRESENTATION('',(#3013),#3017);
#3013 = LINE('',#3014,#3015);
#3014 = CARTESIAN_POINT('',(6.28318530718,-0.));
#3015 = VECTOR('',#3016,1.);
#3016 = DIRECTION('',(0.,1.));
#3017 = ( GEOMETRIC_REPRESENTATION_CONTEXT(2) 
PARAMETRIC_REPRESENTATION_CONTEXT() REPRESENTATION_CONTEXT('2D SPACE',''
  ) );
#3018 = PCURVE('',#1458,#3019);
#3019 = DEFINITIONAL_REPRESENTATION('',(#3020),#3024);
#3020 = LINE('',#3021,#3022);
#3021 = CARTESIAN_POINT('',(0.,-0.));
#3022 = VECTOR('',#3023,1.);
#3023 = DIRECTION('',(0.,1.));
#3024 = ( GEOMETRIC_REPRESENTATION_CONTEXT(2) 
PARAMETRIC_REPRESENTATION_CONTEXT() REPRESENTATION_CONTEXT('2D SPACE',''
  ) );
#3025 = ORIENTED_EDGE('',*,*,#1441,.T.);
#3026 = ORIENTED_EDGE('',*,*,#3005,.T.);
#3027 = ADVANCED_FACE('',(#3028),#1550,.F.);
#3028 = FACE_BOUND('',#3029,.F.);
#3029 = EDGE_LOOP('',(#3030,#3053,#3054,#3077));
#3030 = ORIENTED_EDGE('',*,*,#3031,.F.);
#3031 = EDGE_CURVE('',#1536,#3032,#3034,.T.);
#3032 = VERTEX_POINT('',#3033);
#3033 = CARTESIAN_POINT('',(-11.19346645647,37.5,48.135));
#3034 = SURFACE_CURVE('',#3035,(#3039,#3046),.PCURVE_S1.);
#3035 = LINE('',#3036,#3037);
#3036 = CARTESIAN_POINT('',(-8.193466456472,32.8,48.135));
#3037 = VECTOR('',#3038,1.);
#3038 = DIRECTION('',(-0.538035452922,0.842922209578,0.));
#3039 = PCURVE('',#1550,#3040);
#3040 = DEFINITIONAL_REPRESENTATION('',(#3041),#3045);
#3041 = LINE('',#3042,#3043);
#3042 = CARTESIAN_POINT('',(0.,0.));
#3043 = VECTOR('',#3044,1.);
#3044 = DIRECTION('',(-0.324290982044,0.945957376928));
#3045 = ( GEOMETRIC_REPRESENTATION_CONTEXT(2) 
PARAMETRIC_REPRESENTATION_CONTEXT() REPRESENTATION_CONTEXT('2D SPACE',''
  ) );
#3046 = PCURVE('',#1575,#3047);
#3047 = DEFINITIONAL_REPRESENTATION('',(#3048),#3052);
#3048 = LINE('',#3049,#3050);
#3049 = CARTESIAN_POINT('',(0.,0.));
#3050 = VECTOR('',#3051,1.);
#3051 = DIRECTION('',(1.,0.));
#3052 = ( GEOMETRIC_REPRESENTATION_CONTEXT(2) 
PARAMETRIC_REPRESENTATION_CONTEXT() REPRESENTATION_CONTEXT('2D SPACE',''
  ) );
#3053 = ORIENTED_EDGE('',*,*,#1533,.F.);
#3054 = ORIENTED_EDGE('',*,*,#3055,.F.);
#3055 = EDGE_CURVE('',#3056,#1534,#3058,.T.);
#3056 = VERTEX_POINT('',#3057);
#3057 = CARTESIAN_POINT('',(11.193466456472,37.5,48.135));
#3058 = SURFACE_CURVE('',#3059,(#3063,#3070),.PCURVE_S1.);
#3059 = LINE('',#3060,#3061);
#3060 = CARTESIAN_POINT('',(11.193466456472,37.5,48.135));
#3061 = VECTOR('',#3062,1.);
#3062 = DIRECTION('',(-0.538035452922,-0.842922209578,0.));
#3063 = PCURVE('',#1550,#3064);
#3064 = DEFINITIONAL_REPRESENTATION('',(#3065),#3069);
#3065 = LINE('',#3066,#3067);
#3066 = CARTESIAN_POINT('',(19.948512921293,2.509875193804E-17));
#3067 = VECTOR('',#3068,1.);
#3068 = DIRECTION('',(-0.721486943532,-0.692428039808));
#3069 = ( GEOMETRIC_REPRESENTATION_CONTEXT(2) 
PARAMETRIC_REPRESENTATION_CONTEXT() REPRESENTATION_CONTEXT('2D SPACE',''
  ) );
#3070 = PCURVE('',#1624,#3071);
#3071 = DEFINITIONAL_REPRESENTATION('',(#3072),#3076);
#3072 = LINE('',#3073,#3074);
#3073 = CARTESIAN_POINT('',(0.,0.));
#3074 = VECTOR('',#3075,1.);
#3075 = DIRECTION('',(1.,0.));
#3076 = ( GEOMETRIC_REPRESENTATION_CONTEXT(2) 
PARAMETRIC_REPRESENTATION_CONTEXT() REPRESENTATION_CONTEXT('2D SPACE',''
  ) );
#3077 = ORIENTED_EDGE('',*,*,#3078,.F.);
#3078 = EDGE_CURVE('',#3032,#3056,#3079,.T.);
#3079 = SURFACE_CURVE('',#3080,(#3084,#3091),.PCURVE_S1.);
#3080 = LINE('',#3081,#3082);
#3081 = CARTESIAN_POINT('',(-11.19346645647,37.5,48.135));
#3082 = VECTOR('',#3083,1.);
#3083 = DIRECTION('',(1.,0.,0.));
#3084 = PCURVE('',#1550,#3085);
#3085 = DEFINITIONAL_REPRESENTATION('',(#3086),#3090);
#3086 = LINE('',#3087,#3088);
#3087 = CARTESIAN_POINT('',(-1.808194870522,5.274507684156));
#3088 = VECTOR('',#3089,1.);
#3089 = DIRECTION('',(0.971848527729,-0.23560653461));
#3090 = ( GEOMETRIC_REPRESENTATION_CONTEXT(2) 
PARAMETRIC_REPRESENTATION_CONTEXT() REPRESENTATION_CONTEXT('2D SPACE',''
  ) );
#3091 = PCURVE('',#3092,#3097);
#3092 = B_SPLINE_SURFACE_WITH_KNOTS('',1,1,(
    (#3093,#3094)
    ,(#3095,#3096
    )),.UNSPECIFIED.,.F.,.F.,.F.,(2,2),(2,2),(0.,23.),(0.,1.),
  .PIECEWISE_BEZIER_KNOTS.);
#3093 = CARTESIAN_POINT('',(-11.19346645647,37.5,48.135));
#3094 = CARTESIAN_POINT('',(-11.5,37.5,123.135));
#3095 = CARTESIAN_POINT('',(11.193466456472,37.5,48.135));
#3096 = CARTESIAN_POINT('',(11.5,37.5,123.135));
#3097 = DEFINITIONAL_REPRESENTATION('',(#3098),#3101);
#3098 = B_SPLINE_CURVE_WITH_KNOTS('',1,(#3099,#3100),.UNSPECIFIED.,.F.,
  .F.,(2,2),(0.,22.386932912944),.PIECEWISE_BEZIER_KNOTS.);
#3099 = CARTESIAN_POINT('',(0.,0.));
#3100 = CARTESIAN_POINT('',(23.,0.));
#3101 = ( GEOMETRIC_REPRESENTATION_CONTEXT(2) 
PARAMETRIC_REPRESENTATION_CONTEXT() REPRESENTATION_CONTEXT('2D SPACE',''
  ) );
#3102 = ADVANCED_FACE('',(#3103),#1624,.F.);
#3103 = FACE_BOUND('',#3104,.F.);
#3104 = EDGE_LOOP('',(#3105,#3127,#3128,#3129));
#3105 = ORIENTED_EDGE('',*,*,#3106,.F.);
#3106 = EDGE_CURVE('',#3056,#3107,#3109,.T.);
#3107 = VERTEX_POINT('',#3108);
#3108 = CARTESIAN_POINT('',(11.5,37.5,123.135));
#3109 = SURFACE_CURVE('',#3110,(#3113,#3120),.PCURVE_S1.);
#3110 = B_SPLINE_CURVE_WITH_KNOTS('',1,(#3111,#3112),.UNSPECIFIED.,.F.,
  .F.,(2,2),(0.,1.),.PIECEWISE_BEZIER_KNOTS.);
#3111 = CARTESIAN_POINT('',(11.193466456472,37.5,48.135));
#3112 = CARTESIAN_POINT('',(11.5,37.5,123.135));
#3113 = PCURVE('',#1624,#3114);
#3114 = DEFINITIONAL_REPRESENTATION('',(#3115),#3119);
#3115 = LINE('',#3116,#3117);
#3116 = CARTESIAN_POINT('',(0.,0.));
#3117 = VECTOR('',#3118,1.);
#3118 = DIRECTION('',(0.,1.));
#3119 = ( GEOMETRIC_REPRESENTATION_CONTEXT(2) 
PARAMETRIC_REPRESENTATION_CONTEXT() REPRESENTATION_CONTEXT('2D SPACE',''
  ) );
#3120 = PCURVE('',#3092,#3121);
#3121 = DEFINITIONAL_REPRESENTATION('',(#3122),#3126);
#3122 = LINE('',#3123,#3124);
#3123 = CARTESIAN_POINT('',(23.,0.));
#3124 = VECTOR('',#3125,1.);
#3125 = DIRECTION('',(0.,1.));
#3126 = ( GEOMETRIC_REPRESENTATION_CONTEXT(2) 
PARAMETRIC_REPRESENTATION_CONTEXT() REPRESENTATION_CONTEXT('2D SPACE',''
  ) );
#3127 = ORIENTED_EDGE('',*,*,#3055,.T.);
#3128 = ORIENTED_EDGE('',*,*,#1612,.T.);
#3129 = ORIENTED_EDGE('',*,*,#3130,.F.);
#3130 = EDGE_CURVE('',#3107,#1587,#3131,.T.);
#3131 = SURFACE_CURVE('',#3132,(#3136,#3143),.PCURVE_S1.);
#3132 = LINE('',#3133,#3134);
#3133 = CARTESIAN_POINT('',(11.5,37.5,123.135));
#3134 = VECTOR('',#3135,1.);
#3135 = DIRECTION('',(-0.538035452922,-0.842922209578,0.));
#3136 = PCURVE('',#1624,#3137);
#3137 = DEFINITIONAL_REPRESENTATION('',(#3138),#3142);
#3138 = LINE('',#3139,#3140);
#3139 = CARTESIAN_POINT('',(0.,1.));
#3140 = VECTOR('',#3141,1.);
#3141 = DIRECTION('',(1.,0.));
#3142 = ( GEOMETRIC_REPRESENTATION_CONTEXT(2) 
PARAMETRIC_REPRESENTATION_CONTEXT() REPRESENTATION_CONTEXT('2D SPACE',''
  ) );
#3143 = PCURVE('',#1601,#3144);
#3144 = DEFINITIONAL_REPRESENTATION('',(#3145),#3149);
#3145 = LINE('',#3146,#3147);
#3146 = CARTESIAN_POINT('',(20.544829033117,-2.22044604925E-16));
#3147 = VECTOR('',#3148,1.);
#3148 = DIRECTION('',(-0.716600922778,-0.697483417347));
#3149 = ( GEOMETRIC_REPRESENTATION_CONTEXT(2) 
PARAMETRIC_REPRESENTATION_CONTEXT() REPRESENTATION_CONTEXT('2D SPACE',''
  ) );
#3150 = ADVANCED_FACE('',(#3151),#1601,.T.);
#3151 = FACE_BOUND('',#3152,.T.);
#3152 = EDGE_LOOP('',(#3153,#3176,#3177,#3178));
#3153 = ORIENTED_EDGE('',*,*,#3154,.F.);
#3154 = EDGE_CURVE('',#1562,#3155,#3157,.T.);
#3155 = VERTEX_POINT('',#3156);
#3156 = CARTESIAN_POINT('',(-11.5,37.5,123.135));
#3157 = SURFACE_CURVE('',#3158,(#3162,#3169),.PCURVE_S1.);
#3158 = LINE('',#3159,#3160);
#3159 = CARTESIAN_POINT('',(-8.5,32.8,123.135));
#3160 = VECTOR('',#3161,1.);
#3161 = DIRECTION('',(-0.538035452922,0.842922209578,0.));
#3162 = PCURVE('',#1601,#3163);
#3163 = DEFINITIONAL_REPRESENTATION('',(#3164),#3168);
#3164 = LINE('',#3165,#3166);
#3165 = CARTESIAN_POINT('',(0.,0.));
#3166 = VECTOR('',#3167,1.);
#3167 = DIRECTION('',(-0.330933621422,0.943654035234));
#3168 = ( GEOMETRIC_REPRESENTATION_CONTEXT(2) 
PARAMETRIC_REPRESENTATION_CONTEXT() REPRESENTATION_CONTEXT('2D SPACE',''
  ) );
#3169 = PCURVE('',#1575,#3170);
#3170 = DEFINITIONAL_REPRESENTATION('',(#3171),#3175);
#3171 = LINE('',#3172,#3173);
#3172 = CARTESIAN_POINT('',(0.,1.));
#3173 = VECTOR('',#3174,1.);
#3174 = DIRECTION('',(1.,0.));
#3175 = ( GEOMETRIC_REPRESENTATION_CONTEXT(2) 
PARAMETRIC_REPRESENTATION_CONTEXT() REPRESENTATION_CONTEXT('2D SPACE',''
  ) );
#3176 = ORIENTED_EDGE('',*,*,#1586,.F.);
#3177 = ORIENTED_EDGE('',*,*,#3130,.F.);
#3178 = ORIENTED_EDGE('',*,*,#3179,.F.);
#3179 = EDGE_CURVE('',#3155,#3107,#3180,.T.);
#3180 = SURFACE_CURVE('',#3181,(#3185,#3192),.PCURVE_S1.);
#3181 = LINE('',#3182,#3183);
#3182 = CARTESIAN_POINT('',(-11.5,37.5,123.135));
#3183 = VECTOR('',#3184,1.);
#3184 = DIRECTION('',(1.,0.,0.));
#3185 = PCURVE('',#1601,#3186);
#3186 = DEFINITIONAL_REPRESENTATION('',(#3187),#3191);
#3187 = LINE('',#3188,#3189);
#3188 = CARTESIAN_POINT('',(-1.845233169811,5.261664617688));
#3189 = VECTOR('',#3190,1.);
#3190 = DIRECTION('',(0.973480965345,-0.228768026856));
#3191 = ( GEOMETRIC_REPRESENTATION_CONTEXT(2) 
PARAMETRIC_REPRESENTATION_CONTEXT() REPRESENTATION_CONTEXT('2D SPACE',''
  ) );
#3192 = PCURVE('',#3092,#3193);
#3193 = DEFINITIONAL_REPRESENTATION('',(#3194),#3198);
#3194 = LINE('',#3195,#3196);
#3195 = CARTESIAN_POINT('',(0.,1.));
#3196 = VECTOR('',#3197,1.);
#3197 = DIRECTION('',(1.,0.));
#3198 = ( GEOMETRIC_REPRESENTATION_CONTEXT(2) 
PARAMETRIC_REPRESENTATION_CONTEXT() REPRESENTATION_CONTEXT('2D SPACE',''
  ) );
#3199 = ADVANCED_FACE('',(#3200),#1575,.F.);
#3200 = FACE_BOUND('',#3201,.F.);
#3201 = EDGE_LOOP('',(#3202,#3203,#3204,#3224));
#3202 = ORIENTED_EDGE('',*,*,#1561,.F.);
#3203 = ORIENTED_EDGE('',*,*,#3031,.T.);
#3204 = ORIENTED_EDGE('',*,*,#3205,.T.);
#3205 = EDGE_CURVE('',#3032,#3155,#3206,.T.);
#3206 = SURFACE_CURVE('',#3207,(#3210,#3217),.PCURVE_S1.);
#3207 = B_SPLINE_CURVE_WITH_KNOTS('',1,(#3208,#3209),.UNSPECIFIED.,.F.,
  .F.,(2,2),(0.,1.),.PIECEWISE_BEZIER_KNOTS.);
#3208 = CARTESIAN_POINT('',(-11.19346645647,37.5,48.135));
#3209 = CARTESIAN_POINT('',(-11.5,37.5,123.135));
#3210 = PCURVE('',#1575,#3211);
#3211 = DEFINITIONAL_REPRESENTATION('',(#3212),#3216);
#3212 = LINE('',#3213,#3214);
#3213 = CARTESIAN_POINT('',(5.57584074378,0.));
#3214 = VECTOR('',#3215,1.);
#3215 = DIRECTION('',(0.,1.));
#3216 = ( GEOMETRIC_REPRESENTATION_CONTEXT(2) 
PARAMETRIC_REPRESENTATION_CONTEXT() REPRESENTATION_CONTEXT('2D SPACE',''
  ) );
#3217 = PCURVE('',#3092,#3218);
#3218 = DEFINITIONAL_REPRESENTATION('',(#3219),#3223);
#3219 = LINE('',#3220,#3221);
#3220 = CARTESIAN_POINT('',(0.,0.));
#3221 = VECTOR('',#3222,1.);
#3222 = DIRECTION('',(0.,1.));
#3223 = ( GEOMETRIC_REPRESENTATION_CONTEXT(2) 
PARAMETRIC_REPRESENTATION_CONTEXT() REPRESENTATION_CONTEXT('2D SPACE',''
  ) );
#3224 = ORIENTED_EDGE('',*,*,#3154,.F.);
#3225 = ADVANCED_FACE('',(#3226,#3889,#3892),#1677,.T.);
#3226 = FACE_BOUND('',#3227,.T.);
#3227 = EDGE_LOOP('',(#3228,#3259,#3287,#3316,#3344,#3372,#3400,#3428,
    #3456,#3484,#3512,#3540,#3563,#3592,#3620,#3649,#3672,#3700,#3728,
    #3756,#3784,#3812,#3840,#3868));
#3228 = ORIENTED_EDGE('',*,*,#3229,.F.);
#3229 = EDGE_CURVE('',#3230,#3232,#3234,.T.);
#3230 = VERTEX_POINT('',#3231);
#3231 = CARTESIAN_POINT('',(24.021044286198,30.5,3.));
#3232 = VERTEX_POINT('',#3233);
#3233 = CARTESIAN_POINT('',(30.5,24.021044286198,3.));
#3234 = SURFACE_CURVE('',#3235,(#3240,#3247),.PCURVE_S1.);
#3235 = CIRCLE('',#3236,5.2);
#3236 = AXIS2_PLACEMENT_3D('',#3237,#3238,#3239);
#3237 = CARTESIAN_POINT('',(29.,29.,3.));
#3238 = DIRECTION('',(0.,0.,1.));
#3239 = DIRECTION('',(1.,0.,0.));
#3240 = PCURVE('',#1677,#3241);
#3241 = DEFINITIONAL_REPRESENTATION('',(#3242),#3246);
#3242 = CIRCLE('',#3243,5.2);
#3243 = AXIS2_PLACEMENT_2D('',#3244,#3245);
#3244 = CARTESIAN_POINT('',(29.,29.));
#3245 = DIRECTION('',(1.,0.));
#3246 = ( GEOMETRIC_REPRESENTATION_CONTEXT(2) 
PARAMETRIC_REPRESENTATION_CONTEXT() REPRESENTATION_CONTEXT('2D SPACE',''
  ) );
#3247 = PCURVE('',#3248,#3253);
#3248 = CYLINDRICAL_SURFACE('',#3249,5.2);
#3249 = AXIS2_PLACEMENT_3D('',#3250,#3251,#3252);
#3250 = CARTESIAN_POINT('',(29.,29.,3.));
#3251 = DIRECTION('',(-0.,-0.,-1.));
#3252 = DIRECTION('',(1.,0.,0.));
#3253 = DEFINITIONAL_REPRESENTATION('',(#3254),#3258);
#3254 = LINE('',#3255,#3256);
#3255 = CARTESIAN_POINT('',(-0.,0.));
#3256 = VECTOR('',#3257,1.);
#3257 = DIRECTION('',(-1.,0.));
#3258 = ( GEOMETRIC_REPRESENTATION_CONTEXT(2) 
PARAMETRIC_REPRESENTATION_CONTEXT() REPRESENTATION_CONTEXT('2D SPACE',''
  ) );
#3259 = ORIENTED_EDGE('',*,*,#3260,.T.);
#3260 = EDGE_CURVE('',#3230,#3261,#3263,.T.);
#3261 = VERTEX_POINT('',#3262);
#3262 = CARTESIAN_POINT('',(-24.02104428619,30.5,3.));
#3263 = SURFACE_CURVE('',#3264,(#3268,#3275),.PCURVE_S1.);
#3264 = LINE('',#3265,#3266);
#3265 = CARTESIAN_POINT('',(30.5,30.5,3.));
#3266 = VECTOR('',#3267,1.);
#3267 = DIRECTION('',(-1.,0.,0.));
#3268 = PCURVE('',#1677,#3269);
#3269 = DEFINITIONAL_REPRESENTATION('',(#3270),#3274);
#3270 = LINE('',#3271,#3272);
#3271 = CARTESIAN_POINT('',(30.5,30.5));
#3272 = VECTOR('',#3273,1.);
#3273 = DIRECTION('',(-1.,0.));
#3274 = ( GEOMETRIC_REPRESENTATION_CONTEXT(2) 
PARAMETRIC_REPRESENTATION_CONTEXT() REPRESENTATION_CONTEXT('2D SPACE',''
  ) );
#3275 = PCURVE('',#3276,#3281);
#3276 = PLANE('',#3277);
#3277 = AXIS2_PLACEMENT_3D('',#3278,#3279,#3280);
#3278 = CARTESIAN_POINT('',(30.5,30.5,3.));
#3279 = DIRECTION('',(0.,-1.,0.));
#3280 = DIRECTION('',(-1.,0.,0.));
#3281 = DEFINITIONAL_REPRESENTATION('',(#3282),#3286);
#3282 = LINE('',#3283,#3284);
#3283 = CARTESIAN_POINT('',(0.,-0.));
#3284 = VECTOR('',#3285,1.);
#3285 = DIRECTION('',(1.,0.));
#3286 = ( GEOMETRIC_REPRESENTATION_CONTEXT(2) 
PARAMETRIC_REPRESENTATION_CONTEXT() REPRESENTATION_CONTEXT('2D SPACE',''
  ) );
#3287 = ORIENTED_EDGE('',*,*,#3288,.F.);
#3288 = EDGE_CURVE('',#3289,#3261,#3291,.T.);
#3289 = VERTEX_POINT('',#3290);
#3290 = CARTESIAN_POINT('',(-30.5,24.021044286198,3.));
#3291 = SURFACE_CURVE('',#3292,(#3297,#3304),.PCURVE_S1.);
#3292 = CIRCLE('',#3293,5.2);
#3293 = AXIS2_PLACEMENT_3D('',#3294,#3295,#3296);
#3294 = CARTESIAN_POINT('',(-29.,29.,3.));
#3295 = DIRECTION('',(0.,0.,1.));
#3296 = DIRECTION('',(-0.769230769231,-0.638971066378,0.));
#3297 = PCURVE('',#1677,#3298);
#3298 = DEFINITIONAL_REPRESENTATION('',(#3299),#3303);
#3299 = CIRCLE('',#3300,5.2);
#3300 = AXIS2_PLACEMENT_2D('',#3301,#3302);
#3301 = CARTESIAN_POINT('',(-29.,29.));
#3302 = DIRECTION('',(-0.769230769231,-0.638971066378));
#3303 = ( GEOMETRIC_REPRESENTATION_CONTEXT(2) 
PARAMETRIC_REPRESENTATION_CONTEXT() REPRESENTATION_CONTEXT('2D SPACE',''
  ) );
#3304 = PCURVE('',#3305,#3310);
#3305 = CYLINDRICAL_SURFACE('',#3306,5.2);
#3306 = AXIS2_PLACEMENT_3D('',#3307,#3308,#3309);
#3307 = CARTESIAN_POINT('',(-29.,29.,3.));
#3308 = DIRECTION('',(-0.,-0.,-1.));
#3309 = DIRECTION('',(1.,0.,0.));
#3310 = DEFINITIONAL_REPRESENTATION('',(#3311),#3315);
#3311 = LINE('',#3312,#3313);
#3312 = CARTESIAN_POINT('',(-3.834752561167,0.));
#3313 = VECTOR('',#3314,1.);
#3314 = DIRECTION('',(-1.,0.));
#3315 = ( GEOMETRIC_REPRESENTATION_CONTEXT(2) 
PARAMETRIC_REPRESENTATION_CONTEXT() REPRESENTATION_CONTEXT('2D SPACE',''
  ) );
#3316 = ORIENTED_EDGE('',*,*,#3317,.T.);
#3317 = EDGE_CURVE('',#3289,#3318,#3320,.T.);
#3318 = VERTEX_POINT('',#3319);
#3319 = CARTESIAN_POINT('',(-30.5,11.7,3.));
#3320 = SURFACE_CURVE('',#3321,(#3325,#3332),.PCURVE_S1.);
#3321 = LINE('',#3322,#3323);
#3322 = CARTESIAN_POINT('',(-30.5,30.5,3.));
#3323 = VECTOR('',#3324,1.);
#3324 = DIRECTION('',(0.,-1.,0.));
#3325 = PCURVE('',#1677,#3326);
#3326 = DEFINITIONAL_REPRESENTATION('',(#3327),#3331);
#3327 = LINE('',#3328,#3329);
#3328 = CARTESIAN_POINT('',(-30.5,30.5));
#3329 = VECTOR('',#3330,1.);
#3330 = DIRECTION('',(0.,-1.));
#3331 = ( GEOMETRIC_REPRESENTATION_CONTEXT(2) 
PARAMETRIC_REPRESENTATION_CONTEXT() REPRESENTATION_CONTEXT('2D SPACE',''
  ) );
#3332 = PCURVE('',#3333,#3338);
#3333 = PLANE('',#3334);
#3334 = AXIS2_PLACEMENT_3D('',#3335,#3336,#3337);
#3335 = CARTESIAN_POINT('',(-30.5,30.5,3.));
#3336 = DIRECTION('',(1.,0.,-0.));
#3337 = DIRECTION('',(0.,-1.,0.));
#3338 = DEFINITIONAL_REPRESENTATION('',(#3339),#3343);
#3339 = LINE('',#3340,#3341);
#3340 = CARTESIAN_POINT('',(0.,0.));
#3341 = VECTOR('',#3342,1.);
#3342 = DIRECTION('',(1.,0.));
#3343 = ( GEOMETRIC_REPRESENTATION_CONTEXT(2) 
PARAMETRIC_REPRESENTATION_CONTEXT() REPRESENTATION_CONTEXT('2D SPACE',''
  ) );
#3344 = ORIENTED_EDGE('',*,*,#3345,.F.);
#3345 = EDGE_CURVE('',#3346,#3318,#3348,.T.);
#3346 = VERTEX_POINT('',#3347);
#3347 = CARTESIAN_POINT('',(-24.5,11.7,3.));
#3348 = SURFACE_CURVE('',#3349,(#3353,#3360),.PCURVE_S1.);
#3349 = LINE('',#3350,#3351);
#3350 = CARTESIAN_POINT('',(-24.5,11.7,3.));
#3351 = VECTOR('',#3352,1.);
#3352 = DIRECTION('',(-1.,0.,0.));
#3353 = PCURVE('',#1677,#3354);
#3354 = DEFINITIONAL_REPRESENTATION('',(#3355),#3359);
#3355 = LINE('',#3356,#3357);
#3356 = CARTESIAN_POINT('',(-24.5,11.7));
#3357 = VECTOR('',#3358,1.);
#3358 = DIRECTION('',(-1.,0.));
#3359 = ( GEOMETRIC_REPRESENTATION_CONTEXT(2) 
PARAMETRIC_REPRESENTATION_CONTEXT() REPRESENTATION_CONTEXT('2D SPACE',''
  ) );
#3360 = PCURVE('',#3361,#3366);
#3361 = PLANE('',#3362);
#3362 = AXIS2_PLACEMENT_3D('',#3363,#3364,#3365);
#3363 = CARTESIAN_POINT('',(-24.5,11.7,3.));
#3364 = DIRECTION('',(0.,-1.,0.));
#3365 = DIRECTION('',(-1.,0.,0.));
#3366 = DEFINITIONAL_REPRESENTATION('',(#3367),#3371);
#3367 = LINE('',#3368,#3369);
#3368 = CARTESIAN_POINT('',(0.,-0.));
#3369 = VECTOR('',#3370,1.);
#3370 = DIRECTION('',(1.,0.));
#3371 = ( GEOMETRIC_REPRESENTATION_CONTEXT(2) 
PARAMETRIC_REPRESENTATION_CONTEXT() REPRESENTATION_CONTEXT('2D SPACE',''
  ) );
#3372 = ORIENTED_EDGE('',*,*,#3373,.F.);
#3373 = EDGE_CURVE('',#3374,#3346,#3376,.T.);
#3374 = VERTEX_POINT('',#3375);
#3375 = CARTESIAN_POINT('',(-24.5,7.7,3.));
#3376 = SURFACE_CURVE('',#3377,(#3381,#3388),.PCURVE_S1.);
#3377 = LINE('',#3378,#3379);
#3378 = CARTESIAN_POINT('',(-24.5,7.7,3.));
#3379 = VECTOR('',#3380,1.);
#3380 = DIRECTION('',(0.,1.,0.));
#3381 = PCURVE('',#1677,#3382);
#3382 = DEFINITIONAL_REPRESENTATION('',(#3383),#3387);
#3383 = LINE('',#3384,#3385);
#3384 = CARTESIAN_POINT('',(-24.5,7.7));
#3385 = VECTOR('',#3386,1.);
#3386 = DIRECTION('',(0.,1.));
#3387 = ( GEOMETRIC_REPRESENTATION_CONTEXT(2) 
PARAMETRIC_REPRESENTATION_CONTEXT() REPRESENTATION_CONTEXT('2D SPACE',''
  ) );
#3388 = PCURVE('',#3389,#3394);
#3389 = PLANE('',#3390);
#3390 = AXIS2_PLACEMENT_3D('',#3391,#3392,#3393);
#3391 = CARTESIAN_POINT('',(-24.5,7.7,3.));
#3392 = DIRECTION('',(-1.,0.,0.));
#3393 = DIRECTION('',(0.,1.,0.));
#3394 = DEFINITIONAL_REPRESENTATION('',(#3395),#3399);
#3395 = LINE('',#3396,#3397);
#3396 = CARTESIAN_POINT('',(0.,0.));
#3397 = VECTOR('',#3398,1.);
#3398 = DIRECTION('',(1.,0.));
#3399 = ( GEOMETRIC_REPRESENTATION_CONTEXT(2) 
PARAMETRIC_REPRESENTATION_CONTEXT() REPRESENTATION_CONTEXT('2D SPACE',''
  ) );
#3400 = ORIENTED_EDGE('',*,*,#3401,.F.);
#3401 = EDGE_CURVE('',#3402,#3374,#3404,.T.);
#3402 = VERTEX_POINT('',#3403);
#3403 = CARTESIAN_POINT('',(-27.9,7.7,3.));
#3404 = SURFACE_CURVE('',#3405,(#3409,#3416),.PCURVE_S1.);
#3405 = LINE('',#3406,#3407);
#3406 = CARTESIAN_POINT('',(-30.7,7.7,3.));
#3407 = VECTOR('',#3408,1.);
#3408 = DIRECTION('',(1.,0.,0.));
#3409 = PCURVE('',#1677,#3410);
#3410 = DEFINITIONAL_REPRESENTATION('',(#3411),#3415);
#3411 = LINE('',#3412,#3413);
#3412 = CARTESIAN_POINT('',(-30.7,7.7));
#3413 = VECTOR('',#3414,1.);
#3414 = DIRECTION('',(1.,0.));
#3415 = ( GEOMETRIC_REPRESENTATION_CONTEXT(2) 
PARAMETRIC_REPRESENTATION_CONTEXT() REPRESENTATION_CONTEXT('2D SPACE',''
  ) );
#3416 = PCURVE('',#3417,#3422);
#3417 = PLANE('',#3418);
#3418 = AXIS2_PLACEMENT_3D('',#3419,#3420,#3421);
#3419 = CARTESIAN_POINT('',(-30.7,7.7,3.));
#3420 = DIRECTION('',(0.,1.,0.));
#3421 = DIRECTION('',(1.,0.,0.));
#3422 = DEFINITIONAL_REPRESENTATION('',(#3423),#3427);
#3423 = LINE('',#3424,#3425);
#3424 = CARTESIAN_POINT('',(0.,0.));
#3425 = VECTOR('',#3426,1.);
#3426 = DIRECTION('',(1.,0.));
#3427 = ( GEOMETRIC_REPRESENTATION_CONTEXT(2) 
PARAMETRIC_REPRESENTATION_CONTEXT() REPRESENTATION_CONTEXT('2D SPACE',''
  ) );
#3428 = ORIENTED_EDGE('',*,*,#3429,.F.);
#3429 = EDGE_CURVE('',#3430,#3402,#3432,.T.);
#3430 = VERTEX_POINT('',#3431);
#3431 = CARTESIAN_POINT('',(-27.9,4.3,3.));
#3432 = SURFACE_CURVE('',#3433,(#3437,#3444),.PCURVE_S1.);
#3433 = LINE('',#3434,#3435);
#3434 = CARTESIAN_POINT('',(-27.9,4.3,3.));
#3435 = VECTOR('',#3436,1.);
#3436 = DIRECTION('',(0.,1.,0.));
#3437 = PCURVE('',#1677,#3438);
#3438 = DEFINITIONAL_REPRESENTATION('',(#3439),#3443);
#3439 = LINE('',#3440,#3441);
#3440 = CARTESIAN_POINT('',(-27.9,4.3));
#3441 = VECTOR('',#3442,1.);
#3442 = DIRECTION('',(0.,1.));
#3443 = ( GEOMETRIC_REPRESENTATION_CONTEXT(2) 
PARAMETRIC_REPRESENTATION_CONTEXT() REPRESENTATION_CONTEXT('2D SPACE',''
  ) );
#3444 = PCURVE('',#3445,#3450);
#3445 = PLANE('',#3446);
#3446 = AXIS2_PLACEMENT_3D('',#3447,#3448,#3449);
#3447 = CARTESIAN_POINT('',(-27.9,4.3,3.));
#3448 = DIRECTION('',(-1.,0.,0.));
#3449 = DIRECTION('',(0.,1.,0.));
#3450 = DEFINITIONAL_REPRESENTATION('',(#3451),#3455);
#3451 = LINE('',#3452,#3453);
#3452 = CARTESIAN_POINT('',(0.,0.));
#3453 = VECTOR('',#3454,1.);
#3454 = DIRECTION('',(1.,0.));
#3455 = ( GEOMETRIC_REPRESENTATION_CONTEXT(2) 
PARAMETRIC_REPRESENTATION_CONTEXT() REPRESENTATION_CONTEXT('2D SPACE',''
  ) );
#3456 = ORIENTED_EDGE('',*,*,#3457,.F.);
#3457 = EDGE_CURVE('',#3458,#3430,#3460,.T.);
#3458 = VERTEX_POINT('',#3459);
#3459 = CARTESIAN_POINT('',(-24.5,4.3,3.));
#3460 = SURFACE_CURVE('',#3461,(#3465,#3472),.PCURVE_S1.);
#3461 = LINE('',#3462,#3463);
#3462 = CARTESIAN_POINT('',(-24.5,4.3,3.));
#3463 = VECTOR('',#3464,1.);
#3464 = DIRECTION('',(-1.,0.,0.));
#3465 = PCURVE('',#1677,#3466);
#3466 = DEFINITIONAL_REPRESENTATION('',(#3467),#3471);
#3467 = LINE('',#3468,#3469);
#3468 = CARTESIAN_POINT('',(-24.5,4.3));
#3469 = VECTOR('',#3470,1.);
#3470 = DIRECTION('',(-1.,0.));
#3471 = ( GEOMETRIC_REPRESENTATION_CONTEXT(2) 
PARAMETRIC_REPRESENTATION_CONTEXT() REPRESENTATION_CONTEXT('2D SPACE',''
  ) );
#3472 = PCURVE('',#3473,#3478);
#3473 = PLANE('',#3474);
#3474 = AXIS2_PLACEMENT_3D('',#3475,#3476,#3477);
#3475 = CARTESIAN_POINT('',(-24.5,4.3,3.));
#3476 = DIRECTION('',(0.,-1.,0.));
#3477 = DIRECTION('',(-1.,0.,0.));
#3478 = DEFINITIONAL_REPRESENTATION('',(#3479),#3483);
#3479 = LINE('',#3480,#3481);
#3480 = CARTESIAN_POINT('',(0.,-0.));
#3481 = VECTOR('',#3482,1.);
#3482 = DIRECTION('',(1.,0.));
#3483 = ( GEOMETRIC_REPRESENTATION_CONTEXT(2) 
PARAMETRIC_REPRESENTATION_CONTEXT() REPRESENTATION_CONTEXT('2D SPACE',''
  ) );
#3484 = ORIENTED_EDGE('',*,*,#3485,.F.);
#3485 = EDGE_CURVE('',#3486,#3458,#3488,.T.);
#3486 = VERTEX_POINT('',#3487);
#3487 = CARTESIAN_POINT('',(-24.5,0.3,3.));
#3488 = SURFACE_CURVE('',#3489,(#3493,#3500),.PCURVE_S1.);
#3489 = LINE('',#3490,#3491);
#3490 = CARTESIAN_POINT('',(-24.5,0.3,3.));
#3491 = VECTOR('',#3492,1.);
#3492 = DIRECTION('',(0.,1.,0.));
#3493 = PCURVE('',#1677,#3494);
#3494 = DEFINITIONAL_REPRESENTATION('',(#3495),#3499);
#3495 = LINE('',#3496,#3497);
#3496 = CARTESIAN_POINT('',(-24.5,0.3));
#3497 = VECTOR('',#3498,1.);
#3498 = DIRECTION('',(0.,1.));
#3499 = ( GEOMETRIC_REPRESENTATION_CONTEXT(2) 
PARAMETRIC_REPRESENTATION_CONTEXT() REPRESENTATION_CONTEXT('2D SPACE',''
  ) );
#3500 = PCURVE('',#3501,#3506);
#3501 = PLANE('',#3502);
#3502 = AXIS2_PLACEMENT_3D('',#3503,#3504,#3505);
#3503 = CARTESIAN_POINT('',(-24.5,0.3,3.));
#3504 = DIRECTION('',(-1.,0.,0.));
#3505 = DIRECTION('',(0.,1.,0.));
#3506 = DEFINITIONAL_REPRESENTATION('',(#3507),#3511);
#3507 = LINE('',#3508,#3509);
#3508 = CARTESIAN_POINT('',(0.,0.));
#3509 = VECTOR('',#3510,1.);
#3510 = DIRECTION('',(1.,0.));
#3511 = ( GEOMETRIC_REPRESENTATION_CONTEXT(2) 
PARAMETRIC_REPRESENTATION_CONTEXT() REPRESENTATION_CONTEXT('2D SPACE',''
  ) );
#3512 = ORIENTED_EDGE('',*,*,#3513,.F.);
#3513 = EDGE_CURVE('',#3514,#3486,#3516,.T.);
#3514 = VERTEX_POINT('',#3515);
#3515 = CARTESIAN_POINT('',(-30.5,0.3,3.));
#3516 = SURFACE_CURVE('',#3517,(#3521,#3528),.PCURVE_S1.);
#3517 = LINE('',#3518,#3519);
#3518 = CARTESIAN_POINT('',(-30.7,0.3,3.));
#3519 = VECTOR('',#3520,1.);
#3520 = DIRECTION('',(1.,0.,0.));
#3521 = PCURVE('',#1677,#3522);
#3522 = DEFINITIONAL_REPRESENTATION('',(#3523),#3527);
#3523 = LINE('',#3524,#3525);
#3524 = CARTESIAN_POINT('',(-30.7,0.3));
#3525 = VECTOR('',#3526,1.);
#3526 = DIRECTION('',(1.,0.));
#3527 = ( GEOMETRIC_REPRESENTATION_CONTEXT(2) 
PARAMETRIC_REPRESENTATION_CONTEXT() REPRESENTATION_CONTEXT('2D SPACE',''
  ) );
#3528 = PCURVE('',#3529,#3534);
#3529 = PLANE('',#3530);
#3530 = AXIS2_PLACEMENT_3D('',#3531,#3532,#3533);
#3531 = CARTESIAN_POINT('',(-30.7,0.3,3.));
#3532 = DIRECTION('',(0.,1.,0.));
#3533 = DIRECTION('',(1.,0.,0.));
#3534 = DEFINITIONAL_REPRESENTATION('',(#3535),#3539);
#3535 = LINE('',#3536,#3537);
#3536 = CARTESIAN_POINT('',(0.,0.));
#3537 = VECTOR('',#3538,1.);
#3538 = DIRECTION('',(1.,0.));
#3539 = ( GEOMETRIC_REPRESENTATION_CONTEXT(2) 
PARAMETRIC_REPRESENTATION_CONTEXT() REPRESENTATION_CONTEXT('2D SPACE',''
  ) );
#3540 = ORIENTED_EDGE('',*,*,#3541,.T.);
#3541 = EDGE_CURVE('',#3514,#3542,#3544,.T.);
#3542 = VERTEX_POINT('',#3543);
#3543 = CARTESIAN_POINT('',(-30.5,-24.02104428619,3.));
#3544 = SURFACE_CURVE('',#3545,(#3549,#3556),.PCURVE_S1.);
#3545 = LINE('',#3546,#3547);
#3546 = CARTESIAN_POINT('',(-30.5,30.5,3.));
#3547 = VECTOR('',#3548,1.);
#3548 = DIRECTION('',(0.,-1.,0.));
#3549 = PCURVE('',#1677,#3550);
#3550 = DEFINITIONAL_REPRESENTATION('',(#3551),#3555);
#3551 = LINE('',#3552,#3553);
#3552 = CARTESIAN_POINT('',(-30.5,30.5));
#3553 = VECTOR('',#3554,1.);
#3554 = DIRECTION('',(0.,-1.));
#3555 = ( GEOMETRIC_REPRESENTATION_CONTEXT(2) 
PARAMETRIC_REPRESENTATION_CONTEXT() REPRESENTATION_CONTEXT('2D SPACE',''
  ) );
#3556 = PCURVE('',#3333,#3557);
#3557 = DEFINITIONAL_REPRESENTATION('',(#3558),#3562);
#3558 = LINE('',#3559,#3560);
#3559 = CARTESIAN_POINT('',(0.,0.));
#3560 = VECTOR('',#3561,1.);
#3561 = DIRECTION('',(1.,0.));
#3562 = ( GEOMETRIC_REPRESENTATION_CONTEXT(2) 
PARAMETRIC_REPRESENTATION_CONTEXT() REPRESENTATION_CONTEXT('2D SPACE',''
  ) );
#3563 = ORIENTED_EDGE('',*,*,#3564,.F.);
#3564 = EDGE_CURVE('',#3565,#3542,#3567,.T.);
#3565 = VERTEX_POINT('',#3566);
#3566 = CARTESIAN_POINT('',(-24.02104428619,-30.5,3.));
#3567 = SURFACE_CURVE('',#3568,(#3573,#3580),.PCURVE_S1.);
#3568 = CIRCLE('',#3569,5.2);
#3569 = AXIS2_PLACEMENT_3D('',#3570,#3571,#3572);
#3570 = CARTESIAN_POINT('',(-29.,-29.,3.));
#3571 = DIRECTION('',(-0.,0.,1.));
#3572 = DIRECTION('',(0.638971066378,-0.769230769231,0.));
#3573 = PCURVE('',#1677,#3574);
#3574 = DEFINITIONAL_REPRESENTATION('',(#3575),#3579);
#3575 = CIRCLE('',#3576,5.2);
#3576 = AXIS2_PLACEMENT_2D('',#3577,#3578);
#3577 = CARTESIAN_POINT('',(-29.,-29.));
#3578 = DIRECTION('',(0.638971066378,-0.769230769231));
#3579 = ( GEOMETRIC_REPRESENTATION_CONTEXT(2) 
PARAMETRIC_REPRESENTATION_CONTEXT() REPRESENTATION_CONTEXT('2D SPACE',''
  ) );
#3580 = PCURVE('',#3581,#3586);
#3581 = CYLINDRICAL_SURFACE('',#3582,5.2);
#3582 = AXIS2_PLACEMENT_3D('',#3583,#3584,#3585);
#3583 = CARTESIAN_POINT('',(-29.,-29.,3.));
#3584 = DIRECTION('',(-0.,-0.,-1.));
#3585 = DIRECTION('',(1.,0.,0.));
#3586 = DEFINITIONAL_REPRESENTATION('',(#3587),#3591);
#3587 = LINE('',#3588,#3589);
#3588 = CARTESIAN_POINT('',(-5.405548887961,0.));
#3589 = VECTOR('',#3590,1.);
#3590 = DIRECTION('',(-1.,0.));
#3591 = ( GEOMETRIC_REPRESENTATION_CONTEXT(2) 
PARAMETRIC_REPRESENTATION_CONTEXT() REPRESENTATION_CONTEXT('2D SPACE',''
  ) );
#3592 = ORIENTED_EDGE('',*,*,#3593,.T.);
#3593 = EDGE_CURVE('',#3565,#3594,#3596,.T.);
#3594 = VERTEX_POINT('',#3595);
#3595 = CARTESIAN_POINT('',(24.021044286198,-30.5,3.));
#3596 = SURFACE_CURVE('',#3597,(#3601,#3608),.PCURVE_S1.);
#3597 = LINE('',#3598,#3599);
#3598 = CARTESIAN_POINT('',(-30.5,-30.5,3.));
#3599 = VECTOR('',#3600,1.);
#3600 = DIRECTION('',(1.,0.,0.));
#3601 = PCURVE('',#1677,#3602);
#3602 = DEFINITIONAL_REPRESENTATION('',(#3603),#3607);
#3603 = LINE('',#3604,#3605);
#3604 = CARTESIAN_POINT('',(-30.5,-30.5));
#3605 = VECTOR('',#3606,1.);
#3606 = DIRECTION('',(1.,0.));
#3607 = ( GEOMETRIC_REPRESENTATION_CONTEXT(2) 
PARAMETRIC_REPRESENTATION_CONTEXT() REPRESENTATION_CONTEXT('2D SPACE',''
  ) );
#3608 = PCURVE('',#3609,#3614);
#3609 = PLANE('',#3610);
#3610 = AXIS2_PLACEMENT_3D('',#3611,#3612,#3613);
#3611 = CARTESIAN_POINT('',(-30.5,-30.5,3.));
#3612 = DIRECTION('',(0.,1.,0.));
#3613 = DIRECTION('',(1.,0.,0.));
#3614 = DEFINITIONAL_REPRESENTATION('',(#3615),#3619);
#3615 = LINE('',#3616,#3617);
#3616 = CARTESIAN_POINT('',(0.,0.));
#3617 = VECTOR('',#3618,1.);
#3618 = DIRECTION('',(1.,0.));
#3619 = ( GEOMETRIC_REPRESENTATION_CONTEXT(2) 
PARAMETRIC_REPRESENTATION_CONTEXT() REPRESENTATION_CONTEXT('2D SPACE',''
  ) );
#3620 = ORIENTED_EDGE('',*,*,#3621,.F.);
#3621 = EDGE_CURVE('',#3622,#3594,#3624,.T.);
#3622 = VERTEX_POINT('',#3623);
#3623 = CARTESIAN_POINT('',(30.5,-24.02104428619,3.));
#3624 = SURFACE_CURVE('',#3625,(#3630,#3637),.PCURVE_S1.);
#3625 = CIRCLE('',#3626,5.2);
#3626 = AXIS2_PLACEMENT_3D('',#3627,#3628,#3629);
#3627 = CARTESIAN_POINT('',(29.,-29.,3.));
#3628 = DIRECTION('',(0.,0.,1.));
#3629 = DIRECTION('',(1.,0.,0.));
#3630 = PCURVE('',#1677,#3631);
#3631 = DEFINITIONAL_REPRESENTATION('',(#3632),#3636);
#3632 = CIRCLE('',#3633,5.2);
#3633 = AXIS2_PLACEMENT_2D('',#3634,#3635);
#3634 = CARTESIAN_POINT('',(29.,-29.));
#3635 = DIRECTION('',(1.,0.));
#3636 = ( GEOMETRIC_REPRESENTATION_CONTEXT(2) 
PARAMETRIC_REPRESENTATION_CONTEXT() REPRESENTATION_CONTEXT('2D SPACE',''
  ) );
#3637 = PCURVE('',#3638,#3643);
#3638 = CYLINDRICAL_SURFACE('',#3639,5.2);
#3639 = AXIS2_PLACEMENT_3D('',#3640,#3641,#3642);
#3640 = CARTESIAN_POINT('',(29.,-29.,3.));
#3641 = DIRECTION('',(-0.,-0.,-1.));
#3642 = DIRECTION('',(1.,0.,0.));
#3643 = DEFINITIONAL_REPRESENTATION('',(#3644),#3648);
#3644 = LINE('',#3645,#3646);
#3645 = CARTESIAN_POINT('',(-0.,0.));
#3646 = VECTOR('',#3647,1.);
#3647 = DIRECTION('',(-1.,0.));
#3648 = ( GEOMETRIC_REPRESENTATION_CONTEXT(2) 
PARAMETRIC_REPRESENTATION_CONTEXT() REPRESENTATION_CONTEXT('2D SPACE',''
  ) );
#3649 = ORIENTED_EDGE('',*,*,#3650,.T.);
#3650 = EDGE_CURVE('',#3622,#3651,#3653,.T.);
#3651 = VERTEX_POINT('',#3652);
#3652 = CARTESIAN_POINT('',(30.5,0.3,3.));
#3653 = SURFACE_CURVE('',#3654,(#3658,#3665),.PCURVE_S1.);
#3654 = LINE('',#3655,#3656);
#3655 = CARTESIAN_POINT('',(30.5,-30.5,3.));
#3656 = VECTOR('',#3657,1.);
#3657 = DIRECTION('',(0.,1.,0.));
#3658 = PCURVE('',#1677,#3659);
#3659 = DEFINITIONAL_REPRESENTATION('',(#3660),#3664);
#3660 = LINE('',#3661,#3662);
#3661 = CARTESIAN_POINT('',(30.5,-30.5));
#3662 = VECTOR('',#3663,1.);
#3663 = DIRECTION('',(0.,1.));
#3664 = ( GEOMETRIC_REPRESENTATION_CONTEXT(2) 
PARAMETRIC_REPRESENTATION_CONTEXT() REPRESENTATION_CONTEXT('2D SPACE',''
  ) );
#3665 = PCURVE('',#2993,#3666);
#3666 = DEFINITIONAL_REPRESENTATION('',(#3667),#3671);
#3667 = LINE('',#3668,#3669);
#3668 = CARTESIAN_POINT('',(0.,0.));
#3669 = VECTOR('',#3670,1.);
#3670 = DIRECTION('',(1.,0.));
#3671 = ( GEOMETRIC_REPRESENTATION_CONTEXT(2) 
PARAMETRIC_REPRESENTATION_CONTEXT() REPRESENTATION_CONTEXT('2D SPACE',''
  ) );
#3672 = ORIENTED_EDGE('',*,*,#3673,.F.);
#3673 = EDGE_CURVE('',#3674,#3651,#3676,.T.);
#3674 = VERTEX_POINT('',#3675);
#3675 = CARTESIAN_POINT('',(24.5,0.3,3.));
#3676 = SURFACE_CURVE('',#3677,(#3681,#3688),.PCURVE_S1.);
#3677 = LINE('',#3678,#3679);
#3678 = CARTESIAN_POINT('',(24.5,0.3,3.));
#3679 = VECTOR('',#3680,1.);
#3680 = DIRECTION('',(1.,0.,0.));
#3681 = PCURVE('',#1677,#3682);
#3682 = DEFINITIONAL_REPRESENTATION('',(#3683),#3687);
#3683 = LINE('',#3684,#3685);
#3684 = CARTESIAN_POINT('',(24.5,0.3));
#3685 = VECTOR('',#3686,1.);
#3686 = DIRECTION('',(1.,0.));
#3687 = ( GEOMETRIC_REPRESENTATION_CONTEXT(2) 
PARAMETRIC_REPRESENTATION_CONTEXT() REPRESENTATION_CONTEXT('2D SPACE',''
  ) );
#3688 = PCURVE('',#3689,#3694);
#3689 = PLANE('',#3690);
#3690 = AXIS2_PLACEMENT_3D('',#3691,#3692,#3693);
#3691 = CARTESIAN_POINT('',(24.5,0.3,3.));
#3692 = DIRECTION('',(0.,1.,0.));
#3693 = DIRECTION('',(1.,0.,0.));
#3694 = DEFINITIONAL_REPRESENTATION('',(#3695),#3699);
#3695 = LINE('',#3696,#3697);
#3696 = CARTESIAN_POINT('',(0.,0.));
#3697 = VECTOR('',#3698,1.);
#3698 = DIRECTION('',(1.,0.));
#3699 = ( GEOMETRIC_REPRESENTATION_CONTEXT(2) 
PARAMETRIC_REPRESENTATION_CONTEXT() REPRESENTATION_CONTEXT('2D SPACE',''
  ) );
#3700 = ORIENTED_EDGE('',*,*,#3701,.F.);
#3701 = EDGE_CURVE('',#3702,#3674,#3704,.T.);
#3702 = VERTEX_POINT('',#3703);
#3703 = CARTESIAN_POINT('',(24.5,4.3,3.));
#3704 = SURFACE_CURVE('',#3705,(#3709,#3716),.PCURVE_S1.);
#3705 = LINE('',#3706,#3707);
#3706 = CARTESIAN_POINT('',(24.5,4.3,3.));
#3707 = VECTOR('',#3708,1.);
#3708 = DIRECTION('',(0.,-1.,0.));
#3709 = PCURVE('',#1677,#3710);
#3710 = DEFINITIONAL_REPRESENTATION('',(#3711),#3715);
#3711 = LINE('',#3712,#3713);
#3712 = CARTESIAN_POINT('',(24.5,4.3));
#3713 = VECTOR('',#3714,1.);
#3714 = DIRECTION('',(0.,-1.));
#3715 = ( GEOMETRIC_REPRESENTATION_CONTEXT(2) 
PARAMETRIC_REPRESENTATION_CONTEXT() REPRESENTATION_CONTEXT('2D SPACE',''
  ) );
#3716 = PCURVE('',#3717,#3722);
#3717 = PLANE('',#3718);
#3718 = AXIS2_PLACEMENT_3D('',#3719,#3720,#3721);
#3719 = CARTESIAN_POINT('',(24.5,4.3,3.));
#3720 = DIRECTION('',(1.,0.,-0.));
#3721 = DIRECTION('',(0.,-1.,0.));
#3722 = DEFINITIONAL_REPRESENTATION('',(#3723),#3727);
#3723 = LINE('',#3724,#3725);
#3724 = CARTESIAN_POINT('',(0.,0.));
#3725 = VECTOR('',#3726,1.);
#3726 = DIRECTION('',(1.,0.));
#3727 = ( GEOMETRIC_REPRESENTATION_CONTEXT(2) 
PARAMETRIC_REPRESENTATION_CONTEXT() REPRESENTATION_CONTEXT('2D SPACE',''
  ) );
#3728 = ORIENTED_EDGE('',*,*,#3729,.F.);
#3729 = EDGE_CURVE('',#3730,#3702,#3732,.T.);
#3730 = VERTEX_POINT('',#3731);
#3731 = CARTESIAN_POINT('',(27.9,4.3,3.));
#3732 = SURFACE_CURVE('',#3733,(#3737,#3744),.PCURVE_S1.);
#3733 = LINE('',#3734,#3735);
#3734 = CARTESIAN_POINT('',(30.7,4.3,3.));
#3735 = VECTOR('',#3736,1.);
#3736 = DIRECTION('',(-1.,0.,0.));
#3737 = PCURVE('',#1677,#3738);
#3738 = DEFINITIONAL_REPRESENTATION('',(#3739),#3743);
#3739 = LINE('',#3740,#3741);
#3740 = CARTESIAN_POINT('',(30.7,4.3));
#3741 = VECTOR('',#3742,1.);
#3742 = DIRECTION('',(-1.,0.));
#3743 = ( GEOMETRIC_REPRESENTATION_CONTEXT(2) 
PARAMETRIC_REPRESENTATION_CONTEXT() REPRESENTATION_CONTEXT('2D SPACE',''
  ) );
#3744 = PCURVE('',#3745,#3750);
#3745 = PLANE('',#3746);
#3746 = AXIS2_PLACEMENT_3D('',#3747,#3748,#3749);
#3747 = CARTESIAN_POINT('',(30.7,4.3,3.));
#3748 = DIRECTION('',(0.,-1.,0.));
#3749 = DIRECTION('',(-1.,0.,0.));
#3750 = DEFINITIONAL_REPRESENTATION('',(#3751),#3755);
#3751 = LINE('',#3752,#3753);
#3752 = CARTESIAN_POINT('',(0.,-0.));
#3753 = VECTOR('',#3754,1.);
#3754 = DIRECTION('',(1.,0.));
#3755 = ( GEOMETRIC_REPRESENTATION_CONTEXT(2) 
PARAMETRIC_REPRESENTATION_CONTEXT() REPRESENTATION_CONTEXT('2D SPACE',''
  ) );
#3756 = ORIENTED_EDGE('',*,*,#3757,.F.);
#3757 = EDGE_CURVE('',#3758,#3730,#3760,.T.);
#3758 = VERTEX_POINT('',#3759);
#3759 = CARTESIAN_POINT('',(27.9,7.7,3.));
#3760 = SURFACE_CURVE('',#3761,(#3765,#3772),.PCURVE_S1.);
#3761 = LINE('',#3762,#3763);
#3762 = CARTESIAN_POINT('',(27.9,7.7,3.));
#3763 = VECTOR('',#3764,1.);
#3764 = DIRECTION('',(0.,-1.,0.));
#3765 = PCURVE('',#1677,#3766);
#3766 = DEFINITIONAL_REPRESENTATION('',(#3767),#3771);
#3767 = LINE('',#3768,#3769);
#3768 = CARTESIAN_POINT('',(27.9,7.7));
#3769 = VECTOR('',#3770,1.);
#3770 = DIRECTION('',(0.,-1.));
#3771 = ( GEOMETRIC_REPRESENTATION_CONTEXT(2) 
PARAMETRIC_REPRESENTATION_CONTEXT() REPRESENTATION_CONTEXT('2D SPACE',''
  ) );
#3772 = PCURVE('',#3773,#3778);
#3773 = PLANE('',#3774);
#3774 = AXIS2_PLACEMENT_3D('',#3775,#3776,#3777);
#3775 = CARTESIAN_POINT('',(27.9,7.7,3.));
#3776 = DIRECTION('',(1.,0.,-0.));
#3777 = DIRECTION('',(0.,-1.,0.));
#3778 = DEFINITIONAL_REPRESENTATION('',(#3779),#3783);
#3779 = LINE('',#3780,#3781);
#3780 = CARTESIAN_POINT('',(0.,0.));
#3781 = VECTOR('',#3782,1.);
#3782 = DIRECTION('',(1.,0.));
#3783 = ( GEOMETRIC_REPRESENTATION_CONTEXT(2) 
PARAMETRIC_REPRESENTATION_CONTEXT() REPRESENTATION_CONTEXT('2D SPACE',''
  ) );
#3784 = ORIENTED_EDGE('',*,*,#3785,.F.);
#3785 = EDGE_CURVE('',#3786,#3758,#3788,.T.);
#3786 = VERTEX_POINT('',#3787);
#3787 = CARTESIAN_POINT('',(24.5,7.7,3.));
#3788 = SURFACE_CURVE('',#3789,(#3793,#3800),.PCURVE_S1.);
#3789 = LINE('',#3790,#3791);
#3790 = CARTESIAN_POINT('',(24.5,7.7,3.));
#3791 = VECTOR('',#3792,1.);
#3792 = DIRECTION('',(1.,0.,0.));
#3793 = PCURVE('',#1677,#3794);
#3794 = DEFINITIONAL_REPRESENTATION('',(#3795),#3799);
#3795 = LINE('',#3796,#3797);
#3796 = CARTESIAN_POINT('',(24.5,7.7));
#3797 = VECTOR('',#3798,1.);
#3798 = DIRECTION('',(1.,0.));
#3799 = ( GEOMETRIC_REPRESENTATION_CONTEXT(2) 
PARAMETRIC_REPRESENTATION_CONTEXT() REPRESENTATION_CONTEXT('2D SPACE',''
  ) );
#3800 = PCURVE('',#3801,#3806);
#3801 = PLANE('',#3802);
#3802 = AXIS2_PLACEMENT_3D('',#3803,#3804,#3805);
#3803 = CARTESIAN_POINT('',(24.5,7.7,3.));
#3804 = DIRECTION('',(0.,1.,0.));
#3805 = DIRECTION('',(1.,0.,0.));
#3806 = DEFINITIONAL_REPRESENTATION('',(#3807),#3811);
#3807 = LINE('',#3808,#3809);
#3808 = CARTESIAN_POINT('',(0.,0.));
#3809 = VECTOR('',#3810,1.);
#3810 = DIRECTION('',(1.,0.));
#3811 = ( GEOMETRIC_REPRESENTATION_CONTEXT(2) 
PARAMETRIC_REPRESENTATION_CONTEXT() REPRESENTATION_CONTEXT('2D SPACE',''
  ) );
#3812 = ORIENTED_EDGE('',*,*,#3813,.F.);
#3813 = EDGE_CURVE('',#3814,#3786,#3816,.T.);
#3814 = VERTEX_POINT('',#3815);
#3815 = CARTESIAN_POINT('',(24.5,11.7,3.));
#3816 = SURFACE_CURVE('',#3817,(#3821,#3828),.PCURVE_S1.);
#3817 = LINE('',#3818,#3819);
#3818 = CARTESIAN_POINT('',(24.5,11.7,3.));
#3819 = VECTOR('',#3820,1.);
#3820 = DIRECTION('',(0.,-1.,0.));
#3821 = PCURVE('',#1677,#3822);
#3822 = DEFINITIONAL_REPRESENTATION('',(#3823),#3827);
#3823 = LINE('',#3824,#3825);
#3824 = CARTESIAN_POINT('',(24.5,11.7));
#3825 = VECTOR('',#3826,1.);
#3826 = DIRECTION('',(0.,-1.));
#3827 = ( GEOMETRIC_REPRESENTATION_CONTEXT(2) 
PARAMETRIC_REPRESENTATION_CONTEXT() REPRESENTATION_CONTEXT('2D SPACE',''
  ) );
#3828 = PCURVE('',#3829,#3834);
#3829 = PLANE('',#3830);
#3830 = AXIS2_PLACEMENT_3D('',#3831,#3832,#3833);
#3831 = CARTESIAN_POINT('',(24.5,11.7,3.));
#3832 = DIRECTION('',(1.,0.,-0.));
#3833 = DIRECTION('',(0.,-1.,0.));
#3834 = DEFINITIONAL_REPRESENTATION('',(#3835),#3839);
#3835 = LINE('',#3836,#3837);
#3836 = CARTESIAN_POINT('',(0.,0.));
#3837 = VECTOR('',#3838,1.);
#3838 = DIRECTION('',(1.,0.));
#3839 = ( GEOMETRIC_REPRESENTATION_CONTEXT(2) 
PARAMETRIC_REPRESENTATION_CONTEXT() REPRESENTATION_CONTEXT('2D SPACE',''
  ) );
#3840 = ORIENTED_EDGE('',*,*,#3841,.F.);
#3841 = EDGE_CURVE('',#3842,#3814,#3844,.T.);
#3842 = VERTEX_POINT('',#3843);
#3843 = CARTESIAN_POINT('',(30.5,11.7,3.));
#3844 = SURFACE_CURVE('',#3845,(#3849,#3856),.PCURVE_S1.);
#3845 = LINE('',#3846,#3847);
#3846 = CARTESIAN_POINT('',(30.7,11.7,3.));
#3847 = VECTOR('',#3848,1.);
#3848 = DIRECTION('',(-1.,0.,0.));
#3849 = PCURVE('',#1677,#3850);
#3850 = DEFINITIONAL_REPRESENTATION('',(#3851),#3855);
#3851 = LINE('',#3852,#3853);
#3852 = CARTESIAN_POINT('',(30.7,11.7));
#3853 = VECTOR('',#3854,1.);
#3854 = DIRECTION('',(-1.,0.));
#3855 = ( GEOMETRIC_REPRESENTATION_CONTEXT(2) 
PARAMETRIC_REPRESENTATION_CONTEXT() REPRESENTATION_CONTEXT('2D SPACE',''
  ) );
#3856 = PCURVE('',#3857,#3862);
#3857 = PLANE('',#3858);
#3858 = AXIS2_PLACEMENT_3D('',#3859,#3860,#3861);
#3859 = CARTESIAN_POINT('',(30.7,11.7,3.));
#3860 = DIRECTION('',(0.,-1.,0.));
#3861 = DIRECTION('',(-1.,0.,0.));
#3862 = DEFINITIONAL_REPRESENTATION('',(#3863),#3867);
#3863 = LINE('',#3864,#3865);
#3864 = CARTESIAN_POINT('',(0.,-0.));
#3865 = VECTOR('',#3866,1.);
#3866 = DIRECTION('',(1.,0.));
#3867 = ( GEOMETRIC_REPRESENTATION_CONTEXT(2) 
PARAMETRIC_REPRESENTATION_CONTEXT() REPRESENTATION_CONTEXT('2D SPACE',''
  ) );
#3868 = ORIENTED_EDGE('',*,*,#3869,.T.);
#3869 = EDGE_CURVE('',#3842,#3232,#3870,.T.);
#3870 = SURFACE_CURVE('',#3871,(#3875,#3882),.PCURVE_S1.);
#3871 = LINE('',#3872,#3873);
#3872 = CARTESIAN_POINT('',(30.5,-30.5,3.));
#3873 = VECTOR('',#3874,1.);
#3874 = DIRECTION('',(0.,1.,0.));
#3875 = PCURVE('',#1677,#3876);
#3876 = DEFINITIONAL_REPRESENTATION('',(#3877),#3881);
#3877 = LINE('',#3878,#3879);
#3878 = CARTESIAN_POINT('',(30.5,-30.5));
#3879 = VECTOR('',#3880,1.);
#3880 = DIRECTION('',(0.,1.));
#3881 = ( GEOMETRIC_REPRESENTATION_CONTEXT(2) 
PARAMETRIC_REPRESENTATION_CONTEXT() REPRESENTATION_CONTEXT('2D SPACE',''
  ) );
#3882 = PCURVE('',#2993,#3883);
#3883 = DEFINITIONAL_REPRESENTATION('',(#3884),#3888);
#3884 = LINE('',#3885,#3886);
#3885 = CARTESIAN_POINT('',(0.,0.));
#3886 = VECTOR('',#3887,1.);
#3887 = DIRECTION('',(1.,0.));
#3888 = ( GEOMETRIC_REPRESENTATION_CONTEXT(2) 
PARAMETRIC_REPRESENTATION_CONTEXT() REPRESENTATION_CONTEXT('2D SPACE',''
  ) );
#3889 = FACE_BOUND('',#3890,.T.);
#3890 = EDGE_LOOP('',(#3891));
#3891 = ORIENTED_EDGE('',*,*,#1662,.T.);
#3892 = FACE_BOUND('',#3893,.T.);
#3893 = EDGE_LOOP('',(#3894));
#3894 = ORIENTED_EDGE('',*,*,#1721,.T.);
#3895 = ADVANCED_FACE('',(#3896),#1768,.T.);
#3896 = FACE_BOUND('',#3897,.T.);
#3897 = EDGE_LOOP('',(#3898));
#3898 = ORIENTED_EDGE('',*,*,#1751,.T.);
#3899 = ADVANCED_FACE('',(#3900),#1823,.T.);
#3900 = FACE_BOUND('',#3901,.T.);
#3901 = EDGE_LOOP('',(#3902));
#3902 = ORIENTED_EDGE('',*,*,#1806,.T.);
#3903 = ADVANCED_FACE('',(#3904),#1878,.T.);
#3904 = FACE_BOUND('',#3905,.T.);
#3905 = EDGE_LOOP('',(#3906));
#3906 = ORIENTED_EDGE('',*,*,#1861,.T.);
#3907 = ADVANCED_FACE('',(#3908,#3926),#1956,.T.);
#3908 = FACE_BOUND('',#3909,.T.);
#3909 = EDGE_LOOP('',(#3910,#3911,#3912,#3913,#3914,#3915,#3916,#3917,
    #3918,#3919,#3920,#3921,#3922,#3923,#3924,#3925));
#3910 = ORIENTED_EDGE('',*,*,#2625,.F.);
#3911 = ORIENTED_EDGE('',*,*,#2673,.F.);
#3912 = ORIENTED_EDGE('',*,*,#2702,.T.);
#3913 = ORIENTED_EDGE('',*,*,#1939,.T.);
#3914 = ORIENTED_EDGE('',*,*,#2016,.F.);
#3915 = ORIENTED_EDGE('',*,*,#2065,.T.);
#3916 = ORIENTED_EDGE('',*,*,#2090,.T.);
#3917 = ORIENTED_EDGE('',*,*,#2162,.F.);
#3918 = ORIENTED_EDGE('',*,*,#2216,.F.);
#3919 = ORIENTED_EDGE('',*,*,#2265,.F.);
#3920 = ORIENTED_EDGE('',*,*,#2294,.T.);
#3921 = ORIENTED_EDGE('',*,*,#2366,.F.);
#3922 = ORIENTED_EDGE('',*,*,#2420,.F.);
#3923 = ORIENTED_EDGE('',*,*,#2469,.F.);
#3924 = ORIENTED_EDGE('',*,*,#2498,.T.);
#3925 = ORIENTED_EDGE('',*,*,#2570,.F.);
#3926 = FACE_BOUND('',#3927,.T.);
#3927 = EDGE_LOOP('',(#3928,#3959,#3985,#4018,#4044,#4073,#4099,#4132,
    #4158,#4187,#4213,#4246,#4272,#4301,#4327,#4360));
#3928 = ORIENTED_EDGE('',*,*,#3929,.F.);
#3929 = EDGE_CURVE('',#3930,#3932,#3934,.T.);
#3930 = VERTEX_POINT('',#3931);
#3931 = CARTESIAN_POINT('',(17.138015895286,-29.15,169.77));
#3932 = VERTEX_POINT('',#3933);
#3933 = CARTESIAN_POINT('',(20.956392513693,-27.5683766184,169.77));
#3934 = SURFACE_CURVE('',#3935,(#3940,#3947),.PCURVE_S1.);
#3935 = CIRCLE('',#3936,5.4);
#3936 = AXIS2_PLACEMENT_3D('',#3937,#3938,#3939);
#3937 = CARTESIAN_POINT('',(17.138015895286,-23.75,169.77));
#3938 = DIRECTION('',(0.,-0.,1.));
#3939 = DIRECTION('',(0.,-1.,-0.));
#3940 = PCURVE('',#1956,#3941);
#3941 = DEFINITIONAL_REPRESENTATION('',(#3942),#3946);
#3942 = CIRCLE('',#3943,5.4);
#3943 = AXIS2_PLACEMENT_2D('',#3944,#3945);
#3944 = CARTESIAN_POINT('',(17.138015895286,-23.75));
#3945 = DIRECTION('',(0.,-1.));
#3946 = ( GEOMETRIC_REPRESENTATION_CONTEXT(2) 
PARAMETRIC_REPRESENTATION_CONTEXT() REPRESENTATION_CONTEXT('2D SPACE',''
  ) );
#3947 = PCURVE('',#3948,#3953);
#3948 = CYLINDRICAL_SURFACE('',#3949,5.4);
#3949 = AXIS2_PLACEMENT_3D('',#3950,#3951,#3952);
#3950 = CARTESIAN_POINT('',(17.138015895286,-23.75,169.67));
#3951 = DIRECTION('',(0.,-0.,1.));
#3952 = DIRECTION('',(0.,-1.,-0.));
#3953 = DEFINITIONAL_REPRESENTATION('',(#3954),#3958);
#3954 = LINE('',#3955,#3956);
#3955 = CARTESIAN_POINT('',(0.,0.1));
#3956 = VECTOR('',#3957,1.);
#3957 = DIRECTION('',(1.,0.));
#3958 = ( GEOMETRIC_REPRESENTATION_CONTEXT(2) 
PARAMETRIC_REPRESENTATION_CONTEXT() REPRESENTATION_CONTEXT('2D SPACE',''
  ) );
#3959 = ORIENTED_EDGE('',*,*,#3960,.T.);
#3960 = EDGE_CURVE('',#3930,#3961,#3963,.T.);
#3961 = VERTEX_POINT('',#3962);
#3962 = CARTESIAN_POINT('',(-17.13801589528,-29.15,169.77));
#3963 = SURFACE_CURVE('',#3964,(#3968,#3974),.PCURVE_S1.);
#3964 = LINE('',#3965,#3966);
#3965 = CARTESIAN_POINT('',(-14.575,-29.15,169.77));
#3966 = VECTOR('',#3967,1.);
#3967 = DIRECTION('',(-1.,0.,0.));
#3968 = PCURVE('',#1956,#3969);
#3969 = DEFINITIONAL_REPRESENTATION('',(#3970),#3973);
#3970 = B_SPLINE_CURVE_WITH_KNOTS('',1,(#3971,#3972),.UNSPECIFIED.,.F.,
  .F.,(2,2),(-31.71301589528,2.563015895286),.PIECEWISE_BEZIER_KNOTS.);
#3971 = CARTESIAN_POINT('',(17.138015895286,-29.15));
#3972 = CARTESIAN_POINT('',(-17.13801589528,-29.15));
#3973 = ( GEOMETRIC_REPRESENTATION_CONTEXT(2) 
PARAMETRIC_REPRESENTATION_CONTEXT() REPRESENTATION_CONTEXT('2D SPACE',''
  ) );
#3974 = PCURVE('',#3975,#3980);
#3975 = PLANE('',#3976);
#3976 = AXIS2_PLACEMENT_3D('',#3977,#3978,#3979);
#3977 = CARTESIAN_POINT('',(-29.15,-29.15,169.67));
#3978 = DIRECTION('',(0.,1.,0.));
#3979 = DIRECTION('',(1.,0.,0.));
#3980 = DEFINITIONAL_REPRESENTATION('',(#3981),#3984);
#3981 = B_SPLINE_CURVE_WITH_KNOTS('',1,(#3982,#3983),.UNSPECIFIED.,.F.,
  .F.,(2,2),(-31.71301589528,2.563015895286),.PIECEWISE_BEZIER_KNOTS.);
#3982 = CARTESIAN_POINT('',(46.288015895286,-0.1));
#3983 = CARTESIAN_POINT('',(12.011984104714,-0.1));
#3984 = ( GEOMETRIC_REPRESENTATION_CONTEXT(2) 
PARAMETRIC_REPRESENTATION_CONTEXT() REPRESENTATION_CONTEXT('2D SPACE',''
  ) );
#3985 = ORIENTED_EDGE('',*,*,#3986,.T.);
#3986 = EDGE_CURVE('',#3961,#3987,#3989,.T.);
#3987 = VERTEX_POINT('',#3988);
#3988 = CARTESIAN_POINT('',(-20.95639251369,-27.5683766184,169.77));
#3989 = SURFACE_CURVE('',#3990,(#3995,#4006),.PCURVE_S1.);
#3990 = CIRCLE('',#3991,5.4);
#3991 = AXIS2_PLACEMENT_3D('',#3992,#3993,#3994);
#3992 = CARTESIAN_POINT('',(-17.13801589528,-23.75,169.77));
#3993 = DIRECTION('',(0.,0.,-1.));
#3994 = DIRECTION('',(0.,-1.,0.));
#3995 = PCURVE('',#1956,#3996);
#3996 = DEFINITIONAL_REPRESENTATION('',(#3997),#4005);
#3997 = ( BOUNDED_CURVE() B_SPLINE_CURVE(2,(#3998,#3999,#4000,#4001,
#4002,#4003,#4004),.UNSPECIFIED.,.T.,.F.) B_SPLINE_CURVE_WITH_KNOTS((1,2
    ,2,2,2,1),(-2.094395102393,0.,2.094395102393,4.188790204786,
6.28318530718,8.377580409573),.UNSPECIFIED.) CURVE() 
GEOMETRIC_REPRESENTATION_ITEM() RATIONAL_B_SPLINE_CURVE((1.,0.5,1.,0.5,
1.,0.5,1.)) REPRESENTATION_ITEM('') );
#3998 = CARTESIAN_POINT('',(-17.13801589528,-29.15));
#3999 = CARTESIAN_POINT('',(-26.49109025615,-29.15));
#4000 = CARTESIAN_POINT('',(-21.81455307572,-21.05));
#4001 = CARTESIAN_POINT('',(-17.13801589528,-12.95));
#4002 = CARTESIAN_POINT('',(-12.46147871485,-21.05));
#4003 = CARTESIAN_POINT('',(-7.784941534414,-29.15));
#4004 = CARTESIAN_POINT('',(-17.13801589528,-29.15));
#4005 = ( GEOMETRIC_REPRESENTATION_CONTEXT(2) 
PARAMETRIC_REPRESENTATION_CONTEXT() REPRESENTATION_CONTEXT('2D SPACE',''
  ) );
#4006 = PCURVE('',#4007,#4012);
#4007 = CYLINDRICAL_SURFACE('',#4008,5.4);
#4008 = AXIS2_PLACEMENT_3D('',#4009,#4010,#4011);
#4009 = CARTESIAN_POINT('',(-17.13801589528,-23.75,171.47));
#4010 = DIRECTION('',(0.,0.,-1.));
#4011 = DIRECTION('',(0.,-1.,0.));
#4012 = DEFINITIONAL_REPRESENTATION('',(#4013),#4017);
#4013 = LINE('',#4014,#4015);
#4014 = CARTESIAN_POINT('',(0.,1.7));
#4015 = VECTOR('',#4016,1.);
#4016 = DIRECTION('',(1.,0.));
#4017 = ( GEOMETRIC_REPRESENTATION_CONTEXT(2) 
PARAMETRIC_REPRESENTATION_CONTEXT() REPRESENTATION_CONTEXT('2D SPACE',''
  ) );
#4018 = ORIENTED_EDGE('',*,*,#4019,.T.);
#4019 = EDGE_CURVE('',#3987,#4020,#4022,.T.);
#4020 = VERTEX_POINT('',#4021);
#4021 = CARTESIAN_POINT('',(-27.5683766184,-20.95639251369,169.77));
#4022 = SURFACE_CURVE('',#4023,(#4027,#4033),.PCURVE_S1.);
#4023 = LINE('',#4024,#4025);
#4024 = CARTESIAN_POINT('',(-36.39357684907,-12.13119228302,169.77));
#4025 = VECTOR('',#4026,1.);
#4026 = DIRECTION('',(-0.707106781187,0.707106781187,0.));
#4027 = PCURVE('',#1956,#4028);
#4028 = DEFINITIONAL_REPRESENTATION('',(#4029),#4032);
#4029 = B_SPLINE_CURVE_WITH_KNOTS('',1,(#4030,#4031),.UNSPECIFIED.,.F.,
  .F.,(2,2),(-21.83147545195,-12.48071785686),.PIECEWISE_BEZIER_KNOTS.);
#4030 = CARTESIAN_POINT('',(-20.95639251369,-27.5683766184));
#4031 = CARTESIAN_POINT('',(-27.5683766184,-20.95639251369));
#4032 = ( GEOMETRIC_REPRESENTATION_CONTEXT(2) 
PARAMETRIC_REPRESENTATION_CONTEXT() REPRESENTATION_CONTEXT('2D SPACE',''
  ) );
#4033 = PCURVE('',#4034,#4039);
#4034 = PLANE('',#4035);
#4035 = AXIS2_PLACEMENT_3D('',#4036,#4037,#4038);
#4036 = CARTESIAN_POINT('',(-48.5247691321,3.319918495161E-15,169.47));
#4037 = DIRECTION('',(0.707106781187,0.707106781187,0.));
#4038 = DIRECTION('',(0.707106781187,-0.707106781187,0.));
#4039 = DEFINITIONAL_REPRESENTATION('',(#4040),#4043);
#4040 = B_SPLINE_CURVE_WITH_KNOTS('',1,(#4041,#4042),.UNSPECIFIED.,.F.,
  .F.,(2,2),(-21.83147545195,-12.48071785686),.PIECEWISE_BEZIER_KNOTS.);
#4041 = CARTESIAN_POINT('',(38.987572106361,-0.3));
#4042 = CARTESIAN_POINT('',(29.636814511279,-0.3));
#4043 = ( GEOMETRIC_REPRESENTATION_CONTEXT(2) 
PARAMETRIC_REPRESENTATION_CONTEXT() REPRESENTATION_CONTEXT('2D SPACE',''
  ) );
#4044 = ORIENTED_EDGE('',*,*,#4045,.F.);
#4045 = EDGE_CURVE('',#4046,#4020,#4048,.T.);
#4046 = VERTEX_POINT('',#4047);
#4047 = CARTESIAN_POINT('',(-29.15,-17.13801589528,169.77));
#4048 = SURFACE_CURVE('',#4049,(#4054,#4061),.PCURVE_S1.);
#4049 = CIRCLE('',#4050,5.4);
#4050 = AXIS2_PLACEMENT_3D('',#4051,#4052,#4053);
#4051 = CARTESIAN_POINT('',(-23.75,-17.13801589528,169.77));
#4052 = DIRECTION('',(0.,0.,1.));
#4053 = DIRECTION('',(-0.707106781187,-0.707106781187,0.));
#4054 = PCURVE('',#1956,#4055);
#4055 = DEFINITIONAL_REPRESENTATION('',(#4056),#4060);
#4056 = CIRCLE('',#4057,5.4);
#4057 = AXIS2_PLACEMENT_2D('',#4058,#4059);
#4058 = CARTESIAN_POINT('',(-23.75,-17.13801589528));
#4059 = DIRECTION('',(-0.707106781187,-0.707106781187));
#4060 = ( GEOMETRIC_REPRESENTATION_CONTEXT(2) 
PARAMETRIC_REPRESENTATION_CONTEXT() REPRESENTATION_CONTEXT('2D SPACE',''
  ) );
#4061 = PCURVE('',#4062,#4067);
#4062 = CYLINDRICAL_SURFACE('',#4063,5.4);
#4063 = AXIS2_PLACEMENT_3D('',#4064,#4065,#4066);
#4064 = CARTESIAN_POINT('',(-23.75,-17.13801589528,169.67));
#4065 = DIRECTION('',(0.,-0.,1.));
#4066 = DIRECTION('',(-0.707106781187,-0.707106781187,0.));
#4067 = DEFINITIONAL_REPRESENTATION('',(#4068),#4072);
#4068 = LINE('',#4069,#4070);
#4069 = CARTESIAN_POINT('',(-6.28318530718,0.1));
#4070 = VECTOR('',#4071,1.);
#4071 = DIRECTION('',(1.,-0.));
#4072 = ( GEOMETRIC_REPRESENTATION_CONTEXT(2) 
PARAMETRIC_REPRESENTATION_CONTEXT() REPRESENTATION_CONTEXT('2D SPACE',''
  ) );
#4073 = ORIENTED_EDGE('',*,*,#4074,.T.);
#4074 = EDGE_CURVE('',#4046,#4075,#4077,.T.);
#4075 = VERTEX_POINT('',#4076);
#4076 = CARTESIAN_POINT('',(-29.15,17.138015895286,169.77));
#4077 = SURFACE_CURVE('',#4078,(#4082,#4088),.PCURVE_S1.);
#4078 = LINE('',#4079,#4080);
#4079 = CARTESIAN_POINT('',(-29.15,14.575,169.77));
#4080 = VECTOR('',#4081,1.);
#4081 = DIRECTION('',(-0.,1.,0.));
#4082 = PCURVE('',#1956,#4083);
#4083 = DEFINITIONAL_REPRESENTATION('',(#4084),#4087);
#4084 = B_SPLINE_CURVE_WITH_KNOTS('',1,(#4085,#4086),.UNSPECIFIED.,.F.,
  .F.,(2,2),(-31.71301589528,2.563015895286),.PIECEWISE_BEZIER_KNOTS.);
#4085 = CARTESIAN_POINT('',(-29.15,-17.13801589528));
#4086 = CARTESIAN_POINT('',(-29.15,17.138015895286));
#4087 = ( GEOMETRIC_REPRESENTATION_CONTEXT(2) 
PARAMETRIC_REPRESENTATION_CONTEXT() REPRESENTATION_CONTEXT('2D SPACE',''
  ) );
#4088 = PCURVE('',#4089,#4094);
#4089 = PLANE('',#4090);
#4090 = AXIS2_PLACEMENT_3D('',#4091,#4092,#4093);
#4091 = CARTESIAN_POINT('',(-29.15,29.15,169.67));
#4092 = DIRECTION('',(1.,0.,-0.));
#4093 = DIRECTION('',(0.,-1.,0.));
#4094 = DEFINITIONAL_REPRESENTATION('',(#4095),#4098);
#4095 = B_SPLINE_CURVE_WITH_KNOTS('',1,(#4096,#4097),.UNSPECIFIED.,.F.,
  .F.,(2,2),(-31.71301589528,2.563015895286),.PIECEWISE_BEZIER_KNOTS.);
#4096 = CARTESIAN_POINT('',(46.288015895286,-0.1));
#4097 = CARTESIAN_POINT('',(12.011984104714,-0.1));
#4098 = ( GEOMETRIC_REPRESENTATION_CONTEXT(2) 
PARAMETRIC_REPRESENTATION_CONTEXT() REPRESENTATION_CONTEXT('2D SPACE',''
  ) );
#4099 = ORIENTED_EDGE('',*,*,#4100,.T.);
#4100 = EDGE_CURVE('',#4075,#4101,#4103,.T.);
#4101 = VERTEX_POINT('',#4102);
#4102 = CARTESIAN_POINT('',(-27.5683766184,20.956392513693,169.77));
#4103 = SURFACE_CURVE('',#4104,(#4109,#4120),.PCURVE_S1.);
#4104 = CIRCLE('',#4105,5.4);
#4105 = AXIS2_PLACEMENT_3D('',#4106,#4107,#4108);
#4106 = CARTESIAN_POINT('',(-23.75,17.138015895286,169.77));
#4107 = DIRECTION('',(0.,-0.,-1.));
#4108 = DIRECTION('',(-1.,-0.,0.));
#4109 = PCURVE('',#1956,#4110);
#4110 = DEFINITIONAL_REPRESENTATION('',(#4111),#4119);
#4111 = ( BOUNDED_CURVE() B_SPLINE_CURVE(2,(#4112,#4113,#4114,#4115,
#4116,#4117,#4118),.UNSPECIFIED.,.T.,.F.) B_SPLINE_CURVE_WITH_KNOTS((1,2
    ,2,2,2,1),(-2.094395102393,0.,2.094395102393,4.188790204786,
6.28318530718,8.377580409573),.UNSPECIFIED.) CURVE() 
GEOMETRIC_REPRESENTATION_ITEM() RATIONAL_B_SPLINE_CURVE((1.,0.5,1.,0.5,
1.,0.5,1.)) REPRESENTATION_ITEM('') );
#4112 = CARTESIAN_POINT('',(-29.15,17.138015895286));
#4113 = CARTESIAN_POINT('',(-29.15,26.491090256157));
#4114 = CARTESIAN_POINT('',(-21.05,21.814553075722));
#4115 = CARTESIAN_POINT('',(-12.95,17.138015895286));
#4116 = CARTESIAN_POINT('',(-21.05,12.46147871485));
#4117 = CARTESIAN_POINT('',(-29.15,7.784941534414));
#4118 = CARTESIAN_POINT('',(-29.15,17.138015895286));
#4119 = ( GEOMETRIC_REPRESENTATION_CONTEXT(2) 
PARAMETRIC_REPRESENTATION_CONTEXT() REPRESENTATION_CONTEXT('2D SPACE',''
  ) );
#4120 = PCURVE('',#4121,#4126);
#4121 = CYLINDRICAL_SURFACE('',#4122,5.4);
#4122 = AXIS2_PLACEMENT_3D('',#4123,#4124,#4125);
#4123 = CARTESIAN_POINT('',(-23.75,17.138015895286,171.47));
#4124 = DIRECTION('',(0.,-0.,-1.));
#4125 = DIRECTION('',(-1.,-0.,0.));
#4126 = DEFINITIONAL_REPRESENTATION('',(#4127),#4131);
#4127 = LINE('',#4128,#4129);
#4128 = CARTESIAN_POINT('',(0.,1.7));
#4129 = VECTOR('',#4130,1.);
#4130 = DIRECTION('',(1.,0.));
#4131 = ( GEOMETRIC_REPRESENTATION_CONTEXT(2) 
PARAMETRIC_REPRESENTATION_CONTEXT() REPRESENTATION_CONTEXT('2D SPACE',''
  ) );
#4132 = ORIENTED_EDGE('',*,*,#4133,.T.);
#4133 = EDGE_CURVE('',#4101,#4134,#4136,.T.);
#4134 = VERTEX_POINT('',#4135);
#4135 = CARTESIAN_POINT('',(-20.95639251369,27.568376618407,169.77));
#4136 = SURFACE_CURVE('',#4137,(#4141,#4147),.PCURVE_S1.);
#4137 = LINE('',#4138,#4139);
#4138 = CARTESIAN_POINT('',(-12.13119228302,36.393576849075,169.77));
#4139 = VECTOR('',#4140,1.);
#4140 = DIRECTION('',(0.707106781187,0.707106781187,-0.));
#4141 = PCURVE('',#1956,#4142);
#4142 = DEFINITIONAL_REPRESENTATION('',(#4143),#4146);
#4143 = B_SPLINE_CURVE_WITH_KNOTS('',1,(#4144,#4145),.UNSPECIFIED.,.F.,
  .F.,(2,2),(-21.83147545195,-12.48071785686),.PIECEWISE_BEZIER_KNOTS.);
#4144 = CARTESIAN_POINT('',(-27.5683766184,20.956392513693));
#4145 = CARTESIAN_POINT('',(-20.95639251369,27.568376618407));
#4146 = ( GEOMETRIC_REPRESENTATION_CONTEXT(2) 
PARAMETRIC_REPRESENTATION_CONTEXT() REPRESENTATION_CONTEXT('2D SPACE',''
  ) );
#4147 = PCURVE('',#4148,#4153);
#4148 = PLANE('',#4149);
#4149 = AXIS2_PLACEMENT_3D('',#4150,#4151,#4152);
#4150 = CARTESIAN_POINT('',(4.042213887324E-15,48.5247691321,169.47));
#4151 = DIRECTION('',(0.707106781187,-0.707106781187,0.));
#4152 = DIRECTION('',(-0.707106781187,-0.707106781187,0.));
#4153 = DEFINITIONAL_REPRESENTATION('',(#4154),#4157);
#4154 = B_SPLINE_CURVE_WITH_KNOTS('',1,(#4155,#4156),.UNSPECIFIED.,.F.,
  .F.,(2,2),(-21.83147545195,-12.48071785686),.PIECEWISE_BEZIER_KNOTS.);
#4155 = CARTESIAN_POINT('',(38.987572106361,-0.3));
#4156 = CARTESIAN_POINT('',(29.636814511279,-0.3));
#4157 = ( GEOMETRIC_REPRESENTATION_CONTEXT(2) 
PARAMETRIC_REPRESENTATION_CONTEXT() REPRESENTATION_CONTEXT('2D SPACE',''
  ) );
#4158 = ORIENTED_EDGE('',*,*,#4159,.F.);
#4159 = EDGE_CURVE('',#4160,#4134,#4162,.T.);
#4160 = VERTEX_POINT('',#4161);
#4161 = CARTESIAN_POINT('',(-17.13801589528,29.15,169.77));
#4162 = SURFACE_CURVE('',#4163,(#4168,#4175),.PCURVE_S1.);
#4163 = CIRCLE('',#4164,5.4);
#4164 = AXIS2_PLACEMENT_3D('',#4165,#4166,#4167);
#4165 = CARTESIAN_POINT('',(-17.13801589528,23.75,169.77));
#4166 = DIRECTION('',(0.,0.,1.));
#4167 = DIRECTION('',(-0.707106781187,0.707106781187,0.));
#4168 = PCURVE('',#1956,#4169);
#4169 = DEFINITIONAL_REPRESENTATION('',(#4170),#4174);
#4170 = CIRCLE('',#4171,5.4);
#4171 = AXIS2_PLACEMENT_2D('',#4172,#4173);
#4172 = CARTESIAN_POINT('',(-17.13801589528,23.75));
#4173 = DIRECTION('',(-0.707106781187,0.707106781187));
#4174 = ( GEOMETRIC_REPRESENTATION_CONTEXT(2) 
PARAMETRIC_REPRESENTATION_CONTEXT() REPRESENTATION_CONTEXT('2D SPACE',''
  ) );
#4175 = PCURVE('',#4176,#4181);
#4176 = CYLINDRICAL_SURFACE('',#4177,5.4);
#4177 = AXIS2_PLACEMENT_3D('',#4178,#4179,#4180);
#4178 = CARTESIAN_POINT('',(-17.13801589528,23.75,169.67));
#4179 = DIRECTION('',(0.,0.,1.));
#4180 = DIRECTION('',(-0.707106781187,0.707106781187,0.));
#4181 = DEFINITIONAL_REPRESENTATION('',(#4182),#4186);
#4182 = LINE('',#4183,#4184);
#4183 = CARTESIAN_POINT('',(-6.28318530718,0.1));
#4184 = VECTOR('',#4185,1.);
#4185 = DIRECTION('',(1.,-0.));
#4186 = ( GEOMETRIC_REPRESENTATION_CONTEXT(2) 
PARAMETRIC_REPRESENTATION_CONTEXT() REPRESENTATION_CONTEXT('2D SPACE',''
  ) );
#4187 = ORIENTED_EDGE('',*,*,#4188,.T.);
#4188 = EDGE_CURVE('',#4160,#4189,#4191,.T.);
#4189 = VERTEX_POINT('',#4190);
#4190 = CARTESIAN_POINT('',(17.138015895286,29.15,169.77));
#4191 = SURFACE_CURVE('',#4192,(#4196,#4202),.PCURVE_S1.);
#4192 = LINE('',#4193,#4194);
#4193 = CARTESIAN_POINT('',(14.575,29.15,169.77));
#4194 = VECTOR('',#4195,1.);
#4195 = DIRECTION('',(1.,0.,-0.));
#4196 = PCURVE('',#1956,#4197);
#4197 = DEFINITIONAL_REPRESENTATION('',(#4198),#4201);
#4198 = B_SPLINE_CURVE_WITH_KNOTS('',1,(#4199,#4200),.UNSPECIFIED.,.F.,
  .F.,(2,2),(-31.71301589528,2.563015895286),.PIECEWISE_BEZIER_KNOTS.);
#4199 = CARTESIAN_POINT('',(-17.13801589528,29.15));
#4200 = CARTESIAN_POINT('',(17.138015895286,29.15));
#4201 = ( GEOMETRIC_REPRESENTATION_CONTEXT(2) 
PARAMETRIC_REPRESENTATION_CONTEXT() REPRESENTATION_CONTEXT('2D SPACE',''
  ) );
#4202 = PCURVE('',#4203,#4208);
#4203 = PLANE('',#4204);
#4204 = AXIS2_PLACEMENT_3D('',#4205,#4206,#4207);
#4205 = CARTESIAN_POINT('',(29.15,29.15,169.67));
#4206 = DIRECTION('',(0.,-1.,0.));
#4207 = DIRECTION('',(-1.,0.,0.));
#4208 = DEFINITIONAL_REPRESENTATION('',(#4209),#4212);
#4209 = B_SPLINE_CURVE_WITH_KNOTS('',1,(#4210,#4211),.UNSPECIFIED.,.F.,
  .F.,(2,2),(-31.71301589528,2.563015895286),.PIECEWISE_BEZIER_KNOTS.);
#4210 = CARTESIAN_POINT('',(46.288015895286,-0.1));
#4211 = CARTESIAN_POINT('',(12.011984104714,-0.1));
#4212 = ( GEOMETRIC_REPRESENTATION_CONTEXT(2) 
PARAMETRIC_REPRESENTATION_CONTEXT() REPRESENTATION_CONTEXT('2D SPACE',''
  ) );
#4213 = ORIENTED_EDGE('',*,*,#4214,.T.);
#4214 = EDGE_CURVE('',#4189,#4215,#4217,.T.);
#4215 = VERTEX_POINT('',#4216);
#4216 = CARTESIAN_POINT('',(20.956392513693,27.568376618407,169.77));
#4217 = SURFACE_CURVE('',#4218,(#4223,#4234),.PCURVE_S1.);
#4218 = CIRCLE('',#4219,5.4);
#4219 = AXIS2_PLACEMENT_3D('',#4220,#4221,#4222);
#4220 = CARTESIAN_POINT('',(17.138015895286,23.75,169.77));
#4221 = DIRECTION('',(0.,0.,-1.));
#4222 = DIRECTION('',(-0.,1.,-0.));
#4223 = PCURVE('',#1956,#4224);
#4224 = DEFINITIONAL_REPRESENTATION('',(#4225),#4233);
#4225 = ( BOUNDED_CURVE() B_SPLINE_CURVE(2,(#4226,#4227,#4228,#4229,
#4230,#4231,#4232),.UNSPECIFIED.,.T.,.F.) B_SPLINE_CURVE_WITH_KNOTS((1,2
    ,2,2,2,1),(-2.094395102393,0.,2.094395102393,4.188790204786,
6.28318530718,8.377580409573),.UNSPECIFIED.) CURVE() 
GEOMETRIC_REPRESENTATION_ITEM() RATIONAL_B_SPLINE_CURVE((1.,0.5,1.,0.5,
1.,0.5,1.)) REPRESENTATION_ITEM('') );
#4226 = CARTESIAN_POINT('',(17.138015895286,29.15));
#4227 = CARTESIAN_POINT('',(26.491090256157,29.15));
#4228 = CARTESIAN_POINT('',(21.814553075722,21.05));
#4229 = CARTESIAN_POINT('',(17.138015895286,12.95));
#4230 = CARTESIAN_POINT('',(12.46147871485,21.05));
#4231 = CARTESIAN_POINT('',(7.784941534414,29.15));
#4232 = CARTESIAN_POINT('',(17.138015895286,29.15));
#4233 = ( GEOMETRIC_REPRESENTATION_CONTEXT(2) 
PARAMETRIC_REPRESENTATION_CONTEXT() REPRESENTATION_CONTEXT('2D SPACE',''
  ) );
#4234 = PCURVE('',#4235,#4240);
#4235 = CYLINDRICAL_SURFACE('',#4236,5.4);
#4236 = AXIS2_PLACEMENT_3D('',#4237,#4238,#4239);
#4237 = CARTESIAN_POINT('',(17.138015895286,23.75,171.47));
#4238 = DIRECTION('',(0.,-0.,-1.));
#4239 = DIRECTION('',(-0.,1.,-0.));
#4240 = DEFINITIONAL_REPRESENTATION('',(#4241),#4245);
#4241 = LINE('',#4242,#4243);
#4242 = CARTESIAN_POINT('',(0.,1.7));
#4243 = VECTOR('',#4244,1.);
#4244 = DIRECTION('',(1.,0.));
#4245 = ( GEOMETRIC_REPRESENTATION_CONTEXT(2) 
PARAMETRIC_REPRESENTATION_CONTEXT() REPRESENTATION_CONTEXT('2D SPACE',''
  ) );
#4246 = ORIENTED_EDGE('',*,*,#4247,.T.);
#4247 = EDGE_CURVE('',#4215,#4248,#4250,.T.);
#4248 = VERTEX_POINT('',#4249);
#4249 = CARTESIAN_POINT('',(27.568376618407,20.956392513693,169.77));
#4250 = SURFACE_CURVE('',#4251,(#4255,#4261),.PCURVE_S1.);
#4251 = LINE('',#4252,#4253);
#4252 = CARTESIAN_POINT('',(36.393576849075,12.131192283025,169.77));
#4253 = VECTOR('',#4254,1.);
#4254 = DIRECTION('',(0.707106781187,-0.707106781187,0.));
#4255 = PCURVE('',#1956,#4256);
#4256 = DEFINITIONAL_REPRESENTATION('',(#4257),#4260);
#4257 = B_SPLINE_CURVE_WITH_KNOTS('',1,(#4258,#4259),.UNSPECIFIED.,.F.,
  .F.,(2,2),(-21.83147545195,-12.48071785686),.PIECEWISE_BEZIER_KNOTS.);
#4258 = CARTESIAN_POINT('',(20.956392513693,27.568376618407));
#4259 = CARTESIAN_POINT('',(27.568376618407,20.956392513693));
#4260 = ( GEOMETRIC_REPRESENTATION_CONTEXT(2) 
PARAMETRIC_REPRESENTATION_CONTEXT() REPRESENTATION_CONTEXT('2D SPACE',''
  ) );
#4261 = PCURVE('',#4262,#4267);
#4262 = PLANE('',#4263);
#4263 = AXIS2_PLACEMENT_3D('',#4264,#4265,#4266);
#4264 = CARTESIAN_POINT('',(48.5247691321,-3.319918495161E-15,169.47));
#4265 = DIRECTION('',(-0.707106781187,-0.707106781187,0.));
#4266 = DIRECTION('',(-0.707106781187,0.707106781187,0.));
#4267 = DEFINITIONAL_REPRESENTATION('',(#4268),#4271);
#4268 = B_SPLINE_CURVE_WITH_KNOTS('',1,(#4269,#4270),.UNSPECIFIED.,.F.,
  .F.,(2,2),(-21.83147545195,-12.48071785686),.PIECEWISE_BEZIER_KNOTS.);
#4269 = CARTESIAN_POINT('',(38.987572106361,-0.3));
#4270 = CARTESIAN_POINT('',(29.636814511279,-0.3));
#4271 = ( GEOMETRIC_REPRESENTATION_CONTEXT(2) 
PARAMETRIC_REPRESENTATION_CONTEXT() REPRESENTATION_CONTEXT('2D SPACE',''
  ) );
#4272 = ORIENTED_EDGE('',*,*,#4273,.F.);
#4273 = EDGE_CURVE('',#4274,#4248,#4276,.T.);
#4274 = VERTEX_POINT('',#4275);
#4275 = CARTESIAN_POINT('',(29.15,17.138015895286,169.77));
#4276 = SURFACE_CURVE('',#4277,(#4282,#4289),.PCURVE_S1.);
#4277 = CIRCLE('',#4278,5.4);
#4278 = AXIS2_PLACEMENT_3D('',#4279,#4280,#4281);
#4279 = CARTESIAN_POINT('',(23.75,17.138015895286,169.77));
#4280 = DIRECTION('',(0.,0.,1.));
#4281 = DIRECTION('',(0.707106781187,0.707106781187,-0.));
#4282 = PCURVE('',#1956,#4283);
#4283 = DEFINITIONAL_REPRESENTATION('',(#4284),#4288);
#4284 = CIRCLE('',#4285,5.4);
#4285 = AXIS2_PLACEMENT_2D('',#4286,#4287);
#4286 = CARTESIAN_POINT('',(23.75,17.138015895286));
#4287 = DIRECTION('',(0.707106781187,0.707106781187));
#4288 = ( GEOMETRIC_REPRESENTATION_CONTEXT(2) 
PARAMETRIC_REPRESENTATION_CONTEXT() REPRESENTATION_CONTEXT('2D SPACE',''
  ) );
#4289 = PCURVE('',#4290,#4295);
#4290 = CYLINDRICAL_SURFACE('',#4291,5.4);
#4291 = AXIS2_PLACEMENT_3D('',#4292,#4293,#4294);
#4292 = CARTESIAN_POINT('',(23.75,17.138015895286,169.67));
#4293 = DIRECTION('',(0.,0.,1.));
#4294 = DIRECTION('',(0.707106781187,0.707106781187,-0.));
#4295 = DEFINITIONAL_REPRESENTATION('',(#4296),#4300);
#4296 = LINE('',#4297,#4298);
#4297 = CARTESIAN_POINT('',(-6.28318530718,0.1));
#4298 = VECTOR('',#4299,1.);
#4299 = DIRECTION('',(1.,-0.));
#4300 = ( GEOMETRIC_REPRESENTATION_CONTEXT(2) 
PARAMETRIC_REPRESENTATION_CONTEXT() REPRESENTATION_CONTEXT('2D SPACE',''
  ) );
#4301 = ORIENTED_EDGE('',*,*,#4302,.T.);
#4302 = EDGE_CURVE('',#4274,#4303,#4305,.T.);
#4303 = VERTEX_POINT('',#4304);
#4304 = CARTESIAN_POINT('',(29.15,-17.13801589528,169.77));
#4305 = SURFACE_CURVE('',#4306,(#4310,#4316),.PCURVE_S1.);
#4306 = LINE('',#4307,#4308);
#4307 = CARTESIAN_POINT('',(29.15,-14.575,169.77));
#4308 = VECTOR('',#4309,1.);
#4309 = DIRECTION('',(0.,-1.,0.));
#4310 = PCURVE('',#1956,#4311);
#4311 = DEFINITIONAL_REPRESENTATION('',(#4312),#4315);
#4312 = B_SPLINE_CURVE_WITH_KNOTS('',1,(#4313,#4314),.UNSPECIFIED.,.F.,
  .F.,(2,2),(-31.71301589528,2.563015895286),.PIECEWISE_BEZIER_KNOTS.);
#4313 = CARTESIAN_POINT('',(29.15,17.138015895286));
#4314 = CARTESIAN_POINT('',(29.15,-17.13801589528));
#4315 = ( GEOMETRIC_REPRESENTATION_CONTEXT(2) 
PARAMETRIC_REPRESENTATION_CONTEXT() REPRESENTATION_CONTEXT('2D SPACE',''
  ) );
#4316 = PCURVE('',#4317,#4322);
#4317 = PLANE('',#4318);
#4318 = AXIS2_PLACEMENT_3D('',#4319,#4320,#4321);
#4319 = CARTESIAN_POINT('',(29.15,-29.15,169.67));
#4320 = DIRECTION('',(-1.,0.,0.));
#4321 = DIRECTION('',(0.,1.,0.));
#4322 = DEFINITIONAL_REPRESENTATION('',(#4323),#4326);
#4323 = B_SPLINE_CURVE_WITH_KNOTS('',1,(#4324,#4325),.UNSPECIFIED.,.F.,
  .F.,(2,2),(-31.71301589528,2.563015895286),.PIECEWISE_BEZIER_KNOTS.);
#4324 = CARTESIAN_POINT('',(46.288015895286,-0.1));
#4325 = CARTESIAN_POINT('',(12.011984104714,-0.1));
#4326 = ( GEOMETRIC_REPRESENTATION_CONTEXT(2) 
PARAMETRIC_REPRESENTATION_CONTEXT() REPRESENTATION_CONTEXT('2D SPACE',''
  ) );
#4327 = ORIENTED_EDGE('',*,*,#4328,.T.);
#4328 = EDGE_CURVE('',#4303,#4329,#4331,.T.);
#4329 = VERTEX_POINT('',#4330);
#4330 = CARTESIAN_POINT('',(27.568376618407,-20.95639251369,169.77));
#4331 = SURFACE_CURVE('',#4332,(#4337,#4348),.PCURVE_S1.);
#4332 = CIRCLE('',#4333,5.4);
#4333 = AXIS2_PLACEMENT_3D('',#4334,#4335,#4336);
#4334 = CARTESIAN_POINT('',(23.75,-17.13801589528,169.77));
#4335 = DIRECTION('',(0.,0.,-1.));
#4336 = DIRECTION('',(0.707106781187,-0.707106781187,0.));
#4337 = PCURVE('',#1956,#4338);
#4338 = DEFINITIONAL_REPRESENTATION('',(#4339),#4347);
#4339 = ( BOUNDED_CURVE() B_SPLINE_CURVE(2,(#4340,#4341,#4342,#4343,
#4344,#4345,#4346),.UNSPECIFIED.,.T.,.F.) B_SPLINE_CURVE_WITH_KNOTS((1,2
    ,2,2,2,1),(-2.094395102393,0.,2.094395102393,4.188790204786,
6.28318530718,8.377580409573),.UNSPECIFIED.) CURVE() 
GEOMETRIC_REPRESENTATION_ITEM() RATIONAL_B_SPLINE_CURVE((1.,0.5,1.,0.5,
1.,0.5,1.)) REPRESENTATION_ITEM('') );
#4340 = CARTESIAN_POINT('',(27.568376618407,-20.95639251369));
#4341 = CARTESIAN_POINT('',(20.954754312893,-27.5700148192));
#4342 = CARTESIAN_POINT('',(18.534000538039,-18.53563873883));
#4343 = CARTESIAN_POINT('',(16.113246763185,-9.501262658471));
#4344 = CARTESIAN_POINT('',(25.147622843554,-11.92201643332));
#4345 = CARTESIAN_POINT('',(34.181998923922,-14.34277020817));
#4346 = CARTESIAN_POINT('',(27.568376618407,-20.95639251369));
#4347 = ( GEOMETRIC_REPRESENTATION_CONTEXT(2) 
PARAMETRIC_REPRESENTATION_CONTEXT() REPRESENTATION_CONTEXT('2D SPACE',''
  ) );
#4348 = PCURVE('',#4349,#4354);
#4349 = CYLINDRICAL_SURFACE('',#4350,5.4);
#4350 = AXIS2_PLACEMENT_3D('',#4351,#4352,#4353);
#4351 = CARTESIAN_POINT('',(23.75,-17.13801589528,171.47));
#4352 = DIRECTION('',(0.,0.,-1.));
#4353 = DIRECTION('',(0.707106781187,-0.707106781187,0.));
#4354 = DEFINITIONAL_REPRESENTATION('',(#4355),#4359);
#4355 = LINE('',#4356,#4357);
#4356 = CARTESIAN_POINT('',(-6.28318530718,1.7));
#4357 = VECTOR('',#4358,1.);
#4358 = DIRECTION('',(1.,-0.));
#4359 = ( GEOMETRIC_REPRESENTATION_CONTEXT(2) 
PARAMETRIC_REPRESENTATION_CONTEXT() REPRESENTATION_CONTEXT('2D SPACE',''
  ) );
#4360 = ORIENTED_EDGE('',*,*,#4361,.T.);
#4361 = EDGE_CURVE('',#4329,#3932,#4362,.T.);
#4362 = SURFACE_CURVE('',#4363,(#4367,#4373),.PCURVE_S1.);
#4363 = LINE('',#4364,#4365);
#4364 = CARTESIAN_POINT('',(12.131192283025,-36.39357684907,169.77));
#4365 = VECTOR('',#4366,1.);
#4366 = DIRECTION('',(-0.707106781187,-0.707106781187,0.));
#4367 = PCURVE('',#1956,#4368);
#4368 = DEFINITIONAL_REPRESENTATION('',(#4369),#4372);
#4369 = B_SPLINE_CURVE_WITH_KNOTS('',1,(#4370,#4371),.UNSPECIFIED.,.F.,
  .F.,(2,2),(-21.83147545195,-12.48071785686),.PIECEWISE_BEZIER_KNOTS.);
#4370 = CARTESIAN_POINT('',(27.568376618407,-20.95639251369));
#4371 = CARTESIAN_POINT('',(20.956392513693,-27.5683766184));
#4372 = ( GEOMETRIC_REPRESENTATION_CONTEXT(2) 
PARAMETRIC_REPRESENTATION_CONTEXT() REPRESENTATION_CONTEXT('2D SPACE',''
  ) );
#4373 = PCURVE('',#4374,#4379);
#4374 = PLANE('',#4375);
#4375 = AXIS2_PLACEMENT_3D('',#4376,#4377,#4378);
#4376 = CARTESIAN_POINT('',(-4.042213887324E-15,-48.5247691321,169.47));
#4377 = DIRECTION('',(-0.707106781187,0.707106781187,0.));
#4378 = DIRECTION('',(0.707106781187,0.707106781187,0.));
#4379 = DEFINITIONAL_REPRESENTATION('',(#4380),#4383);
#4380 = B_SPLINE_CURVE_WITH_KNOTS('',1,(#4381,#4382),.UNSPECIFIED.,.F.,
  .F.,(2,2),(-21.83147545195,-12.48071785686),.PIECEWISE_BEZIER_KNOTS.);
#4381 = CARTESIAN_POINT('',(38.987572106361,-0.3));
#4382 = CARTESIAN_POINT('',(29.636814511279,-0.3));
#4383 = ( GEOMETRIC_REPRESENTATION_CONTEXT(2) 
PARAMETRIC_REPRESENTATION_CONTEXT() REPRESENTATION_CONTEXT('2D SPACE',''
  ) );
#4384 = ADVANCED_FACE('',(#4385),#2761,.T.);
#4385 = FACE_BOUND('',#4386,.T.);
#4386 = EDGE_LOOP('',(#4387,#4388,#4389,#4390));
#4387 = ORIENTED_EDGE('',*,*,#2796,.T.);
#4388 = ORIENTED_EDGE('',*,*,#2845,.T.);
#4389 = ORIENTED_EDGE('',*,*,#2894,.T.);
#4390 = ORIENTED_EDGE('',*,*,#2746,.F.);
#4391 = ADVANCED_FACE('',(#4392),#2938,.T.);
#4392 = FACE_BOUND('',#4393,.T.);
#4393 = EDGE_LOOP('',(#4394));
#4394 = ORIENTED_EDGE('',*,*,#2921,.T.);
#4395 = ADVANCED_FACE('',(#4396,#4535,#5043),#2993,.T.);
#4396 = FACE_BOUND('',#4397,.T.);
#4397 = EDGE_LOOP('',(#4398,#4399,#4420,#4447,#4466,#4467,#4488,#4516));
#4398 = ORIENTED_EDGE('',*,*,#3650,.F.);
#4399 = ORIENTED_EDGE('',*,*,#4400,.F.);
#4400 = EDGE_CURVE('',#4401,#3622,#4403,.T.);
#4401 = VERTEX_POINT('',#4402);
#4402 = CARTESIAN_POINT('',(30.5,-24.02104428619,156.77));
#4403 = SURFACE_CURVE('',#4404,(#4408,#4414),.PCURVE_S1.);
#4404 = LINE('',#4405,#4406);
#4405 = CARTESIAN_POINT('',(30.5,-24.02104428619,3.));
#4406 = VECTOR('',#4407,1.);
#4407 = DIRECTION('',(-0.,-0.,-1.));
#4408 = PCURVE('',#2993,#4409);
#4409 = DEFINITIONAL_REPRESENTATION('',(#4410),#4413);
#4410 = B_SPLINE_CURVE_WITH_KNOTS('',1,(#4411,#4412),.UNSPECIFIED.,.F.,
  .F.,(2,2),(-168.2700006,5.999999999062E-07),.PIECEWISE_BEZIER_KNOTS.);
#4411 = CARTESIAN_POINT('',(6.478955713802,-168.2700006));
#4412 = CARTESIAN_POINT('',(6.478955713802,5.999999999062E-07));
#4413 = ( GEOMETRIC_REPRESENTATION_CONTEXT(2) 
PARAMETRIC_REPRESENTATION_CONTEXT() REPRESENTATION_CONTEXT('2D SPACE',''
  ) );
#4414 = PCURVE('',#3638,#4415);
#4415 = DEFINITIONAL_REPRESENTATION('',(#4416),#4419);
#4416 = B_SPLINE_CURVE_WITH_KNOTS('',1,(#4417,#4418),.UNSPECIFIED.,.F.,
  .F.,(2,2),(-168.2700006,5.999999999062E-07),.PIECEWISE_BEZIER_KNOTS.);
#4417 = CARTESIAN_POINT('',(-1.278176641451,-168.2700006));
#4418 = CARTESIAN_POINT('',(-1.278176641451,5.999999999062E-07));
#4419 = ( GEOMETRIC_REPRESENTATION_CONTEXT(2) 
PARAMETRIC_REPRESENTATION_CONTEXT() REPRESENTATION_CONTEXT('2D SPACE',''
  ) );
#4420 = ORIENTED_EDGE('',*,*,#4421,.T.);
#4421 = EDGE_CURVE('',#4401,#4422,#4424,.T.);
#4422 = VERTEX_POINT('',#4423);
#4423 = CARTESIAN_POINT('',(30.5,24.021044286198,156.77));
#4424 = SURFACE_CURVE('',#4425,(#4429,#4436),.PCURVE_S1.);
#4425 = LINE('',#4426,#4427);
#4426 = CARTESIAN_POINT('',(30.5,-30.5,156.77));
#4427 = VECTOR('',#4428,1.);
#4428 = DIRECTION('',(0.,1.,0.));
#4429 = PCURVE('',#2993,#4430);
#4430 = DEFINITIONAL_REPRESENTATION('',(#4431),#4435);
#4431 = LINE('',#4432,#4433);
#4432 = CARTESIAN_POINT('',(0.,-153.77));
#4433 = VECTOR('',#4434,1.);
#4434 = DIRECTION('',(1.,0.));
#4435 = ( GEOMETRIC_REPRESENTATION_CONTEXT(2) 
PARAMETRIC_REPRESENTATION_CONTEXT() REPRESENTATION_CONTEXT('2D SPACE',''
  ) );
#4436 = PCURVE('',#4437,#4442);
#4437 = B_SPLINE_SURFACE_WITH_KNOTS('',1,1,(
    (#4438,#4439)
    ,(#4440,#4441
    )),.UNSPECIFIED.,.F.,.F.,.F.,(2,2),(2,2),(0.,61.),(0.,1.),
  .PIECEWISE_BEZIER_KNOTS.);
#4438 = CARTESIAN_POINT('',(30.5,-30.5,156.77));
#4439 = CARTESIAN_POINT('',(28.,-28.,159.27));
#4440 = CARTESIAN_POINT('',(30.5,30.5,156.77));
#4441 = CARTESIAN_POINT('',(28.,28.,159.27));
#4442 = DEFINITIONAL_REPRESENTATION('',(#4443),#4446);
#4443 = B_SPLINE_CURVE_WITH_KNOTS('',1,(#4444,#4445),.UNSPECIFIED.,.F.,
  .F.,(2,2),(0.,61.),.PIECEWISE_BEZIER_KNOTS.);
#4444 = CARTESIAN_POINT('',(0.,0.));
#4445 = CARTESIAN_POINT('',(61.,0.));
#4446 = ( GEOMETRIC_REPRESENTATION_CONTEXT(2) 
PARAMETRIC_REPRESENTATION_CONTEXT() REPRESENTATION_CONTEXT('2D SPACE',''
  ) );
#4447 = ORIENTED_EDGE('',*,*,#4448,.T.);
#4448 = EDGE_CURVE('',#4422,#3232,#4449,.T.);
#4449 = SURFACE_CURVE('',#4450,(#4454,#4460),.PCURVE_S1.);
#4450 = LINE('',#4451,#4452);
#4451 = CARTESIAN_POINT('',(30.5,24.021044286198,3.));
#4452 = VECTOR('',#4453,1.);
#4453 = DIRECTION('',(-0.,-0.,-1.));
#4454 = PCURVE('',#2993,#4455);
#4455 = DEFINITIONAL_REPRESENTATION('',(#4456),#4459);
#4456 = B_SPLINE_CURVE_WITH_KNOTS('',1,(#4457,#4458),.UNSPECIFIED.,.F.,
  .F.,(2,2),(-168.2700006,5.999999999062E-07),.PIECEWISE_BEZIER_KNOTS.);
#4457 = CARTESIAN_POINT('',(54.521044286198,-168.2700006));
#4458 = CARTESIAN_POINT('',(54.521044286198,5.999999999062E-07));
#4459 = ( GEOMETRIC_REPRESENTATION_CONTEXT(2) 
PARAMETRIC_REPRESENTATION_CONTEXT() REPRESENTATION_CONTEXT('2D SPACE',''
  ) );
#4460 = PCURVE('',#3248,#4461);
#4461 = DEFINITIONAL_REPRESENTATION('',(#4462),#4465);
#4462 = B_SPLINE_CURVE_WITH_KNOTS('',1,(#4463,#4464),.UNSPECIFIED.,.F.,
  .F.,(2,2),(-168.2700006,5.999999999062E-07),.PIECEWISE_BEZIER_KNOTS.);
#4463 = CARTESIAN_POINT('',(-5.005008665729,-168.2700006));
#4464 = CARTESIAN_POINT('',(-5.005008665729,5.999999999062E-07));
#4465 = ( GEOMETRIC_REPRESENTATION_CONTEXT(2) 
PARAMETRIC_REPRESENTATION_CONTEXT() REPRESENTATION_CONTEXT('2D SPACE',''
  ) );
#4466 = ORIENTED_EDGE('',*,*,#3869,.F.);
#4467 = ORIENTED_EDGE('',*,*,#4468,.T.);
#4468 = EDGE_CURVE('',#3842,#4469,#4471,.T.);
#4469 = VERTEX_POINT('',#4470);
#4470 = CARTESIAN_POINT('',(30.5,11.7,138.42));
#4471 = SURFACE_CURVE('',#4472,(#4476,#4482),.PCURVE_S1.);
#4472 = LINE('',#4473,#4474);
#4473 = CARTESIAN_POINT('',(30.5,11.7,3.));
#4474 = VECTOR('',#4475,1.);
#4475 = DIRECTION('',(0.,0.,1.));
#4476 = PCURVE('',#2993,#4477);
#4477 = DEFINITIONAL_REPRESENTATION('',(#4478),#4481);
#4478 = B_SPLINE_CURVE_WITH_KNOTS('',1,(#4479,#4480),.UNSPECIFIED.,.F.,
  .F.,(2,2),(0.,135.42),.PIECEWISE_BEZIER_KNOTS.);
#4479 = CARTESIAN_POINT('',(42.2,0.));
#4480 = CARTESIAN_POINT('',(42.2,-135.42));
#4481 = ( GEOMETRIC_REPRESENTATION_CONTEXT(2) 
PARAMETRIC_REPRESENTATION_CONTEXT() REPRESENTATION_CONTEXT('2D SPACE',''
  ) );
#4482 = PCURVE('',#3857,#4483);
#4483 = DEFINITIONAL_REPRESENTATION('',(#4484),#4487);
#4484 = B_SPLINE_CURVE_WITH_KNOTS('',1,(#4485,#4486),.UNSPECIFIED.,.F.,
  .F.,(2,2),(0.,135.42),.PIECEWISE_BEZIER_KNOTS.);
#4485 = CARTESIAN_POINT('',(0.2,0.));
#4486 = CARTESIAN_POINT('',(0.2,-135.42));
#4487 = ( GEOMETRIC_REPRESENTATION_CONTEXT(2) 
PARAMETRIC_REPRESENTATION_CONTEXT() REPRESENTATION_CONTEXT('2D SPACE',''
  ) );
#4488 = ORIENTED_EDGE('',*,*,#4489,.T.);
#4489 = EDGE_CURVE('',#4469,#4490,#4492,.T.);
#4490 = VERTEX_POINT('',#4491);
#4491 = CARTESIAN_POINT('',(30.5,0.3,138.42));
#4492 = SURFACE_CURVE('',#4493,(#4497,#4504),.PCURVE_S1.);
#4493 = LINE('',#4494,#4495);
#4494 = CARTESIAN_POINT('',(30.5,11.7,138.42));
#4495 = VECTOR('',#4496,1.);
#4496 = DIRECTION('',(0.,-1.,0.));
#4497 = PCURVE('',#2993,#4498);
#4498 = DEFINITIONAL_REPRESENTATION('',(#4499),#4503);
#4499 = LINE('',#4500,#4501);
#4500 = CARTESIAN_POINT('',(42.2,-135.42));
#4501 = VECTOR('',#4502,1.);
#4502 = DIRECTION('',(-1.,0.));
#4503 = ( GEOMETRIC_REPRESENTATION_CONTEXT(2) 
PARAMETRIC_REPRESENTATION_CONTEXT() REPRESENTATION_CONTEXT('2D SPACE',''
  ) );
#4504 = PCURVE('',#4505,#4510);
#4505 = PLANE('',#4506);
#4506 = AXIS2_PLACEMENT_3D('',#4507,#4508,#4509);
#4507 = CARTESIAN_POINT('',(27.6,2.3,138.42));
#4508 = DIRECTION('',(0.,0.,1.));
#4509 = DIRECTION('',(1.,0.,-0.));
#4510 = DEFINITIONAL_REPRESENTATION('',(#4511),#4515);
#4511 = LINE('',#4512,#4513);
#4512 = CARTESIAN_POINT('',(2.9,9.4));
#4513 = VECTOR('',#4514,1.);
#4514 = DIRECTION('',(0.,-1.));
#4515 = ( GEOMETRIC_REPRESENTATION_CONTEXT(2) 
PARAMETRIC_REPRESENTATION_CONTEXT() REPRESENTATION_CONTEXT('2D SPACE',''
  ) );
#4516 = ORIENTED_EDGE('',*,*,#4517,.T.);
#4517 = EDGE_CURVE('',#4490,#3651,#4518,.T.);
#4518 = SURFACE_CURVE('',#4519,(#4523,#4529),.PCURVE_S1.);
#4519 = LINE('',#4520,#4521);
#4520 = CARTESIAN_POINT('',(30.5,0.3,3.));
#4521 = VECTOR('',#4522,1.);
#4522 = DIRECTION('',(0.,0.,-1.));
#4523 = PCURVE('',#2993,#4524);
#4524 = DEFINITIONAL_REPRESENTATION('',(#4525),#4528);
#4525 = B_SPLINE_CURVE_WITH_KNOTS('',1,(#4526,#4527),.UNSPECIFIED.,.F.,
  .F.,(2,2),(-135.42,0.),.PIECEWISE_BEZIER_KNOTS.);
#4526 = CARTESIAN_POINT('',(30.8,-135.42));
#4527 = CARTESIAN_POINT('',(30.8,0.));
#4528 = ( GEOMETRIC_REPRESENTATION_CONTEXT(2) 
PARAMETRIC_REPRESENTATION_CONTEXT() REPRESENTATION_CONTEXT('2D SPACE',''
  ) );
#4529 = PCURVE('',#3689,#4530);
#4530 = DEFINITIONAL_REPRESENTATION('',(#4531),#4534);
#4531 = B_SPLINE_CURVE_WITH_KNOTS('',1,(#4532,#4533),.UNSPECIFIED.,.F.,
  .F.,(2,2),(-135.42,0.),.PIECEWISE_BEZIER_KNOTS.);
#4532 = CARTESIAN_POINT('',(6.,-135.42));
#4533 = CARTESIAN_POINT('',(6.,0.));
#4534 = ( GEOMETRIC_REPRESENTATION_CONTEXT(2) 
PARAMETRIC_REPRESENTATION_CONTEXT() REPRESENTATION_CONTEXT('2D SPACE',''
  ) );
#4535 = FACE_BOUND('',#4536,.T.);
#4536 = EDGE_LOOP('',(#4537,#4565,#4592,#4792,#4818,#5023));
#4537 = ORIENTED_EDGE('',*,*,#4538,.F.);
#4538 = EDGE_CURVE('',#4539,#4541,#4543,.T.);
#4539 = VERTEX_POINT('',#4540);
#4540 = CARTESIAN_POINT('',(30.5,-20.5,138.42));
#4541 = VERTEX_POINT('',#4542);
#4542 = CARTESIAN_POINT('',(30.5,-8.5,138.42));
#4543 = SURFACE_CURVE('',#4544,(#4548,#4554),.PCURVE_S1.);
#4544 = LINE('',#4545,#4546);
#4545 = CARTESIAN_POINT('',(30.5,-22.5,138.42));
#4546 = VECTOR('',#4547,1.);
#4547 = DIRECTION('',(0.,1.,-0.));
#4548 = PCURVE('',#2993,#4549);
#4549 = DEFINITIONAL_REPRESENTATION('',(#4550),#4553);
#4550 = B_SPLINE_CURVE_WITH_KNOTS('',1,(#4551,#4552),.UNSPECIFIED.,.F.,
  .F.,(2,2),(2.,14.),.PIECEWISE_BEZIER_KNOTS.);
#4551 = CARTESIAN_POINT('',(10.,-135.42));
#4552 = CARTESIAN_POINT('',(22.,-135.42));
#4553 = ( GEOMETRIC_REPRESENTATION_CONTEXT(2) 
PARAMETRIC_REPRESENTATION_CONTEXT() REPRESENTATION_CONTEXT('2D SPACE',''
  ) );
#4554 = PCURVE('',#4555,#4560);
#4555 = PLANE('',#4556);
#4556 = AXIS2_PLACEMENT_3D('',#4557,#4558,#4559);
#4557 = CARTESIAN_POINT('',(26.625,-14.5,138.42));
#4558 = DIRECTION('',(0.,0.,1.));
#4559 = DIRECTION('',(1.,0.,-0.));
#4560 = DEFINITIONAL_REPRESENTATION('',(#4561),#4564);
#4561 = B_SPLINE_CURVE_WITH_KNOTS('',1,(#4562,#4563),.UNSPECIFIED.,.F.,
  .F.,(2,2),(2.,14.),.PIECEWISE_BEZIER_KNOTS.);
#4562 = CARTESIAN_POINT('',(3.875,-6.));
#4563 = CARTESIAN_POINT('',(3.875,6.));
#4564 = ( GEOMETRIC_REPRESENTATION_CONTEXT(2) 
PARAMETRIC_REPRESENTATION_CONTEXT() REPRESENTATION_CONTEXT('2D SPACE',''
  ) );
#4565 = ORIENTED_EDGE('',*,*,#4566,.T.);
#4566 = EDGE_CURVE('',#4539,#4567,#4569,.T.);
#4567 = VERTEX_POINT('',#4568);
#4568 = CARTESIAN_POINT('',(30.5,-20.5,126.42));
#4569 = SURFACE_CURVE('',#4570,(#4574,#4580),.PCURVE_S1.);
#4570 = LINE('',#4571,#4572);
#4571 = CARTESIAN_POINT('',(30.5,-20.5,64.71));
#4572 = VECTOR('',#4573,1.);
#4573 = DIRECTION('',(0.,0.,-1.));
#4574 = PCURVE('',#2993,#4575);
#4575 = DEFINITIONAL_REPRESENTATION('',(#4576),#4579);
#4576 = B_SPLINE_CURVE_WITH_KNOTS('',1,(#4577,#4578),.UNSPECIFIED.,.F.,
  .F.,(2,2),(-73.71,-61.71),.PIECEWISE_BEZIER_KNOTS.);
#4577 = CARTESIAN_POINT('',(10.,-135.42));
#4578 = CARTESIAN_POINT('',(10.,-123.42));
#4579 = ( GEOMETRIC_REPRESENTATION_CONTEXT(2) 
PARAMETRIC_REPRESENTATION_CONTEXT() REPRESENTATION_CONTEXT('2D SPACE',''
  ) );
#4580 = PCURVE('',#4581,#4586);
#4581 = PLANE('',#4582);
#4582 = AXIS2_PLACEMENT_3D('',#4583,#4584,#4585);
#4583 = CARTESIAN_POINT('',(28.5625,-20.5,120.045));
#4584 = DIRECTION('',(0.,-1.,0.));
#4585 = DIRECTION('',(0.913650885576,0.,0.406499765421));
#4586 = DEFINITIONAL_REPRESENTATION('',(#4587),#4591);
#4587 = LINE('',#4588,#4589);
#4588 = CARTESIAN_POINT('',(-20.72346592874,-51.34446504882));
#4589 = VECTOR('',#4590,1.);
#4590 = DIRECTION('',(-0.406499765421,-0.913650885576));
#4591 = ( GEOMETRIC_REPRESENTATION_CONTEXT(2) 
PARAMETRIC_REPRESENTATION_CONTEXT() REPRESENTATION_CONTEXT('2D SPACE',''
  ) );
#4592 = ORIENTED_EDGE('',*,*,#4593,.F.);
#4593 = EDGE_CURVE('',#4594,#4567,#4596,.T.);
#4594 = VERTEX_POINT('',#4595);
#4595 = CARTESIAN_POINT('',(30.5,-20.5,113.67));
#4596 = SURFACE_CURVE('',#4597,(#4660,#4726),.PCURVE_S1.);
#4597 = B_SPLINE_CURVE_WITH_KNOTS('',7,(#4598,#4599,#4600,#4601,#4602,
    #4603,#4604,#4605,#4606,#4607,#4608,#4609,#4610,#4611,#4612,#4613,
    #4614,#4615,#4616,#4617,#4618,#4619,#4620,#4621,#4622,#4623,#4624,
    #4625,#4626,#4627,#4628,#4629,#4630,#4631,#4632,#4633,#4634,#4635,
    #4636,#4637,#4638,#4639,#4640,#4641,#4642,#4643,#4644,#4645,#4646,
    #4647,#4648,#4649,#4650,#4651,#4652,#4653,#4654,#4655,#4656,#4657,
    #4658,#4659),.UNSPECIFIED.,.F.,.F.,(8,6,6,6,6,6,6,6,6,6,8),(0.,
    8.771460013206E-02,0.16534817973,0.193644560633,0.233073696283,
    0.261145460562,0.337719789476,0.438159918262,0.579812109369,
    0.783440032344,1.),.UNSPECIFIED.);
#4598 = CARTESIAN_POINT('',(30.5,-20.5,113.67));
#4599 = CARTESIAN_POINT('',(30.5,-20.5,113.68931264508));
#4600 = CARTESIAN_POINT('',(30.5,-20.5,113.7107044745));
#4601 = CARTESIAN_POINT('',(30.5,-20.5,113.73458027451));
#4602 = CARTESIAN_POINT('',(30.5,-20.5,113.76146111172));
#4603 = CARTESIAN_POINT('',(30.5,-20.5,113.79205827301));
#4604 = CARTESIAN_POINT('',(30.5,-20.5,113.82734406574));
#4605 = CARTESIAN_POINT('',(30.5,-20.5,113.90569170876));
#4606 = CARTESIAN_POINT('',(30.5,-20.5,113.9473379942));
#4607 = CARTESIAN_POINT('',(30.5,-20.5,113.99497971919));
#4608 = CARTESIAN_POINT('',(30.5,-20.5,114.05007632389));
#4609 = CARTESIAN_POINT('',(30.5,-20.5,114.11437136934));
#4610 = CARTESIAN_POINT('',(30.5,-20.5,114.19022761761));
#4611 = CARTESIAN_POINT('',(30.5,-20.5,114.31159380695));
#4612 = CARTESIAN_POINT('',(30.5,-20.5,114.34572833927));
#4613 = CARTESIAN_POINT('',(30.5,-20.5,114.38162653495));
#4614 = CARTESIAN_POINT('',(30.5,-20.5,114.41931558437));
#4615 = CARTESIAN_POINT('',(30.5,-20.5,114.4587925026));
#4616 = CARTESIAN_POINT('',(30.5,-20.5,114.50001565499));
#4617 = CARTESIAN_POINT('',(30.5,-20.5,114.60264760213));
#4618 = CARTESIAN_POINT('',(30.5,-20.5,114.66563746758));
#4619 = CARTESIAN_POINT('',(30.5,-20.5,114.7316234177));
#4620 = CARTESIAN_POINT('',(30.5,-20.5,114.80028217011));
#4621 = CARTESIAN_POINT('',(30.5,-20.5,114.87124664884));
#4622 = CARTESIAN_POINT('',(30.5,-20.5,114.94414301164));
#4623 = CARTESIAN_POINT('',(30.5,-20.5,115.0716573962));
#4624 = CARTESIAN_POINT('',(30.5,-20.5,115.12550352001));
#4625 = CARTESIAN_POINT('',(30.5,-20.5,115.18005719108));
#4626 = CARTESIAN_POINT('',(30.5,-20.5,115.23521995354));
#4627 = CARTESIAN_POINT('',(30.5,-20.5,115.29090567514));
#4628 = CARTESIAN_POINT('',(30.5,-20.5,115.34704246909));
#4629 = CARTESIAN_POINT('',(30.5,-20.5,115.55778334895));
#4630 = CARTESIAN_POINT('',(30.5,-20.5,115.71480560798));
#4631 = CARTESIAN_POINT('',(30.5,-20.5,115.87366908687));
#4632 = CARTESIAN_POINT('',(30.5,-20.5,116.03369347953));
#4633 = CARTESIAN_POINT('',(30.5,-20.5,116.19445305156));
#4634 = CARTESIAN_POINT('',(30.5,-20.5,116.35574872009));
#4635 = CARTESIAN_POINT('',(30.5,-20.5,116.72987126788));
#4636 = CARTESIAN_POINT('',(30.5,-20.5,116.9428801372));
#4637 = CARTESIAN_POINT('',(30.5,-20.5,117.1563515784));
#4638 = CARTESIAN_POINT('',(30.5,-20.5,117.37011898254));
#4639 = CARTESIAN_POINT('',(30.5,-20.5,117.58407772337));
#4640 = CARTESIAN_POINT('',(30.5,-20.5,117.79818108679));
#4641 = CARTESIAN_POINT('',(30.5,-20.5,118.31459450892));
#4642 = CARTESIAN_POINT('',(30.5,-20.5,118.61698406559));
#4643 = CARTESIAN_POINT('',(30.5,-20.5,118.91951798231));
#4644 = CARTESIAN_POINT('',(30.5,-20.5,119.22214476429));
#4645 = CARTESIAN_POINT('',(30.5,-20.5,119.52483193004));
#4646 = CARTESIAN_POINT('',(30.5,-20.5,119.82756506391));
#4647 = CARTESIAN_POINT('',(30.5,-20.5,120.56559764838));
#4648 = CARTESIAN_POINT('',(30.5,-20.5,121.00092534191));
#4649 = CARTESIAN_POINT('',(30.5,-20.5,121.43630064288));
#4650 = CARTESIAN_POINT('',(30.5,-20.5,121.87170657843));
#4651 = CARTESIAN_POINT('',(30.5,-20.5,122.30713243754));
#4652 = CARTESIAN_POINT('',(30.5,-20.5,122.7425734849));
#4653 = CARTESIAN_POINT('',(30.5,-20.5,123.64114167503));
#4654 = CARTESIAN_POINT('',(30.5,-20.5,124.10426712749));
#4655 = CARTESIAN_POINT('',(30.5,-20.5,124.56740244975));
#4656 = CARTESIAN_POINT('',(30.5,-20.5,125.0305448873));
#4657 = CARTESIAN_POINT('',(30.5,-20.5,125.49369258358));
#4658 = CARTESIAN_POINT('',(30.5,-20.5,125.95684442031));
#4659 = CARTESIAN_POINT('',(30.5,-20.5,126.42));
#4660 = PCURVE('',#2993,#4661);
#4661 = DEFINITIONAL_REPRESENTATION('',(#4662),#4725);
#4662 = B_SPLINE_CURVE_WITH_KNOTS('',7,(#4663,#4664,#4665,#4666,#4667,
    #4668,#4669,#4670,#4671,#4672,#4673,#4674,#4675,#4676,#4677,#4678,
    #4679,#4680,#4681,#4682,#4683,#4684,#4685,#4686,#4687,#4688,#4689,
    #4690,#4691,#4692,#4693,#4694,#4695,#4696,#4697,#4698,#4699,#4700,
    #4701,#4702,#4703,#4704,#4705,#4706,#4707,#4708,#4709,#4710,#4711,
    #4712,#4713,#4714,#4715,#4716,#4717,#4718,#4719,#4720,#4721,#4722,
    #4723,#4724),.UNSPECIFIED.,.F.,.F.,(8,6,6,6,6,6,6,6,6,6,8),(0.,
    8.771460013206E-02,0.16534817973,0.193644560633,0.233073696283,
    0.261145460562,0.337719789476,0.438159918262,0.579812109369,
    0.783440032344,1.),.UNSPECIFIED.);
#4663 = CARTESIAN_POINT('',(10.,-110.67));
#4664 = CARTESIAN_POINT('',(10.,-110.689312645));
#4665 = CARTESIAN_POINT('',(10.,-110.7107044745));
#4666 = CARTESIAN_POINT('',(10.,-110.7345802745));
#4667 = CARTESIAN_POINT('',(10.,-110.7614611117));
#4668 = CARTESIAN_POINT('',(10.,-110.792058273));
#4669 = CARTESIAN_POINT('',(10.,-110.8273440657));
#4670 = CARTESIAN_POINT('',(10.,-110.9056917087));
#4671 = CARTESIAN_POINT('',(10.,-110.9473379942));
#4672 = CARTESIAN_POINT('',(10.,-110.9949797191));
#4673 = CARTESIAN_POINT('',(10.,-111.0500763238));
#4674 = CARTESIAN_POINT('',(10.,-111.1143713693));
#4675 = CARTESIAN_POINT('',(10.,-111.1902276176));
#4676 = CARTESIAN_POINT('',(10.,-111.3115938069));
#4677 = CARTESIAN_POINT('',(10.,-111.3457283392));
#4678 = CARTESIAN_POINT('',(10.,-111.3816265349));
#4679 = CARTESIAN_POINT('',(10.,-111.4193155843));
#4680 = CARTESIAN_POINT('',(10.,-111.4587925026));
#4681 = CARTESIAN_POINT('',(10.,-111.5000156549));
#4682 = CARTESIAN_POINT('',(10.,-111.6026476021));
#4683 = CARTESIAN_POINT('',(10.,-111.6656374675));
#4684 = CARTESIAN_POINT('',(10.,-111.7316234177));
#4685 = CARTESIAN_POINT('',(10.,-111.8002821701));
#4686 = CARTESIAN_POINT('',(10.,-111.8712466488));
#4687 = CARTESIAN_POINT('',(10.,-111.9441430116));
#4688 = CARTESIAN_POINT('',(10.,-112.0716573962));
#4689 = CARTESIAN_POINT('',(10.,-112.12550352));
#4690 = CARTESIAN_POINT('',(10.,-112.180057191));
#4691 = CARTESIAN_POINT('',(10.,-112.2352199535));
#4692 = CARTESIAN_POINT('',(10.,-112.2909056751));
#4693 = CARTESIAN_POINT('',(10.,-112.347042469));
#4694 = CARTESIAN_POINT('',(10.,-112.5577833489));
#4695 = CARTESIAN_POINT('',(10.,-112.7148056079));
#4696 = CARTESIAN_POINT('',(10.,-112.8736690868));
#4697 = CARTESIAN_POINT('',(10.,-113.0336934795));
#4698 = CARTESIAN_POINT('',(10.,-113.1944530515));
#4699 = CARTESIAN_POINT('',(10.,-113.35574872));
#4700 = CARTESIAN_POINT('',(10.,-113.7298712678));
#4701 = CARTESIAN_POINT('',(10.,-113.9428801372));
#4702 = CARTESIAN_POINT('',(10.,-114.1563515784));
#4703 = CARTESIAN_POINT('',(10.,-114.3701189825));
#4704 = CARTESIAN_POINT('',(10.,-114.5840777233));
#4705 = CARTESIAN_POINT('',(10.,-114.7981810867));
#4706 = CARTESIAN_POINT('',(10.,-115.3145945089));
#4707 = CARTESIAN_POINT('',(10.,-115.6169840655));
#4708 = CARTESIAN_POINT('',(10.,-115.9195179823));
#4709 = CARTESIAN_POINT('',(10.,-116.2221447642));
#4710 = CARTESIAN_POINT('',(10.,-116.52483193));
#4711 = CARTESIAN_POINT('',(10.,-116.8275650639));
#4712 = CARTESIAN_POINT('',(10.,-117.5655976483));
#4713 = CARTESIAN_POINT('',(10.,-118.0009253419));
#4714 = CARTESIAN_POINT('',(10.,-118.4363006428));
#4715 = CARTESIAN_POINT('',(10.,-118.8717065784));
#4716 = CARTESIAN_POINT('',(10.,-119.3071324375));
#4717 = CARTESIAN_POINT('',(10.,-119.7425734849));
#4718 = CARTESIAN_POINT('',(10.,-120.641141675));
#4719 = CARTESIAN_POINT('',(10.,-121.1042671274));
#4720 = CARTESIAN_POINT('',(10.,-121.5674024497));
#4721 = CARTESIAN_POINT('',(10.,-122.0305448873));
#4722 = CARTESIAN_POINT('',(10.,-122.4936925835));
#4723 = CARTESIAN_POINT('',(10.,-122.9568444203));
#4724 = CARTESIAN_POINT('',(10.,-123.42));
#4725 = ( GEOMETRIC_REPRESENTATION_CONTEXT(2) 
PARAMETRIC_REPRESENTATION_CONTEXT() REPRESENTATION_CONTEXT('2D SPACE',''
  ) );
#4726 = PCURVE('',#4581,#4727);
#4727 = DEFINITIONAL_REPRESENTATION('',(#4728),#4791);
#4728 = B_SPLINE_CURVE_WITH_KNOTS('',7,(#4729,#4730,#4731,#4732,#4733,
    #4734,#4735,#4736,#4737,#4738,#4739,#4740,#4741,#4742,#4743,#4744,
    #4745,#4746,#4747,#4748,#4749,#4750,#4751,#4752,#4753,#4754,#4755,
    #4756,#4757,#4758,#4759,#4760,#4761,#4762,#4763,#4764,#4765,#4766,
    #4767,#4768,#4769,#4770,#4771,#4772,#4773,#4774,#4775,#4776,#4777,
    #4778,#4779,#4780,#4781,#4782,#4783,#4784,#4785,#4786,#4787,#4788,
    #4789,#4790),.UNSPECIFIED.,.F.,.F.,(8,6,6,6,6,6,6,6,6,6,8),(0.,
    8.771460013206E-02,0.16534817973,0.193644560633,0.233073696283,
    0.261145460562,0.337719789476,0.438159918262,0.579812109369,
    0.783440032344,1.),.UNSPECIFIED.);
#4729 = CARTESIAN_POINT('',(-0.821237413753,-6.612117691047));
#4730 = CARTESIAN_POINT('',(-0.813386828055,-6.594472675759));
#4731 = CARTESIAN_POINT('',(-0.804691054417,-6.574928011873));
#4732 = CARTESIAN_POINT('',(-0.794985547312,-6.553113866044));
#4733 = CARTESIAN_POINT('',(-0.78405849329,-6.52855416532));
#4734 = CARTESIAN_POINT('',(-0.771620754404,-6.500599041813));
#4735 = CARTESIAN_POINT('',(-0.757277087936,-6.468360146035));
#4736 = CARTESIAN_POINT('',(-0.725428789428,-6.396777752609));
#4737 = CARTESIAN_POINT('',(-0.708499584167,-6.358727587039));
#4738 = CARTESIAN_POINT('',(-0.689133234134,-6.315199682809));
#4739 = CARTESIAN_POINT('',(-0.666736477248,-6.264860621133));
#4740 = CARTESIAN_POINT('',(-0.640600556354,-6.206117395918));
#4741 = CARTESIAN_POINT('',(-0.609765009228,-6.136811267512));
#4742 = CARTESIAN_POINT('',(-0.560429681729,-6.025924941139));
#4743 = CARTESIAN_POINT('',(-0.546554002351,-5.994737895461));
#4744 = CARTESIAN_POINT('',(-0.531961394228,-5.961939477188));
#4745 = CARTESIAN_POINT('',(-0.51664080448,-5.927504843809));
#4746 = CARTESIAN_POINT('',(-0.500593446481,-5.89143672251));
#4747 = CARTESIAN_POINT('',(-0.483836244703,-5.85377315282));
#4748 = CARTESIAN_POINT('',(-0.442116382264,-5.760003383424));
#4749 = CARTESIAN_POINT('',(-0.416511016734,-5.702452637071));
#4750 = CARTESIAN_POINT('',(-0.38968774349,-5.64216451531));
#4751 = CARTESIAN_POINT('',(-0.361777976742,-5.57943438537));
#4752 = CARTESIAN_POINT('',(-0.332930932787,-5.514597626539));
#4753 = CARTESIAN_POINT('',(-0.303298578407,-5.447995800107));
#4754 = CARTESIAN_POINT('',(-0.251464010998,-5.331492169735));
#4755 = CARTESIAN_POINT('',(-0.229575574301,-5.282295611031));
#4756 = CARTESIAN_POINT('',(-0.207399519806,-5.232452601142));
#4757 = CARTESIAN_POINT('',(-0.184975869806,-5.182053094371));
#4758 = CARTESIAN_POINT('',(-0.16233963704,-5.13117578552));
#4759 = CARTESIAN_POINT('',(-0.139520043466,-5.079886354011));
#4760 = CARTESIAN_POINT('',(-5.385392523996E-02,-4.887342762503));
#4761 = CARTESIAN_POINT('',(9.975586224357E-03,-4.743879236479));
#4762 = CARTESIAN_POINT('',(7.455355312416E-02,-4.598733478312));
#4763 = CARTESIAN_POINT('',(0.139603431205,-4.452527050238));
#4764 = CARTESIAN_POINT('',(0.204952159525,-4.305648924887));
#4765 = CARTESIAN_POINT('',(0.270518810942,-4.158280994502));
#4766 = CARTESIAN_POINT('',(0.422599538859,-3.816463597395));
#4767 = CARTESIAN_POINT('',(0.509187594271,-3.621847855303));
#4768 = CARTESIAN_POINT('',(0.595963685041,-3.426809484011));
#4769 = CARTESIAN_POINT('',(0.682860084678,-3.231500705912));
#4770 = CARTESIAN_POINT('',(0.769834262635,-3.036017112878));
#4771 = CARTESIAN_POINT('',(0.856867229643,-2.840401385278));
#4772 = CARTESIAN_POINT('',(1.066789164598,-2.368579804829));
#4773 = CARTESIAN_POINT('',(1.189710448449,-2.09230131859));
#4774 = CARTESIAN_POINT('',(1.31269041463,-1.815890937657));
#4775 = CARTESIAN_POINT('',(1.435708130511,-1.539395710309));
#4776 = CARTESIAN_POINT('',(1.558750392385,-1.262845313269));
#4777 = CARTESIAN_POINT('',(1.681811340291,-0.986252917409));
#4778 = CARTESIAN_POINT('',(1.981821412748,-0.311948793031));
#4779 = CARTESIAN_POINT('',(2.158782018049,8.578873967771E-02));
#4780 = CARTESIAN_POINT('',(2.335761975763,0.483569768967));
#4781 = CARTESIAN_POINT('',(2.512754386429,0.881378787573));
#4782 = CARTESIAN_POINT('',(2.689754896015,1.279206009351));
#4783 = CARTESIAN_POINT('',(2.86676157962,1.677047107883));
#4784 = CARTESIAN_POINT('',(3.232029338123,2.498024730548));
#4785 = CARTESIAN_POINT('',(3.420289725908,2.921159710319));
#4786 = CARTESIAN_POINT('',(3.608554125766,3.344303707648));
#4787 = CARTESIAN_POINT('',(3.796821417987,3.767454205863));
#4788 = CARTESIAN_POINT('',(3.98509084788,4.190609508722));
#4789 = CARTESIAN_POINT('',(4.173361960863,4.613768594502));
#4790 = CARTESIAN_POINT('',(4.361634595359,5.036931100042));
#4791 = ( GEOMETRIC_REPRESENTATION_CONTEXT(2) 
PARAMETRIC_REPRESENTATION_CONTEXT() REPRESENTATION_CONTEXT('2D SPACE',''
  ) );
#4792 = ORIENTED_EDGE('',*,*,#4793,.F.);
#4793 = EDGE_CURVE('',#4794,#4594,#4796,.T.);
#4794 = VERTEX_POINT('',#4795);
#4795 = CARTESIAN_POINT('',(30.5,-8.5,113.67));
#4796 = SURFACE_CURVE('',#4797,(#4801,#4807),.PCURVE_S1.);
#4797 = LINE('',#4798,#4799);
#4798 = CARTESIAN_POINT('',(30.5,-25.5,113.67));
#4799 = VECTOR('',#4800,1.);
#4800 = DIRECTION('',(-0.,-1.,-0.));
#4801 = PCURVE('',#2993,#4802);
#4802 = DEFINITIONAL_REPRESENTATION('',(#4803),#4806);
#4803 = B_SPLINE_CURVE_WITH_KNOTS('',1,(#4804,#4805),.UNSPECIFIED.,.F.,
  .F.,(2,2),(-17.00666666666,-4.993333333333),.PIECEWISE_BEZIER_KNOTS.);
#4804 = CARTESIAN_POINT('',(22.006666666667,-110.67));
#4805 = CARTESIAN_POINT('',(9.993333333333,-110.67));
#4806 = ( GEOMETRIC_REPRESENTATION_CONTEXT(2) 
PARAMETRIC_REPRESENTATION_CONTEXT() REPRESENTATION_CONTEXT('2D SPACE',''
  ) );
#4807 = PCURVE('',#4808,#4813);
#4808 = PLANE('',#4809);
#4809 = AXIS2_PLACEMENT_3D('',#4810,#4811,#4812);
#4810 = CARTESIAN_POINT('',(30.3,-20.5,113.67));
#4811 = DIRECTION('',(0.,0.,-1.));
#4812 = DIRECTION('',(3.331483023264E-02,0.999444906979,0.));
#4813 = DEFINITIONAL_REPRESENTATION('',(#4814),#4817);
#4814 = B_SPLINE_CURVE_WITH_KNOTS('',1,(#4815,#4816),.UNSPECIFIED.,.F.,
  .F.,(2,2),(-17.00666666666,-4.993333333333),.PIECEWISE_BEZIER_KNOTS.);
#4815 = CARTESIAN_POINT('',(12.006664815843,-0.200111080264));
#4816 = CARTESIAN_POINT('',(6.450020870913E-16,0.200111080264));
#4817 = ( GEOMETRIC_REPRESENTATION_CONTEXT(2) 
PARAMETRIC_REPRESENTATION_CONTEXT() REPRESENTATION_CONTEXT('2D SPACE',''
  ) );
#4818 = ORIENTED_EDGE('',*,*,#4819,.T.);
#4819 = EDGE_CURVE('',#4794,#4820,#4822,.T.);
#4820 = VERTEX_POINT('',#4821);
#4821 = CARTESIAN_POINT('',(30.5,-8.5,126.42));
#4822 = SURFACE_CURVE('',#4823,(#4886,#4952),.PCURVE_S1.);
#4823 = B_SPLINE_CURVE_WITH_KNOTS('',7,(#4824,#4825,#4826,#4827,#4828,
    #4829,#4830,#4831,#4832,#4833,#4834,#4835,#4836,#4837,#4838,#4839,
    #4840,#4841,#4842,#4843,#4844,#4845,#4846,#4847,#4848,#4849,#4850,
    #4851,#4852,#4853,#4854,#4855,#4856,#4857,#4858,#4859,#4860,#4861,
    #4862,#4863,#4864,#4865,#4866,#4867,#4868,#4869,#4870,#4871,#4872,
    #4873,#4874,#4875,#4876,#4877,#4878,#4879,#4880,#4881,#4882,#4883,
    #4884,#4885),.UNSPECIFIED.,.F.,.F.,(8,6,6,6,6,6,6,6,6,6,8),(0.,
    8.771460013171E-02,0.165348179729,0.193644560632,0.233073696282,
    0.261145460561,0.337719789475,0.438159918261,0.579812109367,
    0.783440032343,1.),.UNSPECIFIED.);
#4824 = CARTESIAN_POINT('',(30.5,-8.5,113.67));
#4825 = CARTESIAN_POINT('',(30.5,-8.5,113.68931264508));
#4826 = CARTESIAN_POINT('',(30.5,-8.5,113.7107044745));
#4827 = CARTESIAN_POINT('',(30.5,-8.5,113.73458027451));
#4828 = CARTESIAN_POINT('',(30.5,-8.5,113.76146111173));
#4829 = CARTESIAN_POINT('',(30.5,-8.5,113.79205827301));
#4830 = CARTESIAN_POINT('',(30.5,-8.5,113.82734406574));
#4831 = CARTESIAN_POINT('',(30.5,-8.5,113.90569170876));
#4832 = CARTESIAN_POINT('',(30.5,-8.5,113.9473379942));
#4833 = CARTESIAN_POINT('',(30.5,-8.5,113.99497971919));
#4834 = CARTESIAN_POINT('',(30.5,-8.5,114.0500763239));
#4835 = CARTESIAN_POINT('',(30.5,-8.5,114.11437136934));
#4836 = CARTESIAN_POINT('',(30.5,-8.5,114.19022761761));
#4837 = CARTESIAN_POINT('',(30.5,-8.5,114.31159380695));
#4838 = CARTESIAN_POINT('',(30.5,-8.5,114.34572833927));
#4839 = CARTESIAN_POINT('',(30.5,-8.5,114.38162653495));
#4840 = CARTESIAN_POINT('',(30.5,-8.5,114.41931558437));
#4841 = CARTESIAN_POINT('',(30.5,-8.5,114.4587925026));
#4842 = CARTESIAN_POINT('',(30.5,-8.5,114.50001565499));
#4843 = CARTESIAN_POINT('',(30.5,-8.5,114.60264760213));
#4844 = CARTESIAN_POINT('',(30.5,-8.5,114.66563746758));
#4845 = CARTESIAN_POINT('',(30.5,-8.5,114.7316234177));
#4846 = CARTESIAN_POINT('',(30.5,-8.5,114.80028217011));
#4847 = CARTESIAN_POINT('',(30.5,-8.5,114.87124664884));
#4848 = CARTESIAN_POINT('',(30.5,-8.5,114.94414301164));
#4849 = CARTESIAN_POINT('',(30.5,-8.5,115.0716573962));
#4850 = CARTESIAN_POINT('',(30.5,-8.5,115.12550352001));
#4851 = CARTESIAN_POINT('',(30.5,-8.5,115.18005719108));
#4852 = CARTESIAN_POINT('',(30.5,-8.5,115.23521995354));
#4853 = CARTESIAN_POINT('',(30.5,-8.5,115.29090567514));
#4854 = CARTESIAN_POINT('',(30.5,-8.5,115.34704246909));
#4855 = CARTESIAN_POINT('',(30.5,-8.5,115.55778334895));
#4856 = CARTESIAN_POINT('',(30.5,-8.5,115.71480560798));
#4857 = CARTESIAN_POINT('',(30.5,-8.5,115.87366908687));
#4858 = CARTESIAN_POINT('',(30.5,-8.5,116.03369347953));
#4859 = CARTESIAN_POINT('',(30.5,-8.5,116.19445305156));
#4860 = CARTESIAN_POINT('',(30.5,-8.5,116.35574872009));
#4861 = CARTESIAN_POINT('',(30.5,-8.5,116.72987126788));
#4862 = CARTESIAN_POINT('',(30.5,-8.5,116.94288013721));
#4863 = CARTESIAN_POINT('',(30.5,-8.5,117.15635157839));
#4864 = CARTESIAN_POINT('',(30.5,-8.5,117.37011898255));
#4865 = CARTESIAN_POINT('',(30.5,-8.5,117.58407772336));
#4866 = CARTESIAN_POINT('',(30.5,-8.5,117.79818108679));
#4867 = CARTESIAN_POINT('',(30.5,-8.5,118.31459450892));
#4868 = CARTESIAN_POINT('',(30.5,-8.5,118.61698406559));
#4869 = CARTESIAN_POINT('',(30.5,-8.5,118.91951798231));
#4870 = CARTESIAN_POINT('',(30.5,-8.5,119.22214476429));
#4871 = CARTESIAN_POINT('',(30.5,-8.5,119.52483193003));
#4872 = CARTESIAN_POINT('',(30.5,-8.5,119.82756506391));
#4873 = CARTESIAN_POINT('',(30.5,-8.5,120.56559764838));
#4874 = CARTESIAN_POINT('',(30.5,-8.5,121.0009253419));
#4875 = CARTESIAN_POINT('',(30.5,-8.5,121.43630064288));
#4876 = CARTESIAN_POINT('',(30.5,-8.5,121.87170657843));
#4877 = CARTESIAN_POINT('',(30.5,-8.5,122.30713243754));
#4878 = CARTESIAN_POINT('',(30.5,-8.5,122.7425734849));
#4879 = CARTESIAN_POINT('',(30.5,-8.5,123.64114167503));
#4880 = CARTESIAN_POINT('',(30.5,-8.5,124.10426712749));
#4881 = CARTESIAN_POINT('',(30.5,-8.5,124.56740244975));
#4882 = CARTESIAN_POINT('',(30.5,-8.5,125.0305448873));
#4883 = CARTESIAN_POINT('',(30.5,-8.5,125.49369258358));
#4884 = CARTESIAN_POINT('',(30.5,-8.5,125.95684442031));
#4885 = CARTESIAN_POINT('',(30.5,-8.5,126.42));
#4886 = PCURVE('',#2993,#4887);
#4887 = DEFINITIONAL_REPRESENTATION('',(#4888),#4951);
#4888 = B_SPLINE_CURVE_WITH_KNOTS('',7,(#4889,#4890,#4891,#4892,#4893,
    #4894,#4895,#4896,#4897,#4898,#4899,#4900,#4901,#4902,#4903,#4904,
    #4905,#4906,#4907,#4908,#4909,#4910,#4911,#4912,#4913,#4914,#4915,
    #4916,#4917,#4918,#4919,#4920,#4921,#4922,#4923,#4924,#4925,#4926,
    #4927,#4928,#4929,#4930,#4931,#4932,#4933,#4934,#4935,#4936,#4937,
    #4938,#4939,#4940,#4941,#4942,#4943,#4944,#4945,#4946,#4947,#4948,
    #4949,#4950),.UNSPECIFIED.,.F.,.F.,(8,6,6,6,6,6,6,6,6,6,8),(0.,
    8.771460013171E-02,0.165348179729,0.193644560632,0.233073696282,
    0.261145460561,0.337719789475,0.438159918261,0.579812109367,
    0.783440032343,1.),.UNSPECIFIED.);
#4889 = CARTESIAN_POINT('',(22.,-110.67));
#4890 = CARTESIAN_POINT('',(22.,-110.689312645));
#4891 = CARTESIAN_POINT('',(22.,-110.7107044745));
#4892 = CARTESIAN_POINT('',(22.,-110.7345802745));
#4893 = CARTESIAN_POINT('',(22.,-110.7614611117));
#4894 = CARTESIAN_POINT('',(22.,-110.792058273));
#4895 = CARTESIAN_POINT('',(22.,-110.8273440657));
#4896 = CARTESIAN_POINT('',(22.,-110.9056917087));
#4897 = CARTESIAN_POINT('',(22.,-110.9473379942));
#4898 = CARTESIAN_POINT('',(22.,-110.9949797191));
#4899 = CARTESIAN_POINT('',(22.,-111.0500763239));
#4900 = CARTESIAN_POINT('',(22.,-111.1143713693));
#4901 = CARTESIAN_POINT('',(22.,-111.1902276176));
#4902 = CARTESIAN_POINT('',(22.,-111.3115938069));
#4903 = CARTESIAN_POINT('',(22.,-111.3457283392));
#4904 = CARTESIAN_POINT('',(22.,-111.3816265349));
#4905 = CARTESIAN_POINT('',(22.,-111.4193155843));
#4906 = CARTESIAN_POINT('',(22.,-111.4587925026));
#4907 = CARTESIAN_POINT('',(22.,-111.5000156549));
#4908 = CARTESIAN_POINT('',(22.,-111.6026476021));
#4909 = CARTESIAN_POINT('',(22.,-111.6656374675));
#4910 = CARTESIAN_POINT('',(22.,-111.7316234177));
#4911 = CARTESIAN_POINT('',(22.,-111.8002821701));
#4912 = CARTESIAN_POINT('',(22.,-111.8712466488));
#4913 = CARTESIAN_POINT('',(22.,-111.9441430116));
#4914 = CARTESIAN_POINT('',(22.,-112.0716573962));
#4915 = CARTESIAN_POINT('',(22.,-112.12550352));
#4916 = CARTESIAN_POINT('',(22.,-112.180057191));
#4917 = CARTESIAN_POINT('',(22.,-112.2352199535));
#4918 = CARTESIAN_POINT('',(22.,-112.2909056751));
#4919 = CARTESIAN_POINT('',(22.,-112.347042469));
#4920 = CARTESIAN_POINT('',(22.,-112.5577833489));
#4921 = CARTESIAN_POINT('',(22.,-112.7148056079));
#4922 = CARTESIAN_POINT('',(22.,-112.8736690868));
#4923 = CARTESIAN_POINT('',(22.,-113.0336934795));
#4924 = CARTESIAN_POINT('',(22.,-113.1944530515));
#4925 = CARTESIAN_POINT('',(22.,-113.35574872));
#4926 = CARTESIAN_POINT('',(22.,-113.7298712678));
#4927 = CARTESIAN_POINT('',(22.,-113.9428801372));
#4928 = CARTESIAN_POINT('',(22.,-114.1563515783));
#4929 = CARTESIAN_POINT('',(22.,-114.3701189825));
#4930 = CARTESIAN_POINT('',(22.,-114.5840777233));
#4931 = CARTESIAN_POINT('',(22.,-114.7981810867));
#4932 = CARTESIAN_POINT('',(22.,-115.3145945089));
#4933 = CARTESIAN_POINT('',(22.,-115.6169840655));
#4934 = CARTESIAN_POINT('',(22.,-115.9195179823));
#4935 = CARTESIAN_POINT('',(22.,-116.2221447642));
#4936 = CARTESIAN_POINT('',(22.,-116.52483193));
#4937 = CARTESIAN_POINT('',(22.,-116.8275650639));
#4938 = CARTESIAN_POINT('',(22.,-117.5655976483));
#4939 = CARTESIAN_POINT('',(22.,-118.0009253419));
#4940 = CARTESIAN_POINT('',(22.,-118.4363006428));
#4941 = CARTESIAN_POINT('',(22.,-118.8717065784));
#4942 = CARTESIAN_POINT('',(22.,-119.3071324375));
#4943 = CARTESIAN_POINT('',(22.,-119.7425734849));
#4944 = CARTESIAN_POINT('',(22.,-120.641141675));
#4945 = CARTESIAN_POINT('',(22.,-121.1042671274));
#4946 = CARTESIAN_POINT('',(22.,-121.5674024497));
#4947 = CARTESIAN_POINT('',(22.,-122.0305448873));
#4948 = CARTESIAN_POINT('',(22.,-122.4936925835));
#4949 = CARTESIAN_POINT('',(22.,-122.9568444203));
#4950 = CARTESIAN_POINT('',(22.,-123.42));
#4951 = ( GEOMETRIC_REPRESENTATION_CONTEXT(2) 
PARAMETRIC_REPRESENTATION_CONTEXT() REPRESENTATION_CONTEXT('2D SPACE',''
  ) );
#4952 = PCURVE('',#4953,#4958);
#4953 = PLANE('',#4954);
#4954 = AXIS2_PLACEMENT_3D('',#4955,#4956,#4957);
#4955 = CARTESIAN_POINT('',(33.,-8.5,126.42));
#4956 = DIRECTION('',(0.,-1.,0.));
#4957 = DIRECTION('',(-1.,0.,0.));
#4958 = DEFINITIONAL_REPRESENTATION('',(#4959),#5022);
#4959 = B_SPLINE_CURVE_WITH_KNOTS('',7,(#4960,#4961,#4962,#4963,#4964,
    #4965,#4966,#4967,#4968,#4969,#4970,#4971,#4972,#4973,#4974,#4975,
    #4976,#4977,#4978,#4979,#4980,#4981,#4982,#4983,#4984,#4985,#4986,
    #4987,#4988,#4989,#4990,#4991,#4992,#4993,#4994,#4995,#4996,#4997,
    #4998,#4999,#5000,#5001,#5002,#5003,#5004,#5005,#5006,#5007,#5008,
    #5009,#5010,#5011,#5012,#5013,#5014,#5015,#5016,#5017,#5018,#5019,
    #5020,#5021),.UNSPECIFIED.,.F.,.F.,(8,6,6,6,6,6,6,6,6,6,8),(0.,
    8.771460013171E-02,0.165348179729,0.193644560632,0.233073696282,
    0.261145460561,0.337719789475,0.438159918261,0.579812109367,
    0.783440032343,1.),.UNSPECIFIED.);
#4960 = CARTESIAN_POINT('',(2.5,12.75));
#4961 = CARTESIAN_POINT('',(2.5,12.730687354912));
#4962 = CARTESIAN_POINT('',(2.5,12.709295525499));
#4963 = CARTESIAN_POINT('',(2.5,12.685419725486));
#4964 = CARTESIAN_POINT('',(2.5,12.658538888269));
#4965 = CARTESIAN_POINT('',(2.5,12.627941726983));
#4966 = CARTESIAN_POINT('',(2.5,12.592655934251));
#4967 = CARTESIAN_POINT('',(2.5,12.514308291233));
#4968 = CARTESIAN_POINT('',(2.5,12.472662005795));
#4969 = CARTESIAN_POINT('',(2.5,12.425020280808));
#4970 = CARTESIAN_POINT('',(2.5,12.3699236761));
#4971 = CARTESIAN_POINT('',(2.5,12.305628630655));
#4972 = CARTESIAN_POINT('',(2.5,12.229772382385));
#4973 = CARTESIAN_POINT('',(2.5,12.108406193042));
#4974 = CARTESIAN_POINT('',(2.5,12.074271660727));
#4975 = CARTESIAN_POINT('',(2.5,12.038373465048));
#4976 = CARTESIAN_POINT('',(2.5,12.000684415627));
#4977 = CARTESIAN_POINT('',(2.5,11.961207497399));
#4978 = CARTESIAN_POINT('',(2.5,11.919984345006));
#4979 = CARTESIAN_POINT('',(2.5,11.817352397862));
#4980 = CARTESIAN_POINT('',(2.5,11.754362532411));
#4981 = CARTESIAN_POINT('',(2.5,11.688376582292));
#4982 = CARTESIAN_POINT('',(2.5,11.619717829884));
#4983 = CARTESIAN_POINT('',(2.5,11.548753351159));
#4984 = CARTESIAN_POINT('',(2.5,11.475856988355));
#4985 = CARTESIAN_POINT('',(2.5,11.3483426038));
#4986 = CARTESIAN_POINT('',(2.5,11.29449647999));
#4987 = CARTESIAN_POINT('',(2.5,11.239942808915));
#4988 = CARTESIAN_POINT('',(2.5,11.184780046457));
#4989 = CARTESIAN_POINT('',(2.5,11.129094324859));
#4990 = CARTESIAN_POINT('',(2.5,11.072957530906));
#4991 = CARTESIAN_POINT('',(2.5,10.862216651049));
#4992 = CARTESIAN_POINT('',(2.5,10.705194392012));
#4993 = CARTESIAN_POINT('',(2.5,10.546330913129));
#4994 = CARTESIAN_POINT('',(2.5,10.386306520462));
#4995 = CARTESIAN_POINT('',(2.5,10.225546948431));
#4996 = CARTESIAN_POINT('',(2.5,10.064251279909));
#4997 = CARTESIAN_POINT('',(2.5,9.690128732115));
#4998 = CARTESIAN_POINT('',(2.5,9.477119862787));
#4999 = CARTESIAN_POINT('',(2.5,9.263648421607));
#5000 = CARTESIAN_POINT('',(2.5,9.049881017446));
#5001 = CARTESIAN_POINT('',(2.5,8.835922276637));
#5002 = CARTESIAN_POINT('',(2.5,8.621818913201));
#5003 = CARTESIAN_POINT('',(2.5,8.105405491077));
#5004 = CARTESIAN_POINT('',(2.5,7.803015934404));
#5005 = CARTESIAN_POINT('',(2.5,7.50048201769));
#5006 = CARTESIAN_POINT('',(2.5,7.197855235703));
#5007 = CARTESIAN_POINT('',(2.5,6.895168069963));
#5008 = CARTESIAN_POINT('',(2.5,6.592434936082));
#5009 = CARTESIAN_POINT('',(2.5,5.85440235162));
#5010 = CARTESIAN_POINT('',(2.5,5.419074658091));
#5011 = CARTESIAN_POINT('',(2.5,4.98369935712));
#5012 = CARTESIAN_POINT('',(2.5,4.548293421563));
#5013 = CARTESIAN_POINT('',(2.5,4.112867562455));
#5014 = CARTESIAN_POINT('',(2.5,3.677426515099));
#5015 = CARTESIAN_POINT('',(2.5,2.778858324965));
#5016 = CARTESIAN_POINT('',(2.5,2.315732872508));
#5017 = CARTESIAN_POINT('',(2.5,1.852597550243));
#5018 = CARTESIAN_POINT('',(2.5,1.389455112692));
#5019 = CARTESIAN_POINT('',(2.5,0.926307416412));
#5020 = CARTESIAN_POINT('',(2.5,0.463155579686));
#5021 = CARTESIAN_POINT('',(2.5,1.42108547152E-14));
#5022 = ( GEOMETRIC_REPRESENTATION_CONTEXT(2) 
PARAMETRIC_REPRESENTATION_CONTEXT() REPRESENTATION_CONTEXT('2D SPACE',''
  ) );
#5023 = ORIENTED_EDGE('',*,*,#5024,.T.);
#5024 = EDGE_CURVE('',#4820,#4541,#5025,.T.);
#5025 = SURFACE_CURVE('',#5026,(#5030,#5036),.PCURVE_S1.);
#5026 = LINE('',#5027,#5028);
#5027 = CARTESIAN_POINT('',(30.5,-8.5,64.71));
#5028 = VECTOR('',#5029,1.);
#5029 = DIRECTION('',(0.,0.,1.));
#5030 = PCURVE('',#2993,#5031);
#5031 = DEFINITIONAL_REPRESENTATION('',(#5032),#5035);
#5032 = B_SPLINE_CURVE_WITH_KNOTS('',1,(#5033,#5034),.UNSPECIFIED.,.F.,
  .F.,(2,2),(61.71,73.71),.PIECEWISE_BEZIER_KNOTS.);
#5033 = CARTESIAN_POINT('',(22.,-123.42));
#5034 = CARTESIAN_POINT('',(22.,-135.42));
#5035 = ( GEOMETRIC_REPRESENTATION_CONTEXT(2) 
PARAMETRIC_REPRESENTATION_CONTEXT() REPRESENTATION_CONTEXT('2D SPACE',''
  ) );
#5036 = PCURVE('',#4953,#5037);
#5037 = DEFINITIONAL_REPRESENTATION('',(#5038),#5042);
#5038 = LINE('',#5039,#5040);
#5039 = CARTESIAN_POINT('',(2.5,61.71));
#5040 = VECTOR('',#5041,1.);
#5041 = DIRECTION('',(0.,-1.));
#5042 = ( GEOMETRIC_REPRESENTATION_CONTEXT(2) 
PARAMETRIC_REPRESENTATION_CONTEXT() REPRESENTATION_CONTEXT('2D SPACE',''
  ) );
#5043 = FACE_BOUND('',#5044,.T.);
#5044 = EDGE_LOOP('',(#5045));
#5045 = ORIENTED_EDGE('',*,*,#2976,.F.);
#5046 = ADVANCED_FACE('',(#5047),#3092,.F.);
#5047 = FACE_BOUND('',#5048,.F.);
#5048 = EDGE_LOOP('',(#5049,#5050,#5051,#5052));
#5049 = ORIENTED_EDGE('',*,*,#3078,.T.);
#5050 = ORIENTED_EDGE('',*,*,#3106,.T.);
#5051 = ORIENTED_EDGE('',*,*,#3179,.F.);
#5052 = ORIENTED_EDGE('',*,*,#3205,.F.);
#5053 = ADVANCED_FACE('',(#5054),#3248,.T.);
#5054 = FACE_BOUND('',#5055,.F.);
#5055 = EDGE_LOOP('',(#5056,#5057,#5078,#5139,#5165,#5334,#5360,#5414));
#5056 = ORIENTED_EDGE('',*,*,#3229,.F.);
#5057 = ORIENTED_EDGE('',*,*,#5058,.F.);
#5058 = EDGE_CURVE('',#5059,#3230,#5061,.T.);
#5059 = VERTEX_POINT('',#5060);
#5060 = CARTESIAN_POINT('',(24.021044286198,30.5,156.77));
#5061 = SURFACE_CURVE('',#5062,(#5066,#5072),.PCURVE_S1.);
#5062 = LINE('',#5063,#5064);
#5063 = CARTESIAN_POINT('',(24.021044286198,30.5,3.));
#5064 = VECTOR('',#5065,1.);
#5065 = DIRECTION('',(-0.,-0.,-1.));
#5066 = PCURVE('',#3248,#5067);
#5067 = DEFINITIONAL_REPRESENTATION('',(#5068),#5071);
#5068 = B_SPLINE_CURVE_WITH_KNOTS('',1,(#5069,#5070),.UNSPECIFIED.,.F.,
  .F.,(2,2),(-168.2700006,5.999999999062E-07),.PIECEWISE_BEZIER_KNOTS.);
#5069 = CARTESIAN_POINT('',(-2.848972968246,-168.2700006));
#5070 = CARTESIAN_POINT('',(-2.848972968246,5.999999999062E-07));
#5071 = ( GEOMETRIC_REPRESENTATION_CONTEXT(2) 
PARAMETRIC_REPRESENTATION_CONTEXT() REPRESENTATION_CONTEXT('2D SPACE',''
  ) );
#5072 = PCURVE('',#3276,#5073);
#5073 = DEFINITIONAL_REPRESENTATION('',(#5074),#5077);
#5074 = B_SPLINE_CURVE_WITH_KNOTS('',1,(#5075,#5076),.UNSPECIFIED.,.F.,
  .F.,(2,2),(-168.2700006,5.999999999062E-07),.PIECEWISE_BEZIER_KNOTS.);
#5075 = CARTESIAN_POINT('',(6.478955713802,-168.2700006));
#5076 = CARTESIAN_POINT('',(6.478955713802,5.999999999062E-07));
#5077 = ( GEOMETRIC_REPRESENTATION_CONTEXT(2) 
PARAMETRIC_REPRESENTATION_CONTEXT() REPRESENTATION_CONTEXT('2D SPACE',''
  ) );
#5078 = ORIENTED_EDGE('',*,*,#5079,.T.);
#5079 = EDGE_CURVE('',#5059,#5080,#5082,.T.);
#5080 = VERTEX_POINT('',#5081);
#5081 = CARTESIAN_POINT('',(23.897059671131,28.,159.27));
#5082 = SURFACE_CURVE('',#5083,(#5098,#5116),.PCURVE_S1.);
#5083 = B_SPLINE_CURVE_WITH_KNOTS('',4,(#5084,#5085,#5086,#5087,#5088,
    #5089,#5090,#5091,#5092,#5093,#5094,#5095,#5096,#5097),
  .UNSPECIFIED.,.F.,.F.,(5,3,3,3,5),(0.,0.240375934549,0.484930870952,
    0.737380545045,1.),.UNSPECIFIED.);
#5084 = CARTESIAN_POINT('',(24.021044286198,30.5,156.77));
#5085 = CARTESIAN_POINT('',(23.973476384956,30.342107684212,
    156.92789231578));
#5086 = CARTESIAN_POINT('',(23.93334266265,30.18472133031,
    157.08527866969));
#5087 = CARTESIAN_POINT('',(23.900224056302,30.0281779718,157.2418220282
    ));
#5088 = CARTESIAN_POINT('',(23.846834533767,29.714578454036,
    157.55542154596));
#5089 = CARTESIAN_POINT('',(23.826796789754,29.55756214387,
    157.71243785613));
#5090 = CARTESIAN_POINT('',(23.813265815494,29.401947143024,
    157.86805285697));
#5091 = CARTESIAN_POINT('',(23.798325321185,29.088956170327,
    158.18104382967));
#5092 = CARTESIAN_POINT('',(23.797320917196,28.9316864923,158.3383135077
    ));
#5093 = CARTESIAN_POINT('',(23.802540683644,28.776353770372,
    158.49364622962));
#5094 = CARTESIAN_POINT('',(23.825257216512,28.463737090048,
    158.80626290995));
#5095 = CARTESIAN_POINT('',(23.843239822879,28.306627329083,
    158.96337267091));
#5096 = CARTESIAN_POINT('',(23.867273264334,28.151998256497,
    159.1180017435));
#5097 = CARTESIAN_POINT('',(23.897059671131,28.,159.27));
#5098 = PCURVE('',#3248,#5099);
#5099 = DEFINITIONAL_REPRESENTATION('',(#5100),#5115);
#5100 = B_SPLINE_CURVE_WITH_KNOTS('',4,(#5101,#5102,#5103,#5104,#5105,
    #5106,#5107,#5108,#5109,#5110,#5111,#5112,#5113,#5114),
  .UNSPECIFIED.,.F.,.F.,(5,3,3,3,5),(0.,0.240375934549,0.484930870952,
    0.737380545045,1.),.UNSPECIFIED.);
#5101 = CARTESIAN_POINT('',(-2.848972968246,-153.77));
#5102 = CARTESIAN_POINT('',(-2.880684902407,-153.9278923157));
#5103 = CARTESIAN_POINT('',(-2.911891399527,-154.0852786696));
#5104 = CARTESIAN_POINT('',(-2.942637919278,-154.2418220282));
#5105 = CARTESIAN_POINT('',(-3.003813259798,-154.5554215459));
#5106 = CARTESIAN_POINT('',(-3.034227224537,-154.7124378561));
#5107 = CARTESIAN_POINT('',(-3.064243317856,-154.8680528569));
#5108 = CARTESIAN_POINT('',(-3.124502425346,-155.1810438296));
#5109 = CARTESIAN_POINT('',(-3.154721491442,-155.3383135077));
#5110 = CARTESIAN_POINT('',(-3.184587448943,-155.4936462296));
#5111 = CARTESIAN_POINT('',(-3.24486455488,-155.8062629099));
#5112 = CARTESIAN_POINT('',(-3.275249228398,-155.9633726709));
#5113 = CARTESIAN_POINT('',(-3.305319439304,-156.1180017435));
#5114 = CARTESIAN_POINT('',(-3.335105846101,-156.27));
#5115 = ( GEOMETRIC_REPRESENTATION_CONTEXT(2) 
PARAMETRIC_REPRESENTATION_CONTEXT() REPRESENTATION_CONTEXT('2D SPACE',''
  ) );
#5116 = PCURVE('',#5117,#5122);
#5117 = B_SPLINE_SURFACE_WITH_KNOTS('',1,1,(
    (#5118,#5119)
    ,(#5120,#5121
    )),.UNSPECIFIED.,.F.,.F.,.F.,(2,2),(2,2),(0.,61.),(0.,1.),
  .PIECEWISE_BEZIER_KNOTS.);
#5118 = CARTESIAN_POINT('',(30.5,30.5,156.77));
#5119 = CARTESIAN_POINT('',(28.,28.,159.27));
#5120 = CARTESIAN_POINT('',(-30.5,30.5,156.77));
#5121 = CARTESIAN_POINT('',(-28.,28.,159.27));
#5122 = DEFINITIONAL_REPRESENTATION('',(#5123),#5138);
#5123 = B_SPLINE_CURVE_WITH_KNOTS('',4,(#5124,#5125,#5126,#5127,#5128,
    #5129,#5130,#5131,#5132,#5133,#5134,#5135,#5136,#5137),
  .UNSPECIFIED.,.F.,.F.,(5,3,3,3,5),(0.,0.240375934549,0.484930870952,
    0.737380545045,1.),.UNSPECIFIED.);
#5124 = CARTESIAN_POINT('',(6.478955713802,0.));
#5125 = CARTESIAN_POINT('',(6.402171539306,6.315692631536E-02));
#5126 = CARTESIAN_POINT('',(6.317291607619,0.126111467876));
#5127 = CARTESIAN_POINT('',(6.22475700837,0.18872881128));
#5128 = CARTESIAN_POINT('',(6.023381786165,0.314168618386));
#5129 = CARTESIAN_POINT('',(5.914286861049,0.376975142452));
#5130 = CARTESIAN_POINT('',(5.798042255966,0.439221142791));
#5131 = CARTESIAN_POINT('',(5.54796242055,0.564417531869));
#5132 = CARTESIAN_POINT('',(5.413681406198,0.62732540308));
#5133 = CARTESIAN_POINT('',(5.27252101509,0.689458491851));
#5134 = CARTESIAN_POINT('',(4.971171796859,0.814505163981));
#5135 = CARTESIAN_POINT('',(4.810446191655,0.877349068367));
#5136 = CARTESIAN_POINT('',(4.643028227199,0.939200697401));
#5137 = CARTESIAN_POINT('',(4.469274286804,1.));
#5138 = ( GEOMETRIC_REPRESENTATION_CONTEXT(2) 
PARAMETRIC_REPRESENTATION_CONTEXT() REPRESENTATION_CONTEXT('2D SPACE',''
  ) );
#5139 = ORIENTED_EDGE('',*,*,#5140,.F.);
#5140 = EDGE_CURVE('',#5141,#5080,#5143,.T.);
#5141 = VERTEX_POINT('',#5142);
#5142 = CARTESIAN_POINT('',(23.897059671131,28.,165.58543049172));
#5143 = SURFACE_CURVE('',#5144,(#5148,#5154),.PCURVE_S1.);
#5144 = LINE('',#5145,#5146);
#5145 = CARTESIAN_POINT('',(23.897059671131,28.,3.));
#5146 = VECTOR('',#5147,1.);
#5147 = DIRECTION('',(-0.,-0.,-1.));
#5148 = PCURVE('',#3248,#5149);
#5149 = DEFINITIONAL_REPRESENTATION('',(#5150),#5153);
#5150 = B_SPLINE_CURVE_WITH_KNOTS('',1,(#5151,#5152),.UNSPECIFIED.,.F.,
  .F.,(2,2),(-168.2700006,-155.07),.PIECEWISE_BEZIER_KNOTS.);
#5151 = CARTESIAN_POINT('',(-3.335105846101,-168.2700006));
#5152 = CARTESIAN_POINT('',(-3.335105846101,-155.07));
#5153 = ( GEOMETRIC_REPRESENTATION_CONTEXT(2) 
PARAMETRIC_REPRESENTATION_CONTEXT() REPRESENTATION_CONTEXT('2D SPACE',''
  ) );
#5154 = PCURVE('',#5155,#5160);
#5155 = PLANE('',#5156);
#5156 = AXIS2_PLACEMENT_3D('',#5157,#5158,#5159);
#5157 = CARTESIAN_POINT('',(28.,28.,159.27));
#5158 = DIRECTION('',(0.,-1.,0.));
#5159 = DIRECTION('',(-1.,0.,0.));
#5160 = DEFINITIONAL_REPRESENTATION('',(#5161),#5164);
#5161 = B_SPLINE_CURVE_WITH_KNOTS('',1,(#5162,#5163),.UNSPECIFIED.,.F.,
  .F.,(2,2),(-168.2700006,-155.07),.PIECEWISE_BEZIER_KNOTS.);
#5162 = CARTESIAN_POINT('',(4.102940328869,-12.0000006));
#5163 = CARTESIAN_POINT('',(4.102940328869,1.2));
#5164 = ( GEOMETRIC_REPRESENTATION_CONTEXT(2) 
PARAMETRIC_REPRESENTATION_CONTEXT() REPRESENTATION_CONTEXT('2D SPACE',''
  ) );
#5165 = ORIENTED_EDGE('',*,*,#5166,.F.);
#5166 = EDGE_CURVE('',#5167,#5141,#5169,.T.);
#5167 = VERTEX_POINT('',#5168);
#5168 = CARTESIAN_POINT('',(28.,23.897059671131,165.58543049172));
#5169 = SURFACE_CURVE('',#5170,(#5221,#5275),.PCURVE_S1.);
#5170 = B_SPLINE_CURVE_WITH_KNOTS('',7,(#5171,#5172,#5173,#5174,#5175,
    #5176,#5177,#5178,#5179,#5180,#5181,#5182,#5183,#5184,#5185,#5186,
    #5187,#5188,#5189,#5190,#5191,#5192,#5193,#5194,#5195,#5196,#5197,
    #5198,#5199,#5200,#5201,#5202,#5203,#5204,#5205,#5206,#5207,#5208,
    #5209,#5210,#5211,#5212,#5213,#5214,#5215,#5216,#5217,#5218,#5219,
    #5220),.UNSPECIFIED.,.F.,.F.,(8,6,6,6,6,6,6,6,8),(0.,0.128536255108,
    0.207618747661,0.264433936726,0.500011309074,0.735490259867,
    0.792589902553,0.87117746399,1.),.UNSPECIFIED.);
#5171 = CARTESIAN_POINT('',(30.5,24.021044286198,163.72999317667));
#5172 = CARTESIAN_POINT('',(30.314981007363,23.965303985439,
    163.90023570567));
#5173 = CARTESIAN_POINT('',(30.126270321307,23.917200936375,
    164.06768830365));
#5174 = CARTESIAN_POINT('',(29.934183814304,23.877046729542,
    164.23190728727));
#5175 = CARTESIAN_POINT('',(29.739089952054,23.845154488692,
    164.39241070001));
#5176 = CARTESIAN_POINT('',(29.541412865255,23.82182407602,
    164.54868660157));
#5177 = CARTESIAN_POINT('',(29.341635421371,23.807327297383,
    164.70020135735));
#5178 = CARTESIAN_POINT('',(29.016431211585,23.798549698467,
    164.93636215908));
#5179 = CARTESIAN_POINT('',(28.891970774165,23.798636737936,
    165.02430743217));
#5180 = CARTESIAN_POINT('',(28.767049125999,23.80220733298,
    165.11011558474));
#5181 = CARTESIAN_POINT('',(28.641800748881,23.80930798093,
    165.19365864521));
#5182 = CARTESIAN_POINT('',(28.516366370511,23.819977360533,
    165.27480975408));
#5183 = CARTESIAN_POINT('',(28.390892870488,23.834245123075,
    165.35344408516));
#5184 = CARTESIAN_POINT('',(28.175471101394,23.864980196291,
    165.48403730021));
#5185 = CARTESIAN_POINT('',(28.085467075683,23.879697031518,
    165.53727338314));
#5186 = CARTESIAN_POINT('',(27.99557772426,23.896288555169,
    165.58910277421));
#5187 = CARTESIAN_POINT('',(27.905860203221,23.914759369064,
    165.63948180396));
#5188 = CARTESIAN_POINT('',(27.816372209658,23.935111310868,
    165.68836837499));
#5189 = CARTESIAN_POINT('',(27.72717198166,23.957343454094,
    165.73572196185));
#5190 = CARTESIAN_POINT('',(27.269897149126,24.081415752598,
    165.97133173317));
#5191 = CARTESIAN_POINT('',(26.907243003613,24.213692232989,
    166.13423334242));
#5192 = CARTESIAN_POINT('',(26.554918577622,24.377966274834,
    166.26720504425));
#5193 = CARTESIAN_POINT('',(26.216904000392,24.573055377653,
    166.36826861641));
#5194 = CARTESIAN_POINT('',(25.896765566685,24.797234015979,
    166.43612243845));
#5195 = CARTESIAN_POINT('',(25.597793113952,25.048282411119,
    166.47000986455));
#5196 = CARTESIAN_POINT('',(25.048224525652,25.597878899506,
    166.46999013621));
#5197 = CARTESIAN_POINT('',(24.797286637193,25.896728712984,
    166.43611128913));
#5198 = CARTESIAN_POINT('',(24.573195822074,26.21672649229,
    166.36829482439));
#5199 = CARTESIAN_POINT('',(24.378169199813,26.554586654844,
    166.26729625947));
#5200 = CARTESIAN_POINT('',(24.213930411276,26.906747489955,
    166.134415306));
#5201 = CARTESIAN_POINT('',(24.081661020347,27.269234078477,
    165.97162716444));
#5202 = CARTESIAN_POINT('',(23.957432586084,27.72678540906,
    165.73593228413));
#5203 = CARTESIAN_POINT('',(23.935083484487,27.816431552586,
    165.68834608942));
#5204 = CARTESIAN_POINT('',(23.91463346539,27.906368444496,
    165.63921145045));
#5205 = CARTESIAN_POINT('',(23.896083470144,27.996536967191,
    165.58856950404));
#5206 = CARTESIAN_POINT('',(23.879431620449,28.086878556087,
    165.53646298974));
#5207 = CARTESIAN_POINT('',(23.864673218353,28.177335199607,
    165.48293624991));
#5208 = CARTESIAN_POINT('',(23.834084064593,28.392426284676,
    165.35247368314));
#5209 = CARTESIAN_POINT('',(23.819939781491,28.517113539953,
    165.2743079979));
#5210 = CARTESIAN_POINT('',(23.809348738956,28.641761180962,
    165.19365780368));
#5211 = CARTESIAN_POINT('',(23.802281805428,28.766225091972,
    165.11064560481));
#5212 = CARTESIAN_POINT('',(23.79870104746,28.890367156661,
    165.02539588728));
#5213 = CARTESIAN_POINT('',(23.798560901399,29.014055349209,
    164.93803422581));
#5214 = CARTESIAN_POINT('',(23.807134268556,29.33896606755,
    164.70222536753));
#5215 = CARTESIAN_POINT('',(23.821564735923,29.539211765987,
    164.55042639493));
#5216 = CARTESIAN_POINT('',(23.844870655431,29.737352079761,
    164.39384026171));
#5217 = CARTESIAN_POINT('',(23.876778594925,29.932900522365,
    164.23300431151));
#5218 = CARTESIAN_POINT('',(23.916986742818,30.12542986293,
    164.06843405518));
#5219 = CARTESIAN_POINT('',(23.965179869077,30.31456902745,
    163.90061478298));
#5220 = CARTESIAN_POINT('',(24.021044286198,30.5,163.72999317667));
#5221 = PCURVE('',#3248,#5222);
#5222 = DEFINITIONAL_REPRESENTATION('',(#5223),#5274);
#5223 = B_SPLINE_CURVE_WITH_KNOTS('',7,(#5224,#5225,#5226,#5227,#5228,
    #5229,#5230,#5231,#5232,#5233,#5234,#5235,#5236,#5237,#5238,#5239,
    #5240,#5241,#5242,#5243,#5244,#5245,#5246,#5247,#5248,#5249,#5250,
    #5251,#5252,#5253,#5254,#5255,#5256,#5257,#5258,#5259,#5260,#5261,
    #5262,#5263,#5264,#5265,#5266,#5267,#5268,#5269,#5270,#5271,#5272,
    #5273),.UNSPECIFIED.,.F.,.F.,(8,6,6,6,6,6,6,6,8),(0.,0.128536255108,
    0.207618747661,0.264433936726,0.500011309074,0.735490259867,
    0.792589902553,0.87117746399,1.),.UNSPECIFIED.);
#5224 = CARTESIAN_POINT('',(-5.005008665729,-160.7299931766));
#5225 = CARTESIAN_POINT('',(-4.967848465223,-160.9002357056));
#5226 = CARTESIAN_POINT('',(-4.930432089945,-161.0676883036));
#5227 = CARTESIAN_POINT('',(-4.892751464702,-161.2319072872));
#5228 = CARTESIAN_POINT('',(-4.854802455878,-161.3924107));
#5229 = CARTESIAN_POINT('',(-4.816585373841,-161.5486866015));
#5230 = CARTESIAN_POINT('',(-4.77810547535,-161.7002013573));
#5231 = CARTESIAN_POINT('',(-4.715543427952,-161.936362159));
#5232 = CARTESIAN_POINT('',(-4.691617889614,-162.0243074321));
#5233 = CARTESIAN_POINT('',(-4.667599672844,-162.1101155847));
#5234 = CARTESIAN_POINT('',(-4.643491953302,-162.1936586452));
#5235 = CARTESIAN_POINT('',(-4.61929838541,-162.274809754));
#5236 = CARTESIAN_POINT('',(-4.595023227374,-162.3534440851));
#5237 = CARTESIAN_POINT('',(-4.553176444588,-162.4840373002));
#5238 = CARTESIAN_POINT('',(-4.535641772722,-162.5372733831));
#5239 = CARTESIAN_POINT('',(-4.518069241927,-162.5891027742));
#5240 = CARTESIAN_POINT('',(-4.500460693279,-162.6394818039));
#5241 = CARTESIAN_POINT('',(-4.482818017591,-162.6883683749));
#5242 = CARTESIAN_POINT('',(-4.465143155417,-162.7357219618));
#5243 = CARTESIAN_POINT('',(-4.374026194419,-162.9713317331));
#5244 = CARTESIAN_POINT('',(-4.300057393962,-163.1342333424));
#5245 = CARTESIAN_POINT('',(-4.225748365473,-163.2672050442));
#5246 = CARTESIAN_POINT('',(-4.151206484604,-163.3682686164));
#5247 = CARTESIAN_POINT('',(-4.076507223241,-163.4361224384));
#5248 = CARTESIAN_POINT('',(-4.001714421686,-163.4700098645));
#5249 = CARTESIAN_POINT('',(-3.852247675605,-163.4699901362));
#5250 = CARTESIAN_POINT('',(-3.777486246864,-163.4361112891));
#5251 = CARTESIAN_POINT('',(-3.702818247158,-163.3682948243));
#5252 = CARTESIAN_POINT('',(-3.628307451055,-163.2672962594));
#5253 = CARTESIAN_POINT('',(-3.554029239406,-163.134415306));
#5254 = CARTESIAN_POINT('',(-3.480090855809,-162.9716271644));
#5255 = CARTESIAN_POINT('',(-3.388914713616,-162.7359322841));
#5256 = CARTESIAN_POINT('',(-3.371151262144,-162.6883460894));
#5257 = CARTESIAN_POINT('',(-3.353420317194,-162.6392114504));
#5258 = CARTESIAN_POINT('',(-3.335723848664,-162.588569504));
#5259 = CARTESIAN_POINT('',(-3.318063775625,-162.5364629897));
#5260 = CARTESIAN_POINT('',(-3.300441966332,-162.4829362499));
#5261 = CARTESIAN_POINT('',(-3.258662098369,-162.3524736831));
#5262 = CARTESIAN_POINT('',(-3.234539669462,-162.2743079979));
#5263 = CARTESIAN_POINT('',(-3.210497838417,-162.1936578036));
#5264 = CARTESIAN_POINT('',(-3.186540782395,-162.1106456048));
#5265 = CARTESIAN_POINT('',(-3.162672090008,-162.0253958872));
#5266 = CARTESIAN_POINT('',(-3.13889488252,-161.9380342258));
#5267 = CARTESIAN_POINT('',(-3.076390303541,-161.7022253675));
#5268 = CARTESIAN_POINT('',(-3.03782178854,-161.5504263949));
#5269 = CARTESIAN_POINT('',(-2.999517212993,-161.3938402617));
#5270 = CARTESIAN_POINT('',(-2.96148190028,-161.2330043115));
#5271 = CARTESIAN_POINT('',(-2.923716183207,-161.0684340551));
#5272 = CARTESIAN_POINT('',(-2.886215912993,-160.9006147829));
#5273 = CARTESIAN_POINT('',(-2.848972968246,-160.7299931766));
#5274 = ( GEOMETRIC_REPRESENTATION_CONTEXT(2) 
PARAMETRIC_REPRESENTATION_CONTEXT() REPRESENTATION_CONTEXT('2D SPACE',''
  ) );
#5275 = PCURVE('',#5276,#5281);
#5276 = B_SPLINE_SURFACE_WITH_KNOTS('',1,1,(
    (#5277,#5278)
    ,(#5279,#5280
    )),.UNSPECIFIED.,.F.,.F.,.F.,(2,2),(2,2),(0.,80.044487630317),(0.,1.
    ),.PIECEWISE_BEZIER_KNOTS.);
#5277 = CARTESIAN_POINT('',(56.6,-5.862415192719E-15,162.25994949366));
#5278 = CARTESIAN_POINT('',(47.393398282202,-2.376014251686E-15,168.77)
  );
#5279 = CARTESIAN_POINT('',(5.686373822957E-15,56.6,162.25994949366));
#5280 = CARTESIAN_POINT('',(4.897300288829E-15,47.393398282202,168.77));
#5281 = DEFINITIONAL_REPRESENTATION('',(#5282),#5333);
#5282 = B_SPLINE_CURVE_WITH_KNOTS('',7,(#5283,#5284,#5285,#5286,#5287,
    #5288,#5289,#5290,#5291,#5292,#5293,#5294,#5295,#5296,#5297,#5298,
    #5299,#5300,#5301,#5302,#5303,#5304,#5305,#5306,#5307,#5308,#5309,
    #5310,#5311,#5312,#5313,#5314,#5315,#5316,#5317,#5318,#5319,#5320,
    #5321,#5322,#5323,#5324,#5325,#5326,#5327,#5328,#5329,#5330,#5331,
    #5332),.UNSPECIFIED.,.F.,.F.,(8,6,6,6,6,6,6,6,8),(0.,0.128536255108,
    0.207618747661,0.264433936726,0.500011309074,0.735490259867,
    0.792589902553,0.87117746399,1.),.UNSPECIFIED.);
#5283 = CARTESIAN_POINT('',(35.266239071665,0.225811409848));
#5284 = CARTESIAN_POINT('',(35.340136610455,0.251962133076));
#5285 = CARTESIAN_POINT('',(35.423456125034,0.277684298798));
#5286 = CARTESIAN_POINT('',(35.516400940914,0.302909753418));
#5287 = CARTESIAN_POINT('',(35.619134674148,0.32756446425));
#5288 = CARTESIAN_POINT('',(35.731757606511,0.351569792844));
#5289 = CARTESIAN_POINT('',(35.85428306068,0.374843768312));
#5290 = CARTESIAN_POINT('',(36.068030825833,0.411120107719));
#5291 = CARTESIAN_POINT('',(36.153159734443,0.424629261451));
#5292 = CARTESIAN_POINT('',(36.241976738276,0.437810135007));
#5293 = CARTESIAN_POINT('',(36.334443331795,0.450643070849));
#5294 = CARTESIAN_POINT('',(36.430504614358,0.463108582259));
#5295 = CARTESIAN_POINT('',(36.530087637685,0.475187494858));
#5296 = CARTESIAN_POINT('',(36.707106687582,0.495247740923));
#5297 = CARTESIAN_POINT('',(36.782884005975,0.503425263183));
#5298 = CARTESIAN_POINT('',(36.860397640598,0.511386705419));
#5299 = CARTESIAN_POINT('',(36.939608945192,0.519125359629));
#5300 = CARTESIAN_POINT('',(37.020474695156,0.526634759284));
#5301 = CARTESIAN_POINT('',(37.102947087547,0.533908679328));
#5302 = CARTESIAN_POINT('',(37.535380189643,0.570100375704));
#5303 = CARTESIAN_POINT('',(37.910687746523,0.595123470238));
#5304 = CARTESIAN_POINT('',(38.308856280622,0.615549072421));
#5305 = CARTESIAN_POINT('',(38.724945186077,0.631073310223));
#5306 = CARTESIAN_POINT('',(39.153356519197,0.641496243497));
#5307 = CARTESIAN_POINT('',(39.58800197038,0.64670164491));
#5308 = CARTESIAN_POINT('',(40.456599193612,0.646698614466));
#5309 = CARTESIAN_POINT('',(40.891059567417,0.641494530865));
#5310 = CARTESIAN_POINT('',(41.319290838185,0.631077335995));
#5311 = CARTESIAN_POINT('',(41.73521243543,0.615563083867));
#5312 = CARTESIAN_POINT('',(42.133233197911,0.595151421417));
#5313 = CARTESIAN_POINT('',(42.508417973319,0.570145756499));
#5314 = CARTESIAN_POINT('',(42.941190019211,0.533940986646));
#5315 = CARTESIAN_POINT('',(43.024080308758,0.526631336029));
#5316 = CARTESIAN_POINT('',(43.105347891713,0.519083830994));
#5317 = CARTESIAN_POINT('',(43.184944241974,0.511304790514));
#5318 = CARTESIAN_POINT('',(43.262825504513,0.503300779755));
#5319 = CARTESIAN_POINT('',(43.338952495377,0.495078610083));
#5320 = CARTESIAN_POINT('',(43.515604097728,0.475038432723));
#5321 = CARTESIAN_POINT('',(43.6145299913,0.463031508175));
#5322 = CARTESIAN_POINT('',(43.709977663683,0.450642941582));
#5323 = CARTESIAN_POINT('',(43.801875595452,0.437891550669));
#5324 = CARTESIAN_POINT('',(43.890169864928,0.424796457559));
#5325 = CARTESIAN_POINT('',(43.974822546636,0.411376951614));
#5326 = CARTESIAN_POINT('',(44.188566783675,0.375154673762));
#5327 = CARTESIAN_POINT('',(44.311475570467,0.351837040135));
#5328 = CARTESIAN_POINT('',(44.424437574901,0.327784057279));
#5329 = CARTESIAN_POINT('',(44.527465625461,0.303078265818));
#5330 = CARTESIAN_POINT('',(44.620660386931,0.277798852676));
#5331 = CARTESIAN_POINT('',(44.704186472963,0.252020362626));
#5332 = CARTESIAN_POINT('',(44.778248558652,0.225811409848));
#5333 = ( GEOMETRIC_REPRESENTATION_CONTEXT(2) 
PARAMETRIC_REPRESENTATION_CONTEXT() REPRESENTATION_CONTEXT('2D SPACE',''
  ) );
#5334 = ORIENTED_EDGE('',*,*,#5335,.T.);
#5335 = EDGE_CURVE('',#5167,#5336,#5338,.T.);
#5336 = VERTEX_POINT('',#5337);
#5337 = CARTESIAN_POINT('',(28.,23.897059671131,159.27));
#5338 = SURFACE_CURVE('',#5339,(#5343,#5349),.PCURVE_S1.);
#5339 = LINE('',#5340,#5341);
#5340 = CARTESIAN_POINT('',(28.,23.897059671131,3.));
#5341 = VECTOR('',#5342,1.);
#5342 = DIRECTION('',(-0.,-0.,-1.));
#5343 = PCURVE('',#3248,#5344);
#5344 = DEFINITIONAL_REPRESENTATION('',(#5345),#5348);
#5345 = B_SPLINE_CURVE_WITH_KNOTS('',1,(#5346,#5347),.UNSPECIFIED.,.F.,
  .F.,(2,2),(-168.2700006,-155.07),.PIECEWISE_BEZIER_KNOTS.);
#5346 = CARTESIAN_POINT('',(-4.518875787874,-168.2700006));
#5347 = CARTESIAN_POINT('',(-4.518875787874,-155.07));
#5348 = ( GEOMETRIC_REPRESENTATION_CONTEXT(2) 
PARAMETRIC_REPRESENTATION_CONTEXT() REPRESENTATION_CONTEXT('2D SPACE',''
  ) );
#5349 = PCURVE('',#5350,#5355);
#5350 = PLANE('',#5351);
#5351 = AXIS2_PLACEMENT_3D('',#5352,#5353,#5354);
#5352 = CARTESIAN_POINT('',(28.,-28.,159.27));
#5353 = DIRECTION('',(-1.,0.,0.));
#5354 = DIRECTION('',(0.,1.,0.));
#5355 = DEFINITIONAL_REPRESENTATION('',(#5356),#5359);
#5356 = B_SPLINE_CURVE_WITH_KNOTS('',1,(#5357,#5358),.UNSPECIFIED.,.F.,
  .F.,(2,2),(-168.2700006,-155.07),.PIECEWISE_BEZIER_KNOTS.);
#5357 = CARTESIAN_POINT('',(51.897059671131,-12.0000006));
#5358 = CARTESIAN_POINT('',(51.897059671131,1.2));
#5359 = ( GEOMETRIC_REPRESENTATION_CONTEXT(2) 
PARAMETRIC_REPRESENTATION_CONTEXT() REPRESENTATION_CONTEXT('2D SPACE',''
  ) );
#5360 = ORIENTED_EDGE('',*,*,#5361,.F.);
#5361 = EDGE_CURVE('',#4422,#5336,#5362,.T.);
#5362 = SURFACE_CURVE('',#5363,(#5378,#5396),.PCURVE_S1.);
#5363 = B_SPLINE_CURVE_WITH_KNOTS('',4,(#5364,#5365,#5366,#5367,#5368,
    #5369,#5370,#5371,#5372,#5373,#5374,#5375,#5376,#5377),
  .UNSPECIFIED.,.F.,.F.,(5,3,3,3,5),(0.,0.240375934549,0.484930870952,
    0.737380545045,1.),.UNSPECIFIED.);
#5364 = CARTESIAN_POINT('',(30.5,24.021044286198,156.77));
#5365 = CARTESIAN_POINT('',(30.342107684212,23.973476384956,
    156.92789231578));
#5366 = CARTESIAN_POINT('',(30.18472133031,23.93334266265,
    157.08527866969));
#5367 = CARTESIAN_POINT('',(30.0281779718,23.900224056302,157.2418220282
    ));
#5368 = CARTESIAN_POINT('',(29.714578454036,23.846834533767,
    157.55542154596));
#5369 = CARTESIAN_POINT('',(29.55756214387,23.826796789754,
    157.71243785613));
#5370 = CARTESIAN_POINT('',(29.401947143024,23.813265815494,
    157.86805285697));
#5371 = CARTESIAN_POINT('',(29.088956170327,23.798325321185,
    158.18104382967));
#5372 = CARTESIAN_POINT('',(28.9316864923,23.797320917196,158.3383135077
    ));
#5373 = CARTESIAN_POINT('',(28.776353770373,23.802540683644,
    158.49364622962));
#5374 = CARTESIAN_POINT('',(28.463737090048,23.825257216512,
    158.80626290995));
#5375 = CARTESIAN_POINT('',(28.306627329083,23.843239822879,
    158.96337267091));
#5376 = CARTESIAN_POINT('',(28.151998256497,23.867273264334,
    159.1180017435));
#5377 = CARTESIAN_POINT('',(28.,23.897059671131,159.27));
#5378 = PCURVE('',#3248,#5379);
#5379 = DEFINITIONAL_REPRESENTATION('',(#5380),#5395);
#5380 = B_SPLINE_CURVE_WITH_KNOTS('',4,(#5381,#5382,#5383,#5384,#5385,
    #5386,#5387,#5388,#5389,#5390,#5391,#5392,#5393,#5394),
  .UNSPECIFIED.,.F.,.F.,(5,3,3,3,5),(0.,0.240375934549,0.484930870952,
    0.737380545045,1.),.UNSPECIFIED.);
#5381 = CARTESIAN_POINT('',(-5.005008665729,-153.77));
#5382 = CARTESIAN_POINT('',(-4.973296731568,-153.9278923157));
#5383 = CARTESIAN_POINT('',(-4.942090234447,-154.0852786696));
#5384 = CARTESIAN_POINT('',(-4.911343714696,-154.2418220282));
#5385 = CARTESIAN_POINT('',(-4.850168374177,-154.5554215459));
#5386 = CARTESIAN_POINT('',(-4.819754409437,-154.7124378561));
#5387 = CARTESIAN_POINT('',(-4.789738316119,-154.8680528569));
#5388 = CARTESIAN_POINT('',(-4.729479208629,-155.1810438296));
#5389 = CARTESIAN_POINT('',(-4.699260142533,-155.3383135077));
#5390 = CARTESIAN_POINT('',(-4.669394185031,-155.4936462296));
#5391 = CARTESIAN_POINT('',(-4.609117079094,-155.8062629099));
#5392 = CARTESIAN_POINT('',(-4.578732405576,-155.9633726709));
#5393 = CARTESIAN_POINT('',(-4.548662194671,-156.1180017435));
#5394 = CARTESIAN_POINT('',(-4.518875787874,-156.27));
#5395 = ( GEOMETRIC_REPRESENTATION_CONTEXT(2) 
PARAMETRIC_REPRESENTATION_CONTEXT() REPRESENTATION_CONTEXT('2D SPACE',''
  ) );
#5396 = PCURVE('',#4437,#5397);
#5397 = DEFINITIONAL_REPRESENTATION('',(#5398),#5413);
#5398 = B_SPLINE_CURVE_WITH_KNOTS('',4,(#5399,#5400,#5401,#5402,#5403,
    #5404,#5405,#5406,#5407,#5408,#5409,#5410,#5411,#5412),
  .UNSPECIFIED.,.F.,.F.,(5,3,3,3,5),(0.,0.240375934549,0.484930870952,
    0.737380545045,1.),.UNSPECIFIED.);
#5399 = CARTESIAN_POINT('',(54.521044286198,0.));
#5400 = CARTESIAN_POINT('',(54.597828460694,6.315692631536E-02));
#5401 = CARTESIAN_POINT('',(54.682708392381,0.126111467876));
#5402 = CARTESIAN_POINT('',(54.77524299163,0.18872881128));
#5403 = CARTESIAN_POINT('',(54.976618213835,0.314168618386));
#5404 = CARTESIAN_POINT('',(55.085713138951,0.376975142452));
#5405 = CARTESIAN_POINT('',(55.201957744034,0.439221142791));
#5406 = CARTESIAN_POINT('',(55.45203757945,0.564417531869));
#5407 = CARTESIAN_POINT('',(55.586318593802,0.62732540308));
#5408 = CARTESIAN_POINT('',(55.72747898491,0.689458491851));
#5409 = CARTESIAN_POINT('',(56.028828203141,0.814505163981));
#5410 = CARTESIAN_POINT('',(56.189553808345,0.877349068367));
#5411 = CARTESIAN_POINT('',(56.356971772801,0.939200697401));
#5412 = CARTESIAN_POINT('',(56.530725713196,1.));
#5413 = ( GEOMETRIC_REPRESENTATION_CONTEXT(2) 
PARAMETRIC_REPRESENTATION_CONTEXT() REPRESENTATION_CONTEXT('2D SPACE',''
  ) );
#5414 = ORIENTED_EDGE('',*,*,#4448,.T.);
#5415 = ADVANCED_FACE('',(#5416),#3276,.T.);
#5416 = FACE_BOUND('',#5417,.T.);
#5417 = EDGE_LOOP('',(#5418,#5419,#5420,#5442));
#5418 = ORIENTED_EDGE('',*,*,#3260,.F.);
#5419 = ORIENTED_EDGE('',*,*,#5058,.F.);
#5420 = ORIENTED_EDGE('',*,*,#5421,.T.);
#5421 = EDGE_CURVE('',#5059,#5422,#5424,.T.);
#5422 = VERTEX_POINT('',#5423);
#5423 = CARTESIAN_POINT('',(-24.02104428619,30.5,156.77));
#5424 = SURFACE_CURVE('',#5425,(#5429,#5436),.PCURVE_S1.);
#5425 = LINE('',#5426,#5427);
#5426 = CARTESIAN_POINT('',(30.5,30.5,156.77));
#5427 = VECTOR('',#5428,1.);
#5428 = DIRECTION('',(-1.,0.,0.));
#5429 = PCURVE('',#3276,#5430);
#5430 = DEFINITIONAL_REPRESENTATION('',(#5431),#5435);
#5431 = LINE('',#5432,#5433);
#5432 = CARTESIAN_POINT('',(0.,-153.77));
#5433 = VECTOR('',#5434,1.);
#5434 = DIRECTION('',(1.,0.));
#5435 = ( GEOMETRIC_REPRESENTATION_CONTEXT(2) 
PARAMETRIC_REPRESENTATION_CONTEXT() REPRESENTATION_CONTEXT('2D SPACE',''
  ) );
#5436 = PCURVE('',#5117,#5437);
#5437 = DEFINITIONAL_REPRESENTATION('',(#5438),#5441);
#5438 = B_SPLINE_CURVE_WITH_KNOTS('',1,(#5439,#5440),.UNSPECIFIED.,.F.,
  .F.,(2,2),(0.,61.),.PIECEWISE_BEZIER_KNOTS.);
#5439 = CARTESIAN_POINT('',(0.,0.));
#5440 = CARTESIAN_POINT('',(61.,0.));
#5441 = ( GEOMETRIC_REPRESENTATION_CONTEXT(2) 
PARAMETRIC_REPRESENTATION_CONTEXT() REPRESENTATION_CONTEXT('2D SPACE',''
  ) );
#5442 = ORIENTED_EDGE('',*,*,#5443,.T.);
#5443 = EDGE_CURVE('',#5422,#3261,#5444,.T.);
#5444 = SURFACE_CURVE('',#5445,(#5449,#5455),.PCURVE_S1.);
#5445 = LINE('',#5446,#5447);
#5446 = CARTESIAN_POINT('',(-24.02104428619,30.5,3.));
#5447 = VECTOR('',#5448,1.);
#5448 = DIRECTION('',(-0.,-0.,-1.));
#5449 = PCURVE('',#3276,#5450);
#5450 = DEFINITIONAL_REPRESENTATION('',(#5451),#5454);
#5451 = B_SPLINE_CURVE_WITH_KNOTS('',1,(#5452,#5453),.UNSPECIFIED.,.F.,
  .F.,(2,2),(-168.2700006,5.999999999062E-07),.PIECEWISE_BEZIER_KNOTS.);
#5452 = CARTESIAN_POINT('',(54.521044286198,-168.2700006));
#5453 = CARTESIAN_POINT('',(54.521044286198,5.999999999062E-07));
#5454 = ( GEOMETRIC_REPRESENTATION_CONTEXT(2) 
PARAMETRIC_REPRESENTATION_CONTEXT() REPRESENTATION_CONTEXT('2D SPACE',''
  ) );
#5455 = PCURVE('',#3305,#5456);
#5456 = DEFINITIONAL_REPRESENTATION('',(#5457),#5460);
#5457 = B_SPLINE_CURVE_WITH_KNOTS('',1,(#5458,#5459),.UNSPECIFIED.,.F.,
  .F.,(2,2),(-168.2700006,5.999999999062E-07),.PIECEWISE_BEZIER_KNOTS.);
#5458 = CARTESIAN_POINT('',(-6.575804992524,-168.2700006));
#5459 = CARTESIAN_POINT('',(-6.575804992524,5.999999999062E-07));
#5460 = ( GEOMETRIC_REPRESENTATION_CONTEXT(2) 
PARAMETRIC_REPRESENTATION_CONTEXT() REPRESENTATION_CONTEXT('2D SPACE',''
  ) );
#5461 = ADVANCED_FACE('',(#5462),#3305,.T.);
#5462 = FACE_BOUND('',#5463,.F.);
#5463 = EDGE_LOOP('',(#5464,#5465,#5486,#5547,#5573,#5724,#5745,#5819));
#5464 = ORIENTED_EDGE('',*,*,#3288,.F.);
#5465 = ORIENTED_EDGE('',*,*,#5466,.F.);
#5466 = EDGE_CURVE('',#5467,#3289,#5469,.T.);
#5467 = VERTEX_POINT('',#5468);
#5468 = CARTESIAN_POINT('',(-30.5,24.021044286198,156.77));
#5469 = SURFACE_CURVE('',#5470,(#5474,#5480),.PCURVE_S1.);
#5470 = LINE('',#5471,#5472);
#5471 = CARTESIAN_POINT('',(-30.5,24.021044286198,3.));
#5472 = VECTOR('',#5473,1.);
#5473 = DIRECTION('',(-0.,-0.,-1.));
#5474 = PCURVE('',#3305,#5475);
#5475 = DEFINITIONAL_REPRESENTATION('',(#5476),#5479);
#5476 = B_SPLINE_CURVE_WITH_KNOTS('',1,(#5477,#5478),.UNSPECIFIED.,.F.,
  .F.,(2,2),(-168.2700006,5.999999999062E-07),.PIECEWISE_BEZIER_KNOTS.);
#5477 = CARTESIAN_POINT('',(-4.41976929504,-168.2700006));
#5478 = CARTESIAN_POINT('',(-4.41976929504,5.999999999062E-07));
#5479 = ( GEOMETRIC_REPRESENTATION_CONTEXT(2) 
PARAMETRIC_REPRESENTATION_CONTEXT() REPRESENTATION_CONTEXT('2D SPACE',''
  ) );
#5480 = PCURVE('',#3333,#5481);
#5481 = DEFINITIONAL_REPRESENTATION('',(#5482),#5485);
#5482 = B_SPLINE_CURVE_WITH_KNOTS('',1,(#5483,#5484),.UNSPECIFIED.,.F.,
  .F.,(2,2),(-168.2700006,5.999999999062E-07),.PIECEWISE_BEZIER_KNOTS.);
#5483 = CARTESIAN_POINT('',(6.478955713802,-168.2700006));
#5484 = CARTESIAN_POINT('',(6.478955713802,5.999999999062E-07));
#5485 = ( GEOMETRIC_REPRESENTATION_CONTEXT(2) 
PARAMETRIC_REPRESENTATION_CONTEXT() REPRESENTATION_CONTEXT('2D SPACE',''
  ) );
#5486 = ORIENTED_EDGE('',*,*,#5487,.T.);
#5487 = EDGE_CURVE('',#5467,#5488,#5490,.T.);
#5488 = VERTEX_POINT('',#5489);
#5489 = CARTESIAN_POINT('',(-28.,23.897059671131,159.27));
#5490 = SURFACE_CURVE('',#5491,(#5506,#5524),.PCURVE_S1.);
#5491 = B_SPLINE_CURVE_WITH_KNOTS('',4,(#5492,#5493,#5494,#5495,#5496,
    #5497,#5498,#5499,#5500,#5501,#5502,#5503,#5504,#5505),
  .UNSPECIFIED.,.F.,.F.,(5,3,3,3,5),(0.,0.240375934549,0.484930870952,
    0.737380545045,1.),.UNSPECIFIED.);
#5492 = CARTESIAN_POINT('',(-30.5,24.021044286198,156.77));
#5493 = CARTESIAN_POINT('',(-30.34210768421,23.973476384956,
    156.92789231578));
#5494 = CARTESIAN_POINT('',(-30.18472133031,23.93334266265,
    157.08527866969));
#5495 = CARTESIAN_POINT('',(-30.0281779718,23.900224056302,
    157.24182202819));
#5496 = CARTESIAN_POINT('',(-29.71457845403,23.846834533767,
    157.55542154596));
#5497 = CARTESIAN_POINT('',(-29.55756214387,23.826796789754,
    157.71243785613));
#5498 = CARTESIAN_POINT('',(-29.40194714302,23.813265815494,
    157.86805285697));
#5499 = CARTESIAN_POINT('',(-29.08895617032,23.798325321185,
    158.18104382967));
#5500 = CARTESIAN_POINT('',(-28.9316864923,23.797320917196,
    158.3383135077));
#5501 = CARTESIAN_POINT('',(-28.77635377037,23.802540683644,
    158.49364622962));
#5502 = CARTESIAN_POINT('',(-28.46373709004,23.825257216512,
    158.80626290995));
#5503 = CARTESIAN_POINT('',(-28.30662732908,23.843239822879,
    158.96337267091));
#5504 = CARTESIAN_POINT('',(-28.15199825649,23.867273264334,
    159.1180017435));
#5505 = CARTESIAN_POINT('',(-28.,23.897059671131,159.27));
#5506 = PCURVE('',#3305,#5507);
#5507 = DEFINITIONAL_REPRESENTATION('',(#5508),#5523);
#5508 = B_SPLINE_CURVE_WITH_KNOTS('',4,(#5509,#5510,#5511,#5512,#5513,
    #5514,#5515,#5516,#5517,#5518,#5519,#5520,#5521,#5522),
  .UNSPECIFIED.,.F.,.F.,(5,3,3,3,5),(0.,0.240375934549,0.484930870952,
    0.737380545045,1.),.UNSPECIFIED.);
#5509 = CARTESIAN_POINT('',(-4.41976929504,-153.77));
#5510 = CARTESIAN_POINT('',(-4.451481229202,-153.9278923157));
#5511 = CARTESIAN_POINT('',(-4.482687726322,-154.0852786696));
#5512 = CARTESIAN_POINT('',(-4.513434246073,-154.2418220281));
#5513 = CARTESIAN_POINT('',(-4.574609586593,-154.5554215459));
#5514 = CARTESIAN_POINT('',(-4.605023551332,-154.7124378561));
#5515 = CARTESIAN_POINT('',(-4.635039644651,-154.8680528569));
#5516 = CARTESIAN_POINT('',(-4.695298752141,-155.1810438296));
#5517 = CARTESIAN_POINT('',(-4.725517818237,-155.3383135077));
#5518 = CARTESIAN_POINT('',(-4.755383775738,-155.4936462296));
#5519 = CARTESIAN_POINT('',(-4.815660881675,-155.8062629099));
#5520 = CARTESIAN_POINT('',(-4.846045555193,-155.9633726709));
#5521 = CARTESIAN_POINT('',(-4.876115766098,-156.1180017435));
#5522 = CARTESIAN_POINT('',(-4.905902172895,-156.27));
#5523 = ( GEOMETRIC_REPRESENTATION_CONTEXT(2) 
PARAMETRIC_REPRESENTATION_CONTEXT() REPRESENTATION_CONTEXT('2D SPACE',''
  ) );
#5524 = PCURVE('',#5525,#5530);
#5525 = B_SPLINE_SURFACE_WITH_KNOTS('',1,1,(
    (#5526,#5527)
    ,(#5528,#5529
    )),.UNSPECIFIED.,.F.,.F.,.F.,(2,2),(2,2),(0.,61.),(0.,1.),
  .PIECEWISE_BEZIER_KNOTS.);
#5526 = CARTESIAN_POINT('',(-30.5,30.5,156.77));
#5527 = CARTESIAN_POINT('',(-28.,28.,159.27));
#5528 = CARTESIAN_POINT('',(-30.5,-30.5,156.77));
#5529 = CARTESIAN_POINT('',(-28.,-28.,159.27));
#5530 = DEFINITIONAL_REPRESENTATION('',(#5531),#5546);
#5531 = B_SPLINE_CURVE_WITH_KNOTS('',4,(#5532,#5533,#5534,#5535,#5536,
    #5537,#5538,#5539,#5540,#5541,#5542,#5543,#5544,#5545),
  .UNSPECIFIED.,.F.,.F.,(5,3,3,3,5),(0.,0.240375934549,0.484930870952,
    0.737380545045,1.),.UNSPECIFIED.);
#5532 = CARTESIAN_POINT('',(6.478955713802,0.));
#5533 = CARTESIAN_POINT('',(6.402171539306,6.315692631536E-02));
#5534 = CARTESIAN_POINT('',(6.317291607619,0.126111467876));
#5535 = CARTESIAN_POINT('',(6.22475700837,0.18872881128));
#5536 = CARTESIAN_POINT('',(6.023381786165,0.314168618386));
#5537 = CARTESIAN_POINT('',(5.914286861049,0.376975142452));
#5538 = CARTESIAN_POINT('',(5.798042255966,0.439221142791));
#5539 = CARTESIAN_POINT('',(5.54796242055,0.564417531869));
#5540 = CARTESIAN_POINT('',(5.413681406198,0.62732540308));
#5541 = CARTESIAN_POINT('',(5.27252101509,0.689458491851));
#5542 = CARTESIAN_POINT('',(4.971171796859,0.814505163981));
#5543 = CARTESIAN_POINT('',(4.810446191655,0.877349068367));
#5544 = CARTESIAN_POINT('',(4.643028227199,0.939200697401));
#5545 = CARTESIAN_POINT('',(4.469274286804,1.));
#5546 = ( GEOMETRIC_REPRESENTATION_CONTEXT(2) 
PARAMETRIC_REPRESENTATION_CONTEXT() REPRESENTATION_CONTEXT('2D SPACE',''
  ) );
#5547 = ORIENTED_EDGE('',*,*,#5548,.F.);
#5548 = EDGE_CURVE('',#5549,#5488,#5551,.T.);
#5549 = VERTEX_POINT('',#5550);
#5550 = CARTESIAN_POINT('',(-28.,23.897059671131,165.58543049172));
#5551 = SURFACE_CURVE('',#5552,(#5556,#5562),.PCURVE_S1.);
#5552 = LINE('',#5553,#5554);
#5553 = CARTESIAN_POINT('',(-28.,23.897059671131,3.));
#5554 = VECTOR('',#5555,1.);
#5555 = DIRECTION('',(-0.,-0.,-1.));
#5556 = PCURVE('',#3305,#5557);
#5557 = DEFINITIONAL_REPRESENTATION('',(#5558),#5561);
#5558 = B_SPLINE_CURVE_WITH_KNOTS('',1,(#5559,#5560),.UNSPECIFIED.,.F.,
  .F.,(2,2),(-168.2700006,-155.07),.PIECEWISE_BEZIER_KNOTS.);
#5559 = CARTESIAN_POINT('',(-4.905902172895,-168.2700006));
#5560 = CARTESIAN_POINT('',(-4.905902172895,-155.07));
#5561 = ( GEOMETRIC_REPRESENTATION_CONTEXT(2) 
PARAMETRIC_REPRESENTATION_CONTEXT() REPRESENTATION_CONTEXT('2D SPACE',''
  ) );
#5562 = PCURVE('',#5563,#5568);
#5563 = PLANE('',#5564);
#5564 = AXIS2_PLACEMENT_3D('',#5565,#5566,#5567);
#5565 = CARTESIAN_POINT('',(-28.,28.,159.27));
#5566 = DIRECTION('',(1.,0.,-0.));
#5567 = DIRECTION('',(0.,-1.,0.));
#5568 = DEFINITIONAL_REPRESENTATION('',(#5569),#5572);
#5569 = B_SPLINE_CURVE_WITH_KNOTS('',1,(#5570,#5571),.UNSPECIFIED.,.F.,
  .F.,(2,2),(-168.2700006,-155.07),.PIECEWISE_BEZIER_KNOTS.);
#5570 = CARTESIAN_POINT('',(4.102940328869,-12.0000006));
#5571 = CARTESIAN_POINT('',(4.102940328869,1.2));
#5572 = ( GEOMETRIC_REPRESENTATION_CONTEXT(2) 
PARAMETRIC_REPRESENTATION_CONTEXT() REPRESENTATION_CONTEXT('2D SPACE',''
  ) );
#5573 = ORIENTED_EDGE('',*,*,#5574,.F.);
#5574 = EDGE_CURVE('',#5575,#5549,#5577,.T.);
#5575 = VERTEX_POINT('',#5576);
#5576 = CARTESIAN_POINT('',(-23.89705967113,28.,165.58543049172));
#5577 = SURFACE_CURVE('',#5578,(#5623,#5671),.PCURVE_S1.);
#5578 = B_SPLINE_CURVE_WITH_KNOTS('',7,(#5579,#5580,#5581,#5582,#5583,
    #5584,#5585,#5586,#5587,#5588,#5589,#5590,#5591,#5592,#5593,#5594,
    #5595,#5596,#5597,#5598,#5599,#5600,#5601,#5602,#5603,#5604,#5605,
    #5606,#5607,#5608,#5609,#5610,#5611,#5612,#5613,#5614,#5615,#5616,
    #5617,#5618,#5619,#5620,#5621,#5622),.UNSPECIFIED.,.F.,.F.,(8,6,6,6,
    6,6,6,8),(0.,8.786696249528E-02,0.150997509636,0.417739850929,
    0.691966071402,0.758461268324,0.849980148787,1.),.UNSPECIFIED.);
#5579 = CARTESIAN_POINT('',(-23.8,29.,164.94695526217));
#5580 = CARTESIAN_POINT('',(-23.8,28.881321161302,165.03087387379));
#5581 = CARTESIAN_POINT('',(-23.80316003621,28.762200761163,
    165.11287023347));
#5582 = CARTESIAN_POINT('',(-23.80952237905,28.642754393576,
    165.19283271422));
#5583 = CARTESIAN_POINT('',(-23.8191232857,28.523102473013,
    165.27065053243));
#5584 = CARTESIAN_POINT('',(-23.83199210132,28.403370138469,
    165.34621445132));
#5585 = CARTESIAN_POINT('',(-23.84815036002,28.283687157494,
    165.41941748446));
#5586 = CARTESIAN_POINT('',(-23.88159286087,28.078330100563,
    165.54097943285));
#5587 = CARTESIAN_POINT('',(-23.89727955038,27.992566597815,
    165.5905312227));
#5588 = CARTESIAN_POINT('',(-23.91467583865,27.906947016303,
    165.63877237599));
#5589 = CARTESIAN_POINT('',(-23.93378430286,27.821521380996,
    165.68566569737));
#5590 = CARTESIAN_POINT('',(-23.95460521335,27.736340047512,
    165.73117538891));
#5591 = CARTESIAN_POINT('',(-23.97713653355,27.651453702123,
    165.77526705006));
#5592 = CARTESIAN_POINT('',(-24.10378293611,27.209709292641,
    165.9980749875));
#5593 = CARTESIAN_POINT('',(-24.23669580318,26.858520273238,
    166.15241953499));
#5594 = CARTESIAN_POINT('',(-24.39973568449,26.517512099316,
    166.27826212152));
#5595 = CARTESIAN_POINT('',(-24.59176702199,26.190320896557,
    166.3738345788));
#5596 = CARTESIAN_POINT('',(-24.81117328051,25.880208279638,
    166.43797365991));
#5597 = CARTESIAN_POINT('',(-25.05589516598,25.590180745542,
    166.47000959128));
#5598 = CARTESIAN_POINT('',(-25.5978788995,25.048224525652,
    166.46999013621));
#5599 = CARTESIAN_POINT('',(-25.89672871298,24.797286637191,
    166.43611128913));
#5600 = CARTESIAN_POINT('',(-26.21672649228,24.573195822077,
    166.36829482439));
#5601 = CARTESIAN_POINT('',(-26.55458665484,24.378169199811,
    166.26729625947));
#5602 = CARTESIAN_POINT('',(-26.90674748995,24.213930411277,
    166.134415306));
#5603 = CARTESIAN_POINT('',(-27.26923407847,24.081661020347,
    165.97162716444));
#5604 = CARTESIAN_POINT('',(-27.72678540906,23.957432586084,
    165.73593228412));
#5605 = CARTESIAN_POINT('',(-27.81643155258,23.935083484487,
    165.68834608942));
#5606 = CARTESIAN_POINT('',(-27.90636844449,23.91463346539,
    165.63921145045));
#5607 = CARTESIAN_POINT('',(-27.99653696719,23.896083470144,
    165.58856950404));
#5608 = CARTESIAN_POINT('',(-28.08687855608,23.879431620449,
    165.53646298974));
#5609 = CARTESIAN_POINT('',(-28.1773351996,23.864673218353,
    165.48293624991));
#5610 = CARTESIAN_POINT('',(-28.39242628467,23.834084064593,
    165.35247368314));
#5611 = CARTESIAN_POINT('',(-28.51711353995,23.819939781491,
    165.2743079979));
#5612 = CARTESIAN_POINT('',(-28.64176118096,23.809348738956,
    165.19365780368));
#5613 = CARTESIAN_POINT('',(-28.76622509197,23.802281805428,
    165.11064560481));
#5614 = CARTESIAN_POINT('',(-28.89036715666,23.79870104746,
    165.02539588728));
#5615 = CARTESIAN_POINT('',(-29.0140553492,23.798560901399,
    164.93803422581));
#5616 = CARTESIAN_POINT('',(-29.33896606755,23.807134268556,
    164.70222536753));
#5617 = CARTESIAN_POINT('',(-29.53921176598,23.821564735923,
    164.55042639493));
#5618 = CARTESIAN_POINT('',(-29.73735207976,23.844870655431,
    164.39384026171));
#5619 = CARTESIAN_POINT('',(-29.93290052236,23.876778594925,
    164.23300431151));
#5620 = CARTESIAN_POINT('',(-30.12542986293,23.916986742818,
    164.06843405518));
#5621 = CARTESIAN_POINT('',(-30.31456902745,23.965179869077,
    163.90061478298));
#5622 = CARTESIAN_POINT('',(-30.5,24.021044286198,163.72999317667));
#5623 = PCURVE('',#3305,#5624);
#5624 = DEFINITIONAL_REPRESENTATION('',(#5625),#5670);
#5625 = B_SPLINE_CURVE_WITH_KNOTS('',7,(#5626,#5627,#5628,#5629,#5630,
    #5631,#5632,#5633,#5634,#5635,#5636,#5637,#5638,#5639,#5640,#5641,
    #5642,#5643,#5644,#5645,#5646,#5647,#5648,#5649,#5650,#5651,#5652,
    #5653,#5654,#5655,#5656,#5657,#5658,#5659,#5660,#5661,#5662,#5663,
    #5664,#5665,#5666,#5667,#5668,#5669),.UNSPECIFIED.,.F.,.F.,(8,6,6,6,
    6,6,6,8),(0.,8.786696249528E-02,0.150997509636,0.417739850929,
    0.691966071402,0.758461268324,0.849980148787,1.),.UNSPECIFIED.);
#5626 = CARTESIAN_POINT('',(-6.28318530718,-161.9469552621));
#5627 = CARTESIAN_POINT('',(-6.260362453584,-162.0308738737));
#5628 = CARTESIAN_POINT('',(-6.237454681394,-162.1128702334));
#5629 = CARTESIAN_POINT('',(-6.214464814211,-162.1928327142));
#5630 = CARTESIAN_POINT('',(-6.191395928524,-162.2706505324));
#5631 = CARTESIAN_POINT('',(-6.16825145911,-162.3462144513));
#5632 = CARTESIAN_POINT('',(-6.145035304421,-162.4194174844));
#5633 = CARTESIAN_POINT('',(-6.105023323184,-162.5409794328));
#5634 = CARTESIAN_POINT('',(-6.088259919955,-162.5905312227));
#5635 = CARTESIAN_POINT('',(-6.071463324555,-162.6387723759));
#5636 = CARTESIAN_POINT('',(-6.05463517055,-162.6856656973));
#5637 = CARTESIAN_POINT('',(-6.037777122804,-162.7311753889));
#5638 = CARTESIAN_POINT('',(-6.020890877488,-162.77526705));
#5639 = CARTESIAN_POINT('',(-5.932517712059,-162.9980749875));
#5640 = CARTESIAN_POINT('',(-5.860552520436,-163.1524195349));
#5641 = CARTESIAN_POINT('',(-5.788276748398,-163.2782621215));
#5642 = CARTESIAN_POINT('',(-5.715788422836,-163.3738345788));
#5643 = CARTESIAN_POINT('',(-5.643156577322,-163.4379736599));
#5644 = CARTESIAN_POINT('',(-5.57044040465,-163.4700095912));
#5645 = CARTESIAN_POINT('',(-5.4230440024,-163.4699901362));
#5646 = CARTESIAN_POINT('',(-5.348282573659,-163.4361112891));
#5647 = CARTESIAN_POINT('',(-5.273614573954,-163.3682948243));
#5648 = CARTESIAN_POINT('',(-5.199103777849,-163.2672962594));
#5649 = CARTESIAN_POINT('',(-5.124825566201,-163.134415306));
#5650 = CARTESIAN_POINT('',(-5.050887182604,-162.9716271644));
#5651 = CARTESIAN_POINT('',(-4.95971104041,-162.7359322841));
#5652 = CARTESIAN_POINT('',(-4.941947588939,-162.6883460894));
#5653 = CARTESIAN_POINT('',(-4.924216643989,-162.6392114504));
#5654 = CARTESIAN_POINT('',(-4.906520175458,-162.588569504));
#5655 = CARTESIAN_POINT('',(-4.88886010242,-162.5364629897));
#5656 = CARTESIAN_POINT('',(-4.871238293126,-162.4829362499));
#5657 = CARTESIAN_POINT('',(-4.829458425164,-162.3524736831));
#5658 = CARTESIAN_POINT('',(-4.805335996257,-162.2743079979));
#5659 = CARTESIAN_POINT('',(-4.781294165211,-162.1936578036));
#5660 = CARTESIAN_POINT('',(-4.75733710919,-162.1106456048));
#5661 = CARTESIAN_POINT('',(-4.733468416803,-162.0253958872));
#5662 = CARTESIAN_POINT('',(-4.709691209315,-161.9380342258));
#5663 = CARTESIAN_POINT('',(-4.647186630336,-161.7022253675));
#5664 = CARTESIAN_POINT('',(-4.608618115335,-161.5504263949));
#5665 = CARTESIAN_POINT('',(-4.570313539788,-161.3938402617));
#5666 = CARTESIAN_POINT('',(-4.532278227075,-161.2330043115));
#5667 = CARTESIAN_POINT('',(-4.494512510002,-161.0684340551));
#5668 = CARTESIAN_POINT('',(-4.457012239788,-160.9006147829));
#5669 = CARTESIAN_POINT('',(-4.41976929504,-160.7299931766));
#5670 = ( GEOMETRIC_REPRESENTATION_CONTEXT(2) 
PARAMETRIC_REPRESENTATION_CONTEXT() REPRESENTATION_CONTEXT('2D SPACE',''
  ) );
#5671 = PCURVE('',#5672,#5677);
#5672 = B_SPLINE_SURFACE_WITH_KNOTS('',1,1,(
    (#5673,#5674)
    ,(#5675,#5676
    )),.UNSPECIFIED.,.F.,.F.,.F.,(2,2),(2,2),(0.,80.044487630317),(0.,1.
    ),.PIECEWISE_BEZIER_KNOTS.);
#5673 = CARTESIAN_POINT('',(5.686373822957E-15,56.6,162.25994949366));
#5674 = CARTESIAN_POINT('',(4.897300288829E-15,47.393398282202,168.77));
#5675 = CARTESIAN_POINT('',(-56.6,5.862415192719E-15,162.25994949366));
#5676 = CARTESIAN_POINT('',(-47.3933982822,2.376014251686E-15,168.77));
#5677 = DEFINITIONAL_REPRESENTATION('',(#5678),#5723);
#5678 = B_SPLINE_CURVE_WITH_KNOTS('',7,(#5679,#5680,#5681,#5682,#5683,
    #5684,#5685,#5686,#5687,#5688,#5689,#5690,#5691,#5692,#5693,#5694,
    #5695,#5696,#5697,#5698,#5699,#5700,#5701,#5702,#5703,#5704,#5705,
    #5706,#5707,#5708,#5709,#5710,#5711,#5712,#5713,#5714,#5715,#5716,
    #5717,#5718,#5719,#5720,#5721,#5722),.UNSPECIFIED.,.F.,.F.,(8,6,6,6,
    6,6,6,8),(0.,8.786696249528E-02,0.150997509636,0.417739850929,
    0.691966071402,0.758461268324,0.849980148787,1.),.UNSPECIFIED.);
#5679 = CARTESIAN_POINT('',(36.080659196999,0.41274729987));
#5680 = CARTESIAN_POINT('',(36.161757885123,0.425637923613));
#5681 = CARTESIAN_POINT('',(36.246214836492,0.43823327285));
#5682 = CARTESIAN_POINT('',(36.334000454966,0.450516200712));
#5683 = CARTESIAN_POINT('',(36.425072433908,0.46246968988));
#5684 = CARTESIAN_POINT('',(36.519374559362,0.474076960642));
#5685 = CARTESIAN_POINT('',(36.616835513235,0.485321578954));
#5686 = CARTESIAN_POINT('',(36.78959790147,0.503994544435));
#5687 = CARTESIAN_POINT('',(36.863413958811,0.511606127448));
#5688 = CARTESIAN_POINT('',(36.938783592372,0.519016385363));
#5689 = CARTESIAN_POINT('',(37.015670810217,0.526219604653));
#5690 = CARTESIAN_POINT('',(37.0940358846,0.533210286445));
#5691 = CARTESIAN_POINT('',(37.173835351965,0.539983146519));
#5692 = CARTESIAN_POINT('',(37.598055948385,0.574208370612));
#5693 = CARTESIAN_POINT('',(37.966010064394,0.597917026533));
#5694 = CARTESIAN_POINT('',(38.355059395186,0.617247535016));
#5695 = CARTESIAN_POINT('',(38.760599086734,0.631928290131));
#5696 = CARTESIAN_POINT('',(39.177455954096,0.641780607107));
#5697 = CARTESIAN_POINT('',(39.60003337502,0.646701602933));
#5698 = CARTESIAN_POINT('',(40.456599193611,0.646698614466));
#5699 = CARTESIAN_POINT('',(40.891059567421,0.641494530865));
#5700 = CARTESIAN_POINT('',(41.319290838177,0.631077335995));
#5701 = CARTESIAN_POINT('',(41.735212435437,0.615563083867));
#5702 = CARTESIAN_POINT('',(42.133233197908,0.595151421417));
#5703 = CARTESIAN_POINT('',(42.50841797332,0.570145756499));
#5704 = CARTESIAN_POINT('',(42.941190019212,0.533940986646));
#5705 = CARTESIAN_POINT('',(43.024080308758,0.526631336029));
#5706 = CARTESIAN_POINT('',(43.105347891714,0.519083830994));
#5707 = CARTESIAN_POINT('',(43.184944241975,0.511304790514));
#5708 = CARTESIAN_POINT('',(43.262825504513,0.503300779755));
#5709 = CARTESIAN_POINT('',(43.338952495377,0.495078610083));
#5710 = CARTESIAN_POINT('',(43.515604097728,0.475038432723));
#5711 = CARTESIAN_POINT('',(43.6145299913,0.463031508175));
#5712 = CARTESIAN_POINT('',(43.709977663684,0.450642941582));
#5713 = CARTESIAN_POINT('',(43.801875595453,0.437891550669));
#5714 = CARTESIAN_POINT('',(43.890169864928,0.424796457559));
#5715 = CARTESIAN_POINT('',(43.974822546637,0.411376951614));
#5716 = CARTESIAN_POINT('',(44.188566783675,0.375154673762));
#5717 = CARTESIAN_POINT('',(44.311475570467,0.351837040135));
#5718 = CARTESIAN_POINT('',(44.424437574901,0.327784057279));
#5719 = CARTESIAN_POINT('',(44.527465625461,0.303078265818));
#5720 = CARTESIAN_POINT('',(44.620660386931,0.277798852676));
#5721 = CARTESIAN_POINT('',(44.704186472963,0.252020362626));
#5722 = CARTESIAN_POINT('',(44.778248558652,0.225811409848));
#5723 = ( GEOMETRIC_REPRESENTATION_CONTEXT(2) 
PARAMETRIC_REPRESENTATION_CONTEXT() REPRESENTATION_CONTEXT('2D SPACE',''
  ) );
#5724 = ORIENTED_EDGE('',*,*,#5725,.T.);
#5725 = EDGE_CURVE('',#5575,#5726,#5728,.T.);
#5726 = VERTEX_POINT('',#5727);
#5727 = CARTESIAN_POINT('',(-23.89705967113,28.,159.27));
#5728 = SURFACE_CURVE('',#5729,(#5733,#5739),.PCURVE_S1.);
#5729 = LINE('',#5730,#5731);
#5730 = CARTESIAN_POINT('',(-23.89705967113,28.,3.));
#5731 = VECTOR('',#5732,1.);
#5732 = DIRECTION('',(-0.,-0.,-1.));
#5733 = PCURVE('',#3305,#5734);
#5734 = DEFINITIONAL_REPRESENTATION('',(#5735),#5738);
#5735 = B_SPLINE_CURVE_WITH_KNOTS('',1,(#5736,#5737),.UNSPECIFIED.,.F.,
  .F.,(2,2),(-168.2700006,-155.07),.PIECEWISE_BEZIER_KNOTS.);
#5736 = CARTESIAN_POINT('',(-6.089672114669,-168.2700006));
#5737 = CARTESIAN_POINT('',(-6.089672114669,-155.07));
#5738 = ( GEOMETRIC_REPRESENTATION_CONTEXT(2) 
PARAMETRIC_REPRESENTATION_CONTEXT() REPRESENTATION_CONTEXT('2D SPACE',''
  ) );
#5739 = PCURVE('',#5155,#5740);
#5740 = DEFINITIONAL_REPRESENTATION('',(#5741),#5744);
#5741 = B_SPLINE_CURVE_WITH_KNOTS('',1,(#5742,#5743),.UNSPECIFIED.,.F.,
  .F.,(2,2),(-168.2700006,-155.07),.PIECEWISE_BEZIER_KNOTS.);
#5742 = CARTESIAN_POINT('',(51.897059671131,-12.0000006));
#5743 = CARTESIAN_POINT('',(51.897059671131,1.2));
#5744 = ( GEOMETRIC_REPRESENTATION_CONTEXT(2) 
PARAMETRIC_REPRESENTATION_CONTEXT() REPRESENTATION_CONTEXT('2D SPACE',''
  ) );
#5745 = ORIENTED_EDGE('',*,*,#5746,.F.);
#5746 = EDGE_CURVE('',#5422,#5726,#5747,.T.);
#5747 = SURFACE_CURVE('',#5748,(#5761,#5790),.PCURVE_S1.);
#5748 = B_SPLINE_CURVE_WITH_KNOTS('',5,(#5749,#5750,#5751,#5752,#5753,
    #5754,#5755,#5756,#5757,#5758,#5759,#5760),.UNSPECIFIED.,.F.,.F.,(6,
    4,2,6),(0.,0.494495991854,1.,1.71231134673),.UNSPECIFIED.);
#5749 = CARTESIAN_POINT('',(-24.02104428619,30.5,156.77));
#5750 = CARTESIAN_POINT('',(-23.97532561893,30.348245853615,
    156.92175414638));
#5751 = CARTESIAN_POINT('',(-23.93604547881,30.196930400476,
    157.07306959952));
#5752 = CARTESIAN_POINT('',(-23.9029118909,30.046286319121,
    157.22371368087));
#5753 = CARTESIAN_POINT('',(-23.87566037917,29.896512181868,
    157.37348781813));
#5754 = CARTESIAN_POINT('',(-23.83195170162,29.595721752772,
    157.67427824722));
#5755 = CARTESIAN_POINT('',(-23.81574837527,29.444753986907,
    157.82524601309));
#5756 = CARTESIAN_POINT('',(-23.79028120456,29.084091702928,
    158.18590829707));
#5757 = CARTESIAN_POINT('',(-23.79612090216,28.731629733416,
    158.53837026658));
#5758 = CARTESIAN_POINT('',(-23.83022900468,28.389188532163,
    158.88081146783));
#5759 = CARTESIAN_POINT('',(-23.8593138525,28.192614660092,
    159.0773853399));
#5760 = CARTESIAN_POINT('',(-23.89705967113,28.,159.27));
#5761 = PCURVE('',#3305,#5762);
#5762 = DEFINITIONAL_REPRESENTATION('',(#5763),#5789);
#5763 = B_SPLINE_CURVE_WITH_KNOTS('',3,(#5764,#5765,#5766,#5767,#5768,
    #5769,#5770,#5771,#5772,#5773,#5774,#5775,#5776,#5777,#5778,#5779,
    #5780,#5781,#5782,#5783,#5784,#5785,#5786,#5787,#5788),
  .UNSPECIFIED.,.F.,.F.,(4,1,1,1,1,1,1,1,1,1,1,1,1,1,1,1,1,1,1,1,1,1,4),
  (0.,7.783233394227E-02,0.155664667885,0.233497001827,0.311329335769,
    0.389161669711,0.466994003654,0.544826337596,0.622658671538,
    0.70049100548,0.778323339423,0.856155673365,0.933988007307,
    1.01182034125,1.089652675192,1.167485009134,1.245317343076,
    1.323149677019,1.400982010961,1.478814344903,1.556646678845,
    1.634479012788,1.71231134673),.QUASI_UNIFORM_KNOTS.);
#5764 = CARTESIAN_POINT('',(-6.575804992524,-153.77));
#5765 = CARTESIAN_POINT('',(-6.567809470613,-153.8098096974));
#5766 = CARTESIAN_POINT('',(-6.551890650322,-153.8893558432));
#5767 = CARTESIAN_POINT('',(-6.528222084036,-154.0084048906));
#5768 = CARTESIAN_POINT('',(-6.504756056045,-154.1271323574));
#5769 = CARTESIAN_POINT('',(-6.48148585844,-154.2454902807));
#5770 = CARTESIAN_POINT('',(-6.458404995171,-154.3634329589));
#5771 = CARTESIAN_POINT('',(-6.435507181957,-154.4809172572));
#5772 = CARTESIAN_POINT('',(-6.412786283485,-154.5979025651));
#5773 = CARTESIAN_POINT('',(-6.390236562121,-154.7143493739));
#5774 = CARTESIAN_POINT('',(-6.367852318783,-154.8302209255));
#5775 = CARTESIAN_POINT('',(-6.345628115456,-154.945481866));
#5776 = CARTESIAN_POINT('',(-6.323558700055,-155.0600984921));
#5777 = CARTESIAN_POINT('',(-6.301638994297,-155.1740386623));
#5778 = CARTESIAN_POINT('',(-6.279864067091,-155.2872717907));
#5779 = CARTESIAN_POINT('',(-6.258229107297,-155.3997688474));
#5780 = CARTESIAN_POINT('',(-6.236729446983,-155.5115021045));
#5781 = CARTESIAN_POINT('',(-6.215360569513,-155.6224449794));
#5782 = CARTESIAN_POINT('',(-6.194118087298,-155.7325720396));
#5783 = CARTESIAN_POINT('',(-6.172997726555,-155.841858978));
#5784 = CARTESIAN_POINT('',(-6.151995310706,-155.9502825854));
#5785 = CARTESIAN_POINT('',(-6.131106747019,-156.0578207649));
#5786 = CARTESIAN_POINT('',(-6.110328006665,-156.164452382));
#5787 = CARTESIAN_POINT('',(-6.096546090939,-156.2349226143));
#5788 = CARTESIAN_POINT('',(-6.089672114669,-156.27));
#5789 = ( GEOMETRIC_REPRESENTATION_CONTEXT(2) 
PARAMETRIC_REPRESENTATION_CONTEXT() REPRESENTATION_CONTEXT('2D SPACE',''
  ) );
#5790 = PCURVE('',#5117,#5791);
#5791 = DEFINITIONAL_REPRESENTATION('',(#5792),#5818);
#5792 = B_SPLINE_CURVE_WITH_KNOTS('',3,(#5793,#5794,#5795,#5796,#5797,
    #5798,#5799,#5800,#5801,#5802,#5803,#5804,#5805,#5806,#5807,#5808,
    #5809,#5810,#5811,#5812,#5813,#5814,#5815,#5816,#5817),
  .UNSPECIFIED.,.F.,.F.,(4,1,1,1,1,1,1,1,1,1,1,1,1,1,1,1,1,1,1,1,1,1,4),
  (0.,7.783233394227E-02,0.155664667885,0.233497001827,0.311329335769,
    0.389161669711,0.466994003654,0.544826337596,0.622658671538,
    0.70049100548,0.778323339423,0.856155673365,0.933988007307,
    1.01182034125,1.089652675192,1.167485009134,1.245317343076,
    1.323149677019,1.400982010961,1.478814344903,1.556646678845,
    1.634479012788,1.71231134673),.QUASI_UNIFORM_KNOTS.);
#5793 = CARTESIAN_POINT('',(54.521044286198,0.));
#5794 = CARTESIAN_POINT('',(54.540404114262,1.592387896232E-02));
#5795 = CARTESIAN_POINT('',(54.580280994072,4.774233731049E-02));
#5796 = CARTESIAN_POINT('',(54.643499970714,9.536195627856E-02));
#5797 = CARTESIAN_POINT('',(54.71005372885,0.142852942982));
#5798 = CARTESIAN_POINT('',(54.779876407635,0.19019611231));
#5799 = CARTESIAN_POINT('',(54.852904041308,0.23737318358));
#5800 = CARTESIAN_POINT('',(54.929074789844,0.284366902915));
#5801 = CARTESIAN_POINT('',(55.008328790147,0.331161026077));
#5802 = CARTESIAN_POINT('',(55.090607258918,0.377739749595));
#5803 = CARTESIAN_POINT('',(55.17585363027,0.424088370217));
#5804 = CARTESIAN_POINT('',(55.264012324799,0.470192746439));
#5805 = CARTESIAN_POINT('',(55.355028998331,0.516039396872));
#5806 = CARTESIAN_POINT('',(55.448850477128,0.561615464926));
#5807 = CARTESIAN_POINT('',(55.545424769996,0.606908716314));
#5808 = CARTESIAN_POINT('',(55.644701103147,0.651907538986));
#5809 = CARTESIAN_POINT('',(55.746629597073,0.696600841806));
#5810 = CARTESIAN_POINT('',(55.851161063937,0.740977991788));
#5811 = CARTESIAN_POINT('',(55.958247030136,0.785028815872));
#5812 = CARTESIAN_POINT('',(56.067839718255,0.828743591218));
#5813 = CARTESIAN_POINT('',(56.179892034552,0.872113034163));
#5814 = CARTESIAN_POINT('',(56.2943575832,0.915128305994));
#5815 = CARTESIAN_POINT('',(56.411190575707,0.9577809528));
#5816 = CARTESIAN_POINT('',(56.490627618681,0.985969045723));
#5817 = CARTESIAN_POINT('',(56.530725713196,1.));
#5818 = ( GEOMETRIC_REPRESENTATION_CONTEXT(2) 
PARAMETRIC_REPRESENTATION_CONTEXT() REPRESENTATION_CONTEXT('2D SPACE',''
  ) );
#5819 = ORIENTED_EDGE('',*,*,#5443,.T.);
#5820 = ADVANCED_FACE('',(#5821),#3857,.F.);
#5821 = FACE_BOUND('',#5822,.F.);
#5822 = EDGE_LOOP('',(#5823,#5824,#5825,#5848));
#5823 = ORIENTED_EDGE('',*,*,#3841,.F.);
#5824 = ORIENTED_EDGE('',*,*,#4468,.T.);
#5825 = ORIENTED_EDGE('',*,*,#5826,.T.);
#5826 = EDGE_CURVE('',#4469,#5827,#5829,.T.);
#5827 = VERTEX_POINT('',#5828);
#5828 = CARTESIAN_POINT('',(24.5,11.7,138.42));
#5829 = SURFACE_CURVE('',#5830,(#5834,#5841),.PCURVE_S1.);
#5830 = LINE('',#5831,#5832);
#5831 = CARTESIAN_POINT('',(30.7,11.7,138.42));
#5832 = VECTOR('',#5833,1.);
#5833 = DIRECTION('',(-1.,0.,0.));
#5834 = PCURVE('',#3857,#5835);
#5835 = DEFINITIONAL_REPRESENTATION('',(#5836),#5840);
#5836 = LINE('',#5837,#5838);
#5837 = CARTESIAN_POINT('',(0.,-135.42));
#5838 = VECTOR('',#5839,1.);
#5839 = DIRECTION('',(1.,0.));
#5840 = ( GEOMETRIC_REPRESENTATION_CONTEXT(2) 
PARAMETRIC_REPRESENTATION_CONTEXT() REPRESENTATION_CONTEXT('2D SPACE',''
  ) );
#5841 = PCURVE('',#4505,#5842);
#5842 = DEFINITIONAL_REPRESENTATION('',(#5843),#5847);
#5843 = LINE('',#5844,#5845);
#5844 = CARTESIAN_POINT('',(3.1,9.4));
#5845 = VECTOR('',#5846,1.);
#5846 = DIRECTION('',(-1.,0.));
#5847 = ( GEOMETRIC_REPRESENTATION_CONTEXT(2) 
PARAMETRIC_REPRESENTATION_CONTEXT() REPRESENTATION_CONTEXT('2D SPACE',''
  ) );
#5848 = ORIENTED_EDGE('',*,*,#5849,.F.);
#5849 = EDGE_CURVE('',#3814,#5827,#5850,.T.);
#5850 = SURFACE_CURVE('',#5851,(#5855,#5862),.PCURVE_S1.);
#5851 = LINE('',#5852,#5853);
#5852 = CARTESIAN_POINT('',(24.5,11.7,3.));
#5853 = VECTOR('',#5854,1.);
#5854 = DIRECTION('',(0.,0.,1.));
#5855 = PCURVE('',#3857,#5856);
#5856 = DEFINITIONAL_REPRESENTATION('',(#5857),#5861);
#5857 = LINE('',#5858,#5859);
#5858 = CARTESIAN_POINT('',(6.2,0.));
#5859 = VECTOR('',#5860,1.);
#5860 = DIRECTION('',(0.,-1.));
#5861 = ( GEOMETRIC_REPRESENTATION_CONTEXT(2) 
PARAMETRIC_REPRESENTATION_CONTEXT() REPRESENTATION_CONTEXT('2D SPACE',''
  ) );
#5862 = PCURVE('',#3829,#5863);
#5863 = DEFINITIONAL_REPRESENTATION('',(#5864),#5868);
#5864 = LINE('',#5865,#5866);
#5865 = CARTESIAN_POINT('',(0.,0.));
#5866 = VECTOR('',#5867,1.);
#5867 = DIRECTION('',(0.,-1.));
#5868 = ( GEOMETRIC_REPRESENTATION_CONTEXT(2) 
PARAMETRIC_REPRESENTATION_CONTEXT() REPRESENTATION_CONTEXT('2D SPACE',''
  ) );
#5869 = ADVANCED_FACE('',(#5870,#5984),#3333,.T.);
#5870 = FACE_BOUND('',#5871,.T.);
#5871 = EDGE_LOOP('',(#5872,#5873,#5874,#5896,#5915,#5916,#5937,#5965));
#5872 = ORIENTED_EDGE('',*,*,#3317,.F.);
#5873 = ORIENTED_EDGE('',*,*,#5466,.F.);
#5874 = ORIENTED_EDGE('',*,*,#5875,.T.);
#5875 = EDGE_CURVE('',#5467,#5876,#5878,.T.);
#5876 = VERTEX_POINT('',#5877);
#5877 = CARTESIAN_POINT('',(-30.5,-24.02104428619,156.77));
#5878 = SURFACE_CURVE('',#5879,(#5883,#5890),.PCURVE_S1.);
#5879 = LINE('',#5880,#5881);
#5880 = CARTESIAN_POINT('',(-30.5,30.5,156.77));
#5881 = VECTOR('',#5882,1.);
#5882 = DIRECTION('',(0.,-1.,0.));
#5883 = PCURVE('',#3333,#5884);
#5884 = DEFINITIONAL_REPRESENTATION('',(#5885),#5889);
#5885 = LINE('',#5886,#5887);
#5886 = CARTESIAN_POINT('',(0.,-153.77));
#5887 = VECTOR('',#5888,1.);
#5888 = DIRECTION('',(1.,0.));
#5889 = ( GEOMETRIC_REPRESENTATION_CONTEXT(2) 
PARAMETRIC_REPRESENTATION_CONTEXT() REPRESENTATION_CONTEXT('2D SPACE',''
  ) );
#5890 = PCURVE('',#5525,#5891);
#5891 = DEFINITIONAL_REPRESENTATION('',(#5892),#5895);
#5892 = B_SPLINE_CURVE_WITH_KNOTS('',1,(#5893,#5894),.UNSPECIFIED.,.F.,
  .F.,(2,2),(0.,61.),.PIECEWISE_BEZIER_KNOTS.);
#5893 = CARTESIAN_POINT('',(0.,0.));
#5894 = CARTESIAN_POINT('',(61.,0.));
#5895 = ( GEOMETRIC_REPRESENTATION_CONTEXT(2) 
PARAMETRIC_REPRESENTATION_CONTEXT() REPRESENTATION_CONTEXT('2D SPACE',''
  ) );
#5896 = ORIENTED_EDGE('',*,*,#5897,.T.);
#5897 = EDGE_CURVE('',#5876,#3542,#5898,.T.);
#5898 = SURFACE_CURVE('',#5899,(#5903,#5909),.PCURVE_S1.);
#5899 = LINE('',#5900,#5901);
#5900 = CARTESIAN_POINT('',(-30.5,-24.02104428619,3.));
#5901 = VECTOR('',#5902,1.);
#5902 = DIRECTION('',(-0.,-0.,-1.));
#5903 = PCURVE('',#3333,#5904);
#5904 = DEFINITIONAL_REPRESENTATION('',(#5905),#5908);
#5905 = B_SPLINE_CURVE_WITH_KNOTS('',1,(#5906,#5907),.UNSPECIFIED.,.F.,
  .F.,(2,2),(-168.2700006,5.999999999062E-07),.PIECEWISE_BEZIER_KNOTS.);
#5906 = CARTESIAN_POINT('',(54.521044286198,-168.2700006));
#5907 = CARTESIAN_POINT('',(54.521044286198,5.999999999062E-07));
#5908 = ( GEOMETRIC_REPRESENTATION_CONTEXT(2) 
PARAMETRIC_REPRESENTATION_CONTEXT() REPRESENTATION_CONTEXT('2D SPACE',''
  ) );
#5909 = PCURVE('',#3581,#5910);
#5910 = DEFINITIONAL_REPRESENTATION('',(#5911),#5914);
#5911 = B_SPLINE_CURVE_WITH_KNOTS('',1,(#5912,#5913),.UNSPECIFIED.,.F.,
  .F.,(2,2),(-168.2700006,5.999999999062E-07),.PIECEWISE_BEZIER_KNOTS.);
#5912 = CARTESIAN_POINT('',(-8.146601319319,-168.2700006));
#5913 = CARTESIAN_POINT('',(-8.146601319319,5.999999999062E-07));
#5914 = ( GEOMETRIC_REPRESENTATION_CONTEXT(2) 
PARAMETRIC_REPRESENTATION_CONTEXT() REPRESENTATION_CONTEXT('2D SPACE',''
  ) );
#5915 = ORIENTED_EDGE('',*,*,#3541,.F.);
#5916 = ORIENTED_EDGE('',*,*,#5917,.T.);
#5917 = EDGE_CURVE('',#3514,#5918,#5920,.T.);
#5918 = VERTEX_POINT('',#5919);
#5919 = CARTESIAN_POINT('',(-30.5,0.3,138.42));
#5920 = SURFACE_CURVE('',#5921,(#5925,#5931),.PCURVE_S1.);
#5921 = LINE('',#5922,#5923);
#5922 = CARTESIAN_POINT('',(-30.5,0.3,3.));
#5923 = VECTOR('',#5924,1.);
#5924 = DIRECTION('',(0.,-0.,1.));
#5925 = PCURVE('',#3333,#5926);
#5926 = DEFINITIONAL_REPRESENTATION('',(#5927),#5930);
#5927 = B_SPLINE_CURVE_WITH_KNOTS('',1,(#5928,#5929),.UNSPECIFIED.,.F.,
  .F.,(2,2),(0.,135.42),.PIECEWISE_BEZIER_KNOTS.);
#5928 = CARTESIAN_POINT('',(30.2,0.));
#5929 = CARTESIAN_POINT('',(30.2,-135.42));
#5930 = ( GEOMETRIC_REPRESENTATION_CONTEXT(2) 
PARAMETRIC_REPRESENTATION_CONTEXT() REPRESENTATION_CONTEXT('2D SPACE',''
  ) );
#5931 = PCURVE('',#3529,#5932);
#5932 = DEFINITIONAL_REPRESENTATION('',(#5933),#5936);
#5933 = B_SPLINE_CURVE_WITH_KNOTS('',1,(#5934,#5935),.UNSPECIFIED.,.F.,
  .F.,(2,2),(0.,135.42),.PIECEWISE_BEZIER_KNOTS.);
#5934 = CARTESIAN_POINT('',(0.2,0.));
#5935 = CARTESIAN_POINT('',(0.2,-135.42));
#5936 = ( GEOMETRIC_REPRESENTATION_CONTEXT(2) 
PARAMETRIC_REPRESENTATION_CONTEXT() REPRESENTATION_CONTEXT('2D SPACE',''
  ) );
#5937 = ORIENTED_EDGE('',*,*,#5938,.T.);
#5938 = EDGE_CURVE('',#5918,#5939,#5941,.T.);
#5939 = VERTEX_POINT('',#5940);
#5940 = CARTESIAN_POINT('',(-30.5,11.7,138.42));
#5941 = SURFACE_CURVE('',#5942,(#5946,#5953),.PCURVE_S1.);
#5942 = LINE('',#5943,#5944);
#5943 = CARTESIAN_POINT('',(-30.5,0.3,138.42));
#5944 = VECTOR('',#5945,1.);
#5945 = DIRECTION('',(0.,1.,0.));
#5946 = PCURVE('',#3333,#5947);
#5947 = DEFINITIONAL_REPRESENTATION('',(#5948),#5952);
#5948 = LINE('',#5949,#5950);
#5949 = CARTESIAN_POINT('',(30.2,-135.42));
#5950 = VECTOR('',#5951,1.);
#5951 = DIRECTION('',(-1.,0.));
#5952 = ( GEOMETRIC_REPRESENTATION_CONTEXT(2) 
PARAMETRIC_REPRESENTATION_CONTEXT() REPRESENTATION_CONTEXT('2D SPACE',''
  ) );
#5953 = PCURVE('',#5954,#5959);
#5954 = PLANE('',#5955);
#5955 = AXIS2_PLACEMENT_3D('',#5956,#5957,#5958);
#5956 = CARTESIAN_POINT('',(-27.6,9.7,138.42));
#5957 = DIRECTION('',(0.,0.,1.));
#5958 = DIRECTION('',(1.,0.,-0.));
#5959 = DEFINITIONAL_REPRESENTATION('',(#5960),#5964);
#5960 = LINE('',#5961,#5962);
#5961 = CARTESIAN_POINT('',(-2.9,-9.4));
#5962 = VECTOR('',#5963,1.);
#5963 = DIRECTION('',(0.,1.));
#5964 = ( GEOMETRIC_REPRESENTATION_CONTEXT(2) 
PARAMETRIC_REPRESENTATION_CONTEXT() REPRESENTATION_CONTEXT('2D SPACE',''
  ) );
#5965 = ORIENTED_EDGE('',*,*,#5966,.T.);
#5966 = EDGE_CURVE('',#5939,#3318,#5967,.T.);
#5967 = SURFACE_CURVE('',#5968,(#5972,#5978),.PCURVE_S1.);
#5968 = LINE('',#5969,#5970);
#5969 = CARTESIAN_POINT('',(-30.5,11.7,3.));
#5970 = VECTOR('',#5971,1.);
#5971 = DIRECTION('',(0.,-0.,-1.));
#5972 = PCURVE('',#3333,#5973);
#5973 = DEFINITIONAL_REPRESENTATION('',(#5974),#5977);
#5974 = B_SPLINE_CURVE_WITH_KNOTS('',1,(#5975,#5976),.UNSPECIFIED.,.F.,
  .F.,(2,2),(-135.42,0.),.PIECEWISE_BEZIER_KNOTS.);
#5975 = CARTESIAN_POINT('',(18.8,-135.42));
#5976 = CARTESIAN_POINT('',(18.8,0.));
#5977 = ( GEOMETRIC_REPRESENTATION_CONTEXT(2) 
PARAMETRIC_REPRESENTATION_CONTEXT() REPRESENTATION_CONTEXT('2D SPACE',''
  ) );
#5978 = PCURVE('',#3361,#5979);
#5979 = DEFINITIONAL_REPRESENTATION('',(#5980),#5983);
#5980 = B_SPLINE_CURVE_WITH_KNOTS('',1,(#5981,#5982),.UNSPECIFIED.,.F.,
  .F.,(2,2),(-135.42,0.),.PIECEWISE_BEZIER_KNOTS.);
#5981 = CARTESIAN_POINT('',(6.,-135.42));
#5982 = CARTESIAN_POINT('',(6.,0.));
#5983 = ( GEOMETRIC_REPRESENTATION_CONTEXT(2) 
PARAMETRIC_REPRESENTATION_CONTEXT() REPRESENTATION_CONTEXT('2D SPACE',''
  ) );
#5984 = FACE_BOUND('',#5985,.T.);
#5985 = EDGE_LOOP('',(#5986,#6015,#6215,#6241,#6446,#6468));
#5986 = ORIENTED_EDGE('',*,*,#5987,.T.);
#5987 = EDGE_CURVE('',#5988,#5990,#5992,.T.);
#5988 = VERTEX_POINT('',#5989);
#5989 = CARTESIAN_POINT('',(-30.5,-8.5,138.42));
#5990 = VERTEX_POINT('',#5991);
#5991 = CARTESIAN_POINT('',(-30.5,-8.5,126.42));
#5992 = SURFACE_CURVE('',#5993,(#5997,#6003),.PCURVE_S1.);
#5993 = LINE('',#5994,#5995);
#5994 = CARTESIAN_POINT('',(-30.5,-8.5,64.71));
#5995 = VECTOR('',#5996,1.);
#5996 = DIRECTION('',(0.,-0.,-1.));
#5997 = PCURVE('',#3333,#5998);
#5998 = DEFINITIONAL_REPRESENTATION('',(#5999),#6002);
#5999 = B_SPLINE_CURVE_WITH_KNOTS('',1,(#6000,#6001),.UNSPECIFIED.,.F.,
  .F.,(2,2),(-73.71,-61.71),.PIECEWISE_BEZIER_KNOTS.);
#6000 = CARTESIAN_POINT('',(39.,-135.42));
#6001 = CARTESIAN_POINT('',(39.,-123.42));
#6002 = ( GEOMETRIC_REPRESENTATION_CONTEXT(2) 
PARAMETRIC_REPRESENTATION_CONTEXT() REPRESENTATION_CONTEXT('2D SPACE',''
  ) );
#6003 = PCURVE('',#6004,#6009);
#6004 = PLANE('',#6005);
#6005 = AXIS2_PLACEMENT_3D('',#6006,#6007,#6008);
#6006 = CARTESIAN_POINT('',(-20.25,-8.5,126.42));
#6007 = DIRECTION('',(0.,-1.,0.));
#6008 = DIRECTION('',(-1.,0.,0.));
#6009 = DEFINITIONAL_REPRESENTATION('',(#6010),#6014);
#6010 = LINE('',#6011,#6012);
#6011 = CARTESIAN_POINT('',(10.25,61.71));
#6012 = VECTOR('',#6013,1.);
#6013 = DIRECTION('',(0.,1.));
#6014 = ( GEOMETRIC_REPRESENTATION_CONTEXT(2) 
PARAMETRIC_REPRESENTATION_CONTEXT() REPRESENTATION_CONTEXT('2D SPACE',''
  ) );
#6015 = ORIENTED_EDGE('',*,*,#6016,.F.);
#6016 = EDGE_CURVE('',#6017,#5990,#6019,.T.);
#6017 = VERTEX_POINT('',#6018);
#6018 = CARTESIAN_POINT('',(-30.5,-8.5,113.67));
#6019 = SURFACE_CURVE('',#6020,(#6083,#6149),.PCURVE_S1.);
#6020 = B_SPLINE_CURVE_WITH_KNOTS('',7,(#6021,#6022,#6023,#6024,#6025,
    #6026,#6027,#6028,#6029,#6030,#6031,#6032,#6033,#6034,#6035,#6036,
    #6037,#6038,#6039,#6040,#6041,#6042,#6043,#6044,#6045,#6046,#6047,
    #6048,#6049,#6050,#6051,#6052,#6053,#6054,#6055,#6056,#6057,#6058,
    #6059,#6060,#6061,#6062,#6063,#6064,#6065,#6066,#6067,#6068,#6069,
    #6070,#6071,#6072,#6073,#6074,#6075,#6076,#6077,#6078,#6079,#6080,
    #6081,#6082),.UNSPECIFIED.,.F.,.F.,(8,6,6,6,6,6,6,6,6,6,8),(0.,
    8.771460013206E-02,0.16534817973,0.193644560633,0.233073696283,
    0.261145460562,0.337719789476,0.438159918262,0.579812109369,
    0.783440032344,1.),.UNSPECIFIED.);
#6021 = CARTESIAN_POINT('',(-30.5,-8.5,113.67));
#6022 = CARTESIAN_POINT('',(-30.5,-8.5,113.68931264508));
#6023 = CARTESIAN_POINT('',(-30.5,-8.5,113.7107044745));
#6024 = CARTESIAN_POINT('',(-30.5,-8.5,113.73458027451));
#6025 = CARTESIAN_POINT('',(-30.5,-8.5,113.76146111172));
#6026 = CARTESIAN_POINT('',(-30.5,-8.5,113.79205827301));
#6027 = CARTESIAN_POINT('',(-30.5,-8.5,113.82734406574));
#6028 = CARTESIAN_POINT('',(-30.5,-8.5,113.90569170876));
#6029 = CARTESIAN_POINT('',(-30.5,-8.5,113.9473379942));
#6030 = CARTESIAN_POINT('',(-30.5,-8.5,113.99497971919));
#6031 = CARTESIAN_POINT('',(-30.5,-8.5,114.05007632389));
#6032 = CARTESIAN_POINT('',(-30.5,-8.5,114.11437136934));
#6033 = CARTESIAN_POINT('',(-30.5,-8.5,114.19022761761));
#6034 = CARTESIAN_POINT('',(-30.5,-8.5,114.31159380695));
#6035 = CARTESIAN_POINT('',(-30.5,-8.5,114.34572833927));
#6036 = CARTESIAN_POINT('',(-30.5,-8.5,114.38162653495));
#6037 = CARTESIAN_POINT('',(-30.5,-8.5,114.41931558437));
#6038 = CARTESIAN_POINT('',(-30.5,-8.5,114.4587925026));
#6039 = CARTESIAN_POINT('',(-30.5,-8.5,114.50001565499));
#6040 = CARTESIAN_POINT('',(-30.5,-8.5,114.60264760213));
#6041 = CARTESIAN_POINT('',(-30.5,-8.5,114.66563746758));
#6042 = CARTESIAN_POINT('',(-30.5,-8.5,114.7316234177));
#6043 = CARTESIAN_POINT('',(-30.5,-8.5,114.80028217011));
#6044 = CARTESIAN_POINT('',(-30.5,-8.5,114.87124664884));
#6045 = CARTESIAN_POINT('',(-30.5,-8.5,114.94414301164));
#6046 = CARTESIAN_POINT('',(-30.5,-8.5,115.0716573962));
#6047 = CARTESIAN_POINT('',(-30.5,-8.5,115.12550352001));
#6048 = CARTESIAN_POINT('',(-30.5,-8.5,115.18005719108));
#6049 = CARTESIAN_POINT('',(-30.5,-8.5,115.23521995354));
#6050 = CARTESIAN_POINT('',(-30.5,-8.5,115.29090567514));
#6051 = CARTESIAN_POINT('',(-30.5,-8.5,115.34704246909));
#6052 = CARTESIAN_POINT('',(-30.5,-8.5,115.55778334895));
#6053 = CARTESIAN_POINT('',(-30.5,-8.5,115.71480560798));
#6054 = CARTESIAN_POINT('',(-30.5,-8.5,115.87366908687));
#6055 = CARTESIAN_POINT('',(-30.5,-8.5,116.03369347953));
#6056 = CARTESIAN_POINT('',(-30.5,-8.5,116.19445305156));
#6057 = CARTESIAN_POINT('',(-30.5,-8.5,116.35574872009));
#6058 = CARTESIAN_POINT('',(-30.5,-8.5,116.72987126788));
#6059 = CARTESIAN_POINT('',(-30.5,-8.5,116.9428801372));
#6060 = CARTESIAN_POINT('',(-30.5,-8.5,117.1563515784));
#6061 = CARTESIAN_POINT('',(-30.5,-8.5,117.37011898254));
#6062 = CARTESIAN_POINT('',(-30.5,-8.5,117.58407772337));
#6063 = CARTESIAN_POINT('',(-30.5,-8.5,117.79818108679));
#6064 = CARTESIAN_POINT('',(-30.5,-8.5,118.31459450892));
#6065 = CARTESIAN_POINT('',(-30.5,-8.5,118.61698406559));
#6066 = CARTESIAN_POINT('',(-30.5,-8.5,118.91951798231));
#6067 = CARTESIAN_POINT('',(-30.5,-8.5,119.22214476429));
#6068 = CARTESIAN_POINT('',(-30.5,-8.5,119.52483193004));
#6069 = CARTESIAN_POINT('',(-30.5,-8.5,119.82756506391));
#6070 = CARTESIAN_POINT('',(-30.5,-8.5,120.56559764838));
#6071 = CARTESIAN_POINT('',(-30.5,-8.5,121.00092534191));
#6072 = CARTESIAN_POINT('',(-30.5,-8.5,121.43630064288));
#6073 = CARTESIAN_POINT('',(-30.5,-8.5,121.87170657843));
#6074 = CARTESIAN_POINT('',(-30.5,-8.5,122.30713243754));
#6075 = CARTESIAN_POINT('',(-30.5,-8.5,122.7425734849));
#6076 = CARTESIAN_POINT('',(-30.5,-8.5,123.64114167503));
#6077 = CARTESIAN_POINT('',(-30.5,-8.5,124.10426712749));
#6078 = CARTESIAN_POINT('',(-30.5,-8.5,124.56740244975));
#6079 = CARTESIAN_POINT('',(-30.5,-8.5,125.0305448873));
#6080 = CARTESIAN_POINT('',(-30.5,-8.5,125.49369258358));
#6081 = CARTESIAN_POINT('',(-30.5,-8.5,125.95684442031));
#6082 = CARTESIAN_POINT('',(-30.5,-8.5,126.42));
#6083 = PCURVE('',#3333,#6084);
#6084 = DEFINITIONAL_REPRESENTATION('',(#6085),#6148);
#6085 = B_SPLINE_CURVE_WITH_KNOTS('',7,(#6086,#6087,#6088,#6089,#6090,
    #6091,#6092,#6093,#6094,#6095,#6096,#6097,#6098,#6099,#6100,#6101,
    #6102,#6103,#6104,#6105,#6106,#6107,#6108,#6109,#6110,#6111,#6112,
    #6113,#6114,#6115,#6116,#6117,#6118,#6119,#6120,#6121,#6122,#6123,
    #6124,#6125,#6126,#6127,#6128,#6129,#6130,#6131,#6132,#6133,#6134,
    #6135,#6136,#6137,#6138,#6139,#6140,#6141,#6142,#6143,#6144,#6145,
    #6146,#6147),.UNSPECIFIED.,.F.,.F.,(8,6,6,6,6,6,6,6,6,6,8),(0.,
    8.771460013206E-02,0.16534817973,0.193644560633,0.233073696283,
    0.261145460562,0.337719789476,0.438159918262,0.579812109369,
    0.783440032344,1.),.UNSPECIFIED.);
#6086 = CARTESIAN_POINT('',(39.,-110.67));
#6087 = CARTESIAN_POINT('',(39.,-110.689312645));
#6088 = CARTESIAN_POINT('',(39.,-110.7107044745));
#6089 = CARTESIAN_POINT('',(39.,-110.7345802745));
#6090 = CARTESIAN_POINT('',(39.,-110.7614611117));
#6091 = CARTESIAN_POINT('',(39.,-110.792058273));
#6092 = CARTESIAN_POINT('',(39.,-110.8273440657));
#6093 = CARTESIAN_POINT('',(39.,-110.9056917087));
#6094 = CARTESIAN_POINT('',(39.,-110.9473379942));
#6095 = CARTESIAN_POINT('',(39.,-110.9949797191));
#6096 = CARTESIAN_POINT('',(39.,-111.0500763238));
#6097 = CARTESIAN_POINT('',(39.,-111.1143713693));
#6098 = CARTESIAN_POINT('',(39.,-111.1902276176));
#6099 = CARTESIAN_POINT('',(39.,-111.3115938069));
#6100 = CARTESIAN_POINT('',(39.,-111.3457283392));
#6101 = CARTESIAN_POINT('',(39.,-111.3816265349));
#6102 = CARTESIAN_POINT('',(39.,-111.4193155843));
#6103 = CARTESIAN_POINT('',(39.,-111.4587925026));
#6104 = CARTESIAN_POINT('',(39.,-111.5000156549));
#6105 = CARTESIAN_POINT('',(39.,-111.6026476021));
#6106 = CARTESIAN_POINT('',(39.,-111.6656374675));
#6107 = CARTESIAN_POINT('',(39.,-111.7316234177));
#6108 = CARTESIAN_POINT('',(39.,-111.8002821701));
#6109 = CARTESIAN_POINT('',(39.,-111.8712466488));
#6110 = CARTESIAN_POINT('',(39.,-111.9441430116));
#6111 = CARTESIAN_POINT('',(39.,-112.0716573962));
#6112 = CARTESIAN_POINT('',(39.,-112.12550352));
#6113 = CARTESIAN_POINT('',(39.,-112.180057191));
#6114 = CARTESIAN_POINT('',(39.,-112.2352199535));
#6115 = CARTESIAN_POINT('',(39.,-112.2909056751));
#6116 = CARTESIAN_POINT('',(39.,-112.347042469));
#6117 = CARTESIAN_POINT('',(39.,-112.5577833489));
#6118 = CARTESIAN_POINT('',(39.,-112.7148056079));
#6119 = CARTESIAN_POINT('',(39.,-112.8736690868));
#6120 = CARTESIAN_POINT('',(39.,-113.0336934795));
#6121 = CARTESIAN_POINT('',(39.,-113.1944530515));
#6122 = CARTESIAN_POINT('',(39.,-113.35574872));
#6123 = CARTESIAN_POINT('',(39.,-113.7298712678));
#6124 = CARTESIAN_POINT('',(39.,-113.9428801372));
#6125 = CARTESIAN_POINT('',(39.,-114.1563515784));
#6126 = CARTESIAN_POINT('',(39.,-114.3701189825));
#6127 = CARTESIAN_POINT('',(39.,-114.5840777233));
#6128 = CARTESIAN_POINT('',(39.,-114.7981810867));
#6129 = CARTESIAN_POINT('',(39.,-115.3145945089));
#6130 = CARTESIAN_POINT('',(39.,-115.6169840655));
#6131 = CARTESIAN_POINT('',(39.,-115.9195179823));
#6132 = CARTESIAN_POINT('',(39.,-116.2221447642));
#6133 = CARTESIAN_POINT('',(39.,-116.52483193));
#6134 = CARTESIAN_POINT('',(39.,-116.8275650639));
#6135 = CARTESIAN_POINT('',(39.,-117.5655976483));
#6136 = CARTESIAN_POINT('',(39.,-118.0009253419));
#6137 = CARTESIAN_POINT('',(39.,-118.4363006428));
#6138 = CARTESIAN_POINT('',(39.,-118.8717065784));
#6139 = CARTESIAN_POINT('',(39.,-119.3071324375));
#6140 = CARTESIAN_POINT('',(39.,-119.7425734849));
#6141 = CARTESIAN_POINT('',(39.,-120.641141675));
#6142 = CARTESIAN_POINT('',(39.,-121.1042671274));
#6143 = CARTESIAN_POINT('',(39.,-121.5674024497));
#6144 = CARTESIAN_POINT('',(39.,-122.0305448873));
#6145 = CARTESIAN_POINT('',(39.,-122.4936925835));
#6146 = CARTESIAN_POINT('',(39.,-122.9568444203));
#6147 = CARTESIAN_POINT('',(39.,-123.42));
#6148 = ( GEOMETRIC_REPRESENTATION_CONTEXT(2) 
PARAMETRIC_REPRESENTATION_CONTEXT() REPRESENTATION_CONTEXT('2D SPACE',''
  ) );
#6149 = PCURVE('',#6004,#6150);
#6150 = DEFINITIONAL_REPRESENTATION('',(#6151),#6214);
#6151 = B_SPLINE_CURVE_WITH_KNOTS('',7,(#6152,#6153,#6154,#6155,#6156,
    #6157,#6158,#6159,#6160,#6161,#6162,#6163,#6164,#6165,#6166,#6167,
    #6168,#6169,#6170,#6171,#6172,#6173,#6174,#6175,#6176,#6177,#6178,
    #6179,#6180,#6181,#6182,#6183,#6184,#6185,#6186,#6187,#6188,#6189,
    #6190,#6191,#6192,#6193,#6194,#6195,#6196,#6197,#6198,#6199,#6200,
    #6201,#6202,#6203,#6204,#6205,#6206,#6207,#6208,#6209,#6210,#6211,
    #6212,#6213),.UNSPECIFIED.,.F.,.F.,(8,6,6,6,6,6,6,6,6,6,8),(0.,
    8.771460013206E-02,0.16534817973,0.193644560633,0.233073696283,
    0.261145460562,0.337719789476,0.438159918262,0.579812109369,
    0.783440032344,1.),.UNSPECIFIED.);
#6152 = CARTESIAN_POINT('',(10.25,12.75));
#6153 = CARTESIAN_POINT('',(10.25,12.730687354912));
#6154 = CARTESIAN_POINT('',(10.25,12.7092955255));
#6155 = CARTESIAN_POINT('',(10.25,12.685419725484));
#6156 = CARTESIAN_POINT('',(10.25,12.658538888271));
#6157 = CARTESIAN_POINT('',(10.25,12.627941726983));
#6158 = CARTESIAN_POINT('',(10.25,12.592655934251));
#6159 = CARTESIAN_POINT('',(10.25,12.514308291233));
#6160 = CARTESIAN_POINT('',(10.25,12.472662005796));
#6161 = CARTESIAN_POINT('',(10.25,12.425020280804));
#6162 = CARTESIAN_POINT('',(10.25,12.369923676105));
#6163 = CARTESIAN_POINT('',(10.25,12.305628630652));
#6164 = CARTESIAN_POINT('',(10.25,12.229772382385));
#6165 = CARTESIAN_POINT('',(10.25,12.108406193042));
#6166 = CARTESIAN_POINT('',(10.25,12.074271660727));
#6167 = CARTESIAN_POINT('',(10.25,12.038373465048));
#6168 = CARTESIAN_POINT('',(10.25,12.000684415627));
#6169 = CARTESIAN_POINT('',(10.25,11.961207497399));
#6170 = CARTESIAN_POINT('',(10.25,11.919984345006));
#6171 = CARTESIAN_POINT('',(10.25,11.817352397862));
#6172 = CARTESIAN_POINT('',(10.25,11.754362532411));
#6173 = CARTESIAN_POINT('',(10.25,11.688376582292));
#6174 = CARTESIAN_POINT('',(10.25,11.619717829884));
#6175 = CARTESIAN_POINT('',(10.25,11.548753351159));
#6176 = CARTESIAN_POINT('',(10.25,11.475856988355));
#6177 = CARTESIAN_POINT('',(10.25,11.3483426038));
#6178 = CARTESIAN_POINT('',(10.25,11.29449647999));
#6179 = CARTESIAN_POINT('',(10.25,11.239942808915));
#6180 = CARTESIAN_POINT('',(10.25,11.184780046457));
#6181 = CARTESIAN_POINT('',(10.25,11.129094324859));
#6182 = CARTESIAN_POINT('',(10.25,11.072957530906));
#6183 = CARTESIAN_POINT('',(10.25,10.862216651049));
#6184 = CARTESIAN_POINT('',(10.25,10.705194392012));
#6185 = CARTESIAN_POINT('',(10.25,10.546330913129));
#6186 = CARTESIAN_POINT('',(10.25,10.386306520462));
#6187 = CARTESIAN_POINT('',(10.25,10.225546948431));
#6188 = CARTESIAN_POINT('',(10.25,10.064251279909));
#6189 = CARTESIAN_POINT('',(10.25,9.690128732114));
#6190 = CARTESIAN_POINT('',(10.25,9.477119862792));
#6191 = CARTESIAN_POINT('',(10.25,9.263648421597));
#6192 = CARTESIAN_POINT('',(10.25,9.049881017458));
#6193 = CARTESIAN_POINT('',(10.25,8.835922276629));
#6194 = CARTESIAN_POINT('',(10.25,8.621818913203));
#6195 = CARTESIAN_POINT('',(10.25,8.105405491076));
#6196 = CARTESIAN_POINT('',(10.25,7.803015934408));
#6197 = CARTESIAN_POINT('',(10.25,7.500482017682));
#6198 = CARTESIAN_POINT('',(10.25,7.19785523571));
#6199 = CARTESIAN_POINT('',(10.25,6.89516806996));
#6200 = CARTESIAN_POINT('',(10.25,6.592434936082));
#6201 = CARTESIAN_POINT('',(10.25,5.85440235162));
#6202 = CARTESIAN_POINT('',(10.25,5.41907465809));
#6203 = CARTESIAN_POINT('',(10.25,4.98369935712));
#6204 = CARTESIAN_POINT('',(10.25,4.548293421563));
#6205 = CARTESIAN_POINT('',(10.25,4.112867562454));
#6206 = CARTESIAN_POINT('',(10.25,3.677426515099));
#6207 = CARTESIAN_POINT('',(10.25,2.778858324965));
#6208 = CARTESIAN_POINT('',(10.25,2.315732872508));
#6209 = CARTESIAN_POINT('',(10.25,1.852597550243));
#6210 = CARTESIAN_POINT('',(10.25,1.389455112693));
#6211 = CARTESIAN_POINT('',(10.25,0.926307416412));
#6212 = CARTESIAN_POINT('',(10.25,0.463155579686));
#6213 = CARTESIAN_POINT('',(10.25,1.42108547152E-14));
#6214 = ( GEOMETRIC_REPRESENTATION_CONTEXT(2) 
PARAMETRIC_REPRESENTATION_CONTEXT() REPRESENTATION_CONTEXT('2D SPACE',''
  ) );
#6215 = ORIENTED_EDGE('',*,*,#6216,.F.);
#6216 = EDGE_CURVE('',#6217,#6017,#6219,.T.);
#6217 = VERTEX_POINT('',#6218);
#6218 = CARTESIAN_POINT('',(-30.5,-20.5,113.67));
#6219 = SURFACE_CURVE('',#6220,(#6224,#6230),.PCURVE_S1.);
#6220 = LINE('',#6221,#6222);
#6221 = CARTESIAN_POINT('',(-30.5,5.,113.67));
#6222 = VECTOR('',#6223,1.);
#6223 = DIRECTION('',(0.,1.,0.));
#6224 = PCURVE('',#3333,#6225);
#6225 = DEFINITIONAL_REPRESENTATION('',(#6226),#6229);
#6226 = B_SPLINE_CURVE_WITH_KNOTS('',1,(#6227,#6228),.UNSPECIFIED.,.F.,
  .F.,(2,2),(-25.50666666666,-13.49333333333),.PIECEWISE_BEZIER_KNOTS.);
#6227 = CARTESIAN_POINT('',(51.006666666667,-110.67));
#6228 = CARTESIAN_POINT('',(38.993333333333,-110.67));
#6229 = ( GEOMETRIC_REPRESENTATION_CONTEXT(2) 
PARAMETRIC_REPRESENTATION_CONTEXT() REPRESENTATION_CONTEXT('2D SPACE',''
  ) );
#6230 = PCURVE('',#6231,#6236);
#6231 = PLANE('',#6232);
#6232 = AXIS2_PLACEMENT_3D('',#6233,#6234,#6235);
#6233 = CARTESIAN_POINT('',(-30.7,-20.5,113.67));
#6234 = DIRECTION('',(0.,0.,-1.));
#6235 = DIRECTION('',(3.331483023264E-02,0.999444906979,0.));
#6236 = DEFINITIONAL_REPRESENTATION('',(#6237),#6240);
#6237 = B_SPLINE_CURVE_WITH_KNOTS('',1,(#6238,#6239),.UNSPECIFIED.,.F.,
  .F.,(2,2),(-25.50666666666,-13.49333333333),.PIECEWISE_BEZIER_KNOTS.);
#6238 = CARTESIAN_POINT('',(-5.125199511107E-15,0.200111080264));
#6239 = CARTESIAN_POINT('',(12.006664815843,-0.200111080264));
#6240 = ( GEOMETRIC_REPRESENTATION_CONTEXT(2) 
PARAMETRIC_REPRESENTATION_CONTEXT() REPRESENTATION_CONTEXT('2D SPACE',''
  ) );
#6241 = ORIENTED_EDGE('',*,*,#6242,.T.);
#6242 = EDGE_CURVE('',#6217,#6243,#6245,.T.);
#6243 = VERTEX_POINT('',#6244);
#6244 = CARTESIAN_POINT('',(-30.5,-20.5,126.42));
#6245 = SURFACE_CURVE('',#6246,(#6309,#6375),.PCURVE_S1.);
#6246 = B_SPLINE_CURVE_WITH_KNOTS('',7,(#6247,#6248,#6249,#6250,#6251,
    #6252,#6253,#6254,#6255,#6256,#6257,#6258,#6259,#6260,#6261,#6262,
    #6263,#6264,#6265,#6266,#6267,#6268,#6269,#6270,#6271,#6272,#6273,
    #6274,#6275,#6276,#6277,#6278,#6279,#6280,#6281,#6282,#6283,#6284,
    #6285,#6286,#6287,#6288,#6289,#6290,#6291,#6292,#6293,#6294,#6295,
    #6296,#6297,#6298,#6299,#6300,#6301,#6302,#6303,#6304,#6305,#6306,
    #6307,#6308),.UNSPECIFIED.,.F.,.F.,(8,6,6,6,6,6,6,6,6,6,8),(0.,
    8.771460013171E-02,0.165348179729,0.193644560632,0.233073696282,
    0.261145460561,0.337719789475,0.438159918261,0.579812109367,
    0.783440032343,1.),.UNSPECIFIED.);
#6247 = CARTESIAN_POINT('',(-30.5,-20.5,113.67));
#6248 = CARTESIAN_POINT('',(-30.5,-20.5,113.68931264508));
#6249 = CARTESIAN_POINT('',(-30.5,-20.5,113.7107044745));
#6250 = CARTESIAN_POINT('',(-30.5,-20.5,113.73458027451));
#6251 = CARTESIAN_POINT('',(-30.5,-20.5,113.76146111173));
#6252 = CARTESIAN_POINT('',(-30.5,-20.5,113.79205827301));
#6253 = CARTESIAN_POINT('',(-30.5,-20.5,113.82734406574));
#6254 = CARTESIAN_POINT('',(-30.5,-20.5,113.90569170876));
#6255 = CARTESIAN_POINT('',(-30.5,-20.5,113.9473379942));
#6256 = CARTESIAN_POINT('',(-30.5,-20.5,113.99497971919));
#6257 = CARTESIAN_POINT('',(-30.5,-20.5,114.0500763239));
#6258 = CARTESIAN_POINT('',(-30.5,-20.5,114.11437136934));
#6259 = CARTESIAN_POINT('',(-30.5,-20.5,114.19022761761));
#6260 = CARTESIAN_POINT('',(-30.5,-20.5,114.31159380695));
#6261 = CARTESIAN_POINT('',(-30.5,-20.5,114.34572833927));
#6262 = CARTESIAN_POINT('',(-30.5,-20.5,114.38162653495));
#6263 = CARTESIAN_POINT('',(-30.5,-20.5,114.41931558437));
#6264 = CARTESIAN_POINT('',(-30.5,-20.5,114.4587925026));
#6265 = CARTESIAN_POINT('',(-30.5,-20.5,114.50001565499));
#6266 = CARTESIAN_POINT('',(-30.5,-20.5,114.60264760213));
#6267 = CARTESIAN_POINT('',(-30.5,-20.5,114.66563746758));
#6268 = CARTESIAN_POINT('',(-30.5,-20.5,114.7316234177));
#6269 = CARTESIAN_POINT('',(-30.5,-20.5,114.80028217011));
#6270 = CARTESIAN_POINT('',(-30.5,-20.5,114.87124664884));
#6271 = CARTESIAN_POINT('',(-30.5,-20.5,114.94414301164));
#6272 = CARTESIAN_POINT('',(-30.5,-20.5,115.0716573962));
#6273 = CARTESIAN_POINT('',(-30.5,-20.5,115.12550352001));
#6274 = CARTESIAN_POINT('',(-30.5,-20.5,115.18005719108));
#6275 = CARTESIAN_POINT('',(-30.5,-20.5,115.23521995354));
#6276 = CARTESIAN_POINT('',(-30.5,-20.5,115.29090567514));
#6277 = CARTESIAN_POINT('',(-30.5,-20.5,115.34704246909));
#6278 = CARTESIAN_POINT('',(-30.5,-20.5,115.55778334895));
#6279 = CARTESIAN_POINT('',(-30.5,-20.5,115.71480560798));
#6280 = CARTESIAN_POINT('',(-30.5,-20.5,115.87366908687));
#6281 = CARTESIAN_POINT('',(-30.5,-20.5,116.03369347953));
#6282 = CARTESIAN_POINT('',(-30.5,-20.5,116.19445305156));
#6283 = CARTESIAN_POINT('',(-30.5,-20.5,116.35574872009));
#6284 = CARTESIAN_POINT('',(-30.5,-20.5,116.72987126788));
#6285 = CARTESIAN_POINT('',(-30.5,-20.5,116.94288013721));
#6286 = CARTESIAN_POINT('',(-30.5,-20.5,117.15635157839));
#6287 = CARTESIAN_POINT('',(-30.5,-20.5,117.37011898255));
#6288 = CARTESIAN_POINT('',(-30.5,-20.5,117.58407772336));
#6289 = CARTESIAN_POINT('',(-30.5,-20.5,117.79818108679));
#6290 = CARTESIAN_POINT('',(-30.5,-20.5,118.31459450892));
#6291 = CARTESIAN_POINT('',(-30.5,-20.5,118.61698406559));
#6292 = CARTESIAN_POINT('',(-30.5,-20.5,118.91951798231));
#6293 = CARTESIAN_POINT('',(-30.5,-20.5,119.22214476429));
#6294 = CARTESIAN_POINT('',(-30.5,-20.5,119.52483193003));
#6295 = CARTESIAN_POINT('',(-30.5,-20.5,119.82756506391));
#6296 = CARTESIAN_POINT('',(-30.5,-20.5,120.56559764838));
#6297 = CARTESIAN_POINT('',(-30.5,-20.5,121.0009253419));
#6298 = CARTESIAN_POINT('',(-30.5,-20.5,121.43630064288));
#6299 = CARTESIAN_POINT('',(-30.5,-20.5,121.87170657843));
#6300 = CARTESIAN_POINT('',(-30.5,-20.5,122.30713243754));
#6301 = CARTESIAN_POINT('',(-30.5,-20.5,122.7425734849));
#6302 = CARTESIAN_POINT('',(-30.5,-20.5,123.64114167503));
#6303 = CARTESIAN_POINT('',(-30.5,-20.5,124.10426712749));
#6304 = CARTESIAN_POINT('',(-30.5,-20.5,124.56740244975));
#6305 = CARTESIAN_POINT('',(-30.5,-20.5,125.0305448873));
#6306 = CARTESIAN_POINT('',(-30.5,-20.5,125.49369258358));
#6307 = CARTESIAN_POINT('',(-30.5,-20.5,125.95684442031));
#6308 = CARTESIAN_POINT('',(-30.5,-20.5,126.42));
#6309 = PCURVE('',#3333,#6310);
#6310 = DEFINITIONAL_REPRESENTATION('',(#6311),#6374);
#6311 = B_SPLINE_CURVE_WITH_KNOTS('',7,(#6312,#6313,#6314,#6315,#6316,
    #6317,#6318,#6319,#6320,#6321,#6322,#6323,#6324,#6325,#6326,#6327,
    #6328,#6329,#6330,#6331,#6332,#6333,#6334,#6335,#6336,#6337,#6338,
    #6339,#6340,#6341,#6342,#6343,#6344,#6345,#6346,#6347,#6348,#6349,
    #6350,#6351,#6352,#6353,#6354,#6355,#6356,#6357,#6358,#6359,#6360,
    #6361,#6362,#6363,#6364,#6365,#6366,#6367,#6368,#6369,#6370,#6371,
    #6372,#6373),.UNSPECIFIED.,.F.,.F.,(8,6,6,6,6,6,6,6,6,6,8),(0.,
    8.771460013171E-02,0.165348179729,0.193644560632,0.233073696282,
    0.261145460561,0.337719789475,0.438159918261,0.579812109367,
    0.783440032343,1.),.UNSPECIFIED.);
#6312 = CARTESIAN_POINT('',(51.,-110.67));
#6313 = CARTESIAN_POINT('',(51.,-110.689312645));
#6314 = CARTESIAN_POINT('',(51.,-110.7107044745));
#6315 = CARTESIAN_POINT('',(51.,-110.7345802745));
#6316 = CARTESIAN_POINT('',(51.,-110.7614611117));
#6317 = CARTESIAN_POINT('',(51.,-110.792058273));
#6318 = CARTESIAN_POINT('',(51.,-110.8273440657));
#6319 = CARTESIAN_POINT('',(51.,-110.9056917087));
#6320 = CARTESIAN_POINT('',(51.,-110.9473379942));
#6321 = CARTESIAN_POINT('',(51.,-110.9949797191));
#6322 = CARTESIAN_POINT('',(51.,-111.0500763239));
#6323 = CARTESIAN_POINT('',(51.,-111.1143713693));
#6324 = CARTESIAN_POINT('',(51.,-111.1902276176));
#6325 = CARTESIAN_POINT('',(51.,-111.3115938069));
#6326 = CARTESIAN_POINT('',(51.,-111.3457283392));
#6327 = CARTESIAN_POINT('',(51.,-111.3816265349));
#6328 = CARTESIAN_POINT('',(51.,-111.4193155843));
#6329 = CARTESIAN_POINT('',(51.,-111.4587925026));
#6330 = CARTESIAN_POINT('',(51.,-111.5000156549));
#6331 = CARTESIAN_POINT('',(51.,-111.6026476021));
#6332 = CARTESIAN_POINT('',(51.,-111.6656374675));
#6333 = CARTESIAN_POINT('',(51.,-111.7316234177));
#6334 = CARTESIAN_POINT('',(51.,-111.8002821701));
#6335 = CARTESIAN_POINT('',(51.,-111.8712466488));
#6336 = CARTESIAN_POINT('',(51.,-111.9441430116));
#6337 = CARTESIAN_POINT('',(51.,-112.0716573962));
#6338 = CARTESIAN_POINT('',(51.,-112.12550352));
#6339 = CARTESIAN_POINT('',(51.,-112.180057191));
#6340 = CARTESIAN_POINT('',(51.,-112.2352199535));
#6341 = CARTESIAN_POINT('',(51.,-112.2909056751));
#6342 = CARTESIAN_POINT('',(51.,-112.347042469));
#6343 = CARTESIAN_POINT('',(51.,-112.5577833489));
#6344 = CARTESIAN_POINT('',(51.,-112.7148056079));
#6345 = CARTESIAN_POINT('',(51.,-112.8736690868));
#6346 = CARTESIAN_POINT('',(51.,-113.0336934795));
#6347 = CARTESIAN_POINT('',(51.,-113.1944530515));
#6348 = CARTESIAN_POINT('',(51.,-113.35574872));
#6349 = CARTESIAN_POINT('',(51.,-113.7298712678));
#6350 = CARTESIAN_POINT('',(51.,-113.9428801372));
#6351 = CARTESIAN_POINT('',(51.,-114.1563515783));
#6352 = CARTESIAN_POINT('',(51.,-114.3701189825));
#6353 = CARTESIAN_POINT('',(51.,-114.5840777233));
#6354 = CARTESIAN_POINT('',(51.,-114.7981810867));
#6355 = CARTESIAN_POINT('',(51.,-115.3145945089));
#6356 = CARTESIAN_POINT('',(51.,-115.6169840655));
#6357 = CARTESIAN_POINT('',(51.,-115.9195179823));
#6358 = CARTESIAN_POINT('',(51.,-116.2221447642));
#6359 = CARTESIAN_POINT('',(51.,-116.52483193));
#6360 = CARTESIAN_POINT('',(51.,-116.8275650639));
#6361 = CARTESIAN_POINT('',(51.,-117.5655976483));
#6362 = CARTESIAN_POINT('',(51.,-118.0009253419));
#6363 = CARTESIAN_POINT('',(51.,-118.4363006428));
#6364 = CARTESIAN_POINT('',(51.,-118.8717065784));
#6365 = CARTESIAN_POINT('',(51.,-119.3071324375));
#6366 = CARTESIAN_POINT('',(51.,-119.7425734849));
#6367 = CARTESIAN_POINT('',(51.,-120.641141675));
#6368 = CARTESIAN_POINT('',(51.,-121.1042671274));
#6369 = CARTESIAN_POINT('',(51.,-121.5674024497));
#6370 = CARTESIAN_POINT('',(51.,-122.0305448873));
#6371 = CARTESIAN_POINT('',(51.,-122.4936925835));
#6372 = CARTESIAN_POINT('',(51.,-122.9568444203));
#6373 = CARTESIAN_POINT('',(51.,-123.42));
#6374 = ( GEOMETRIC_REPRESENTATION_CONTEXT(2) 
PARAMETRIC_REPRESENTATION_CONTEXT() REPRESENTATION_CONTEXT('2D SPACE',''
  ) );
#6375 = PCURVE('',#6376,#6381);
#6376 = PLANE('',#6377);
#6377 = AXIS2_PLACEMENT_3D('',#6378,#6379,#6380);
#6378 = CARTESIAN_POINT('',(-33.,-20.5,126.42));
#6379 = DIRECTION('',(0.,1.,0.));
#6380 = DIRECTION('',(1.,0.,0.));
#6381 = DEFINITIONAL_REPRESENTATION('',(#6382),#6445);
#6382 = B_SPLINE_CURVE_WITH_KNOTS('',7,(#6383,#6384,#6385,#6386,#6387,
    #6388,#6389,#6390,#6391,#6392,#6393,#6394,#6395,#6396,#6397,#6398,
    #6399,#6400,#6401,#6402,#6403,#6404,#6405,#6406,#6407,#6408,#6409,
    #6410,#6411,#6412,#6413,#6414,#6415,#6416,#6417,#6418,#6419,#6420,
    #6421,#6422,#6423,#6424,#6425,#6426,#6427,#6428,#6429,#6430,#6431,
    #6432,#6433,#6434,#6435,#6436,#6437,#6438,#6439,#6440,#6441,#6442,
    #6443,#6444),.UNSPECIFIED.,.F.,.F.,(8,6,6,6,6,6,6,6,6,6,8),(0.,
    8.771460013171E-02,0.165348179729,0.193644560632,0.233073696282,
    0.261145460561,0.337719789475,0.438159918261,0.579812109367,
    0.783440032343,1.),.UNSPECIFIED.);
#6383 = CARTESIAN_POINT('',(2.5,12.75));
#6384 = CARTESIAN_POINT('',(2.5,12.730687354912));
#6385 = CARTESIAN_POINT('',(2.5,12.709295525499));
#6386 = CARTESIAN_POINT('',(2.5,12.685419725486));
#6387 = CARTESIAN_POINT('',(2.5,12.658538888269));
#6388 = CARTESIAN_POINT('',(2.5,12.627941726983));
#6389 = CARTESIAN_POINT('',(2.5,12.592655934251));
#6390 = CARTESIAN_POINT('',(2.5,12.514308291233));
#6391 = CARTESIAN_POINT('',(2.5,12.472662005795));
#6392 = CARTESIAN_POINT('',(2.5,12.425020280808));
#6393 = CARTESIAN_POINT('',(2.5,12.3699236761));
#6394 = CARTESIAN_POINT('',(2.5,12.305628630655));
#6395 = CARTESIAN_POINT('',(2.5,12.229772382385));
#6396 = CARTESIAN_POINT('',(2.5,12.108406193042));
#6397 = CARTESIAN_POINT('',(2.5,12.074271660727));
#6398 = CARTESIAN_POINT('',(2.5,12.038373465048));
#6399 = CARTESIAN_POINT('',(2.5,12.000684415627));
#6400 = CARTESIAN_POINT('',(2.5,11.961207497399));
#6401 = CARTESIAN_POINT('',(2.5,11.919984345006));
#6402 = CARTESIAN_POINT('',(2.5,11.817352397862));
#6403 = CARTESIAN_POINT('',(2.5,11.754362532411));
#6404 = CARTESIAN_POINT('',(2.5,11.688376582292));
#6405 = CARTESIAN_POINT('',(2.5,11.619717829884));
#6406 = CARTESIAN_POINT('',(2.5,11.548753351159));
#6407 = CARTESIAN_POINT('',(2.5,11.475856988355));
#6408 = CARTESIAN_POINT('',(2.5,11.3483426038));
#6409 = CARTESIAN_POINT('',(2.5,11.29449647999));
#6410 = CARTESIAN_POINT('',(2.5,11.239942808915));
#6411 = CARTESIAN_POINT('',(2.5,11.184780046457));
#6412 = CARTESIAN_POINT('',(2.5,11.129094324859));
#6413 = CARTESIAN_POINT('',(2.5,11.072957530906));
#6414 = CARTESIAN_POINT('',(2.5,10.862216651049));
#6415 = CARTESIAN_POINT('',(2.5,10.705194392012));
#6416 = CARTESIAN_POINT('',(2.5,10.546330913129));
#6417 = CARTESIAN_POINT('',(2.5,10.386306520462));
#6418 = CARTESIAN_POINT('',(2.5,10.225546948431));
#6419 = CARTESIAN_POINT('',(2.5,10.064251279909));
#6420 = CARTESIAN_POINT('',(2.5,9.690128732115));
#6421 = CARTESIAN_POINT('',(2.5,9.477119862787));
#6422 = CARTESIAN_POINT('',(2.5,9.263648421607));
#6423 = CARTESIAN_POINT('',(2.5,9.049881017446));
#6424 = CARTESIAN_POINT('',(2.5,8.835922276637));
#6425 = CARTESIAN_POINT('',(2.5,8.621818913201));
#6426 = CARTESIAN_POINT('',(2.5,8.105405491077));
#6427 = CARTESIAN_POINT('',(2.5,7.803015934404));
#6428 = CARTESIAN_POINT('',(2.5,7.50048201769));
#6429 = CARTESIAN_POINT('',(2.5,7.197855235703));
#6430 = CARTESIAN_POINT('',(2.5,6.895168069963));
#6431 = CARTESIAN_POINT('',(2.5,6.592434936082));
#6432 = CARTESIAN_POINT('',(2.5,5.85440235162));
#6433 = CARTESIAN_POINT('',(2.5,5.419074658091));
#6434 = CARTESIAN_POINT('',(2.5,4.98369935712));
#6435 = CARTESIAN_POINT('',(2.5,4.548293421563));
#6436 = CARTESIAN_POINT('',(2.5,4.112867562455));
#6437 = CARTESIAN_POINT('',(2.5,3.677426515099));
#6438 = CARTESIAN_POINT('',(2.5,2.778858324965));
#6439 = CARTESIAN_POINT('',(2.5,2.315732872508));
#6440 = CARTESIAN_POINT('',(2.5,1.852597550243));
#6441 = CARTESIAN_POINT('',(2.5,1.389455112692));
#6442 = CARTESIAN_POINT('',(2.5,0.926307416412));
#6443 = CARTESIAN_POINT('',(2.5,0.463155579686));
#6444 = CARTESIAN_POINT('',(2.5,1.42108547152E-14));
#6445 = ( GEOMETRIC_REPRESENTATION_CONTEXT(2) 
PARAMETRIC_REPRESENTATION_CONTEXT() REPRESENTATION_CONTEXT('2D SPACE',''
  ) );
#6446 = ORIENTED_EDGE('',*,*,#6447,.T.);
#6447 = EDGE_CURVE('',#6243,#6448,#6450,.T.);
#6448 = VERTEX_POINT('',#6449);
#6449 = CARTESIAN_POINT('',(-30.5,-20.5,138.42));
#6450 = SURFACE_CURVE('',#6451,(#6455,#6461),.PCURVE_S1.);
#6451 = LINE('',#6452,#6453);
#6452 = CARTESIAN_POINT('',(-30.5,-20.5,64.71));
#6453 = VECTOR('',#6454,1.);
#6454 = DIRECTION('',(0.,-0.,1.));
#6455 = PCURVE('',#3333,#6456);
#6456 = DEFINITIONAL_REPRESENTATION('',(#6457),#6460);
#6457 = B_SPLINE_CURVE_WITH_KNOTS('',1,(#6458,#6459),.UNSPECIFIED.,.F.,
  .F.,(2,2),(61.71,73.71),.PIECEWISE_BEZIER_KNOTS.);
#6458 = CARTESIAN_POINT('',(51.,-123.42));
#6459 = CARTESIAN_POINT('',(51.,-135.42));
#6460 = ( GEOMETRIC_REPRESENTATION_CONTEXT(2) 
PARAMETRIC_REPRESENTATION_CONTEXT() REPRESENTATION_CONTEXT('2D SPACE',''
  ) );
#6461 = PCURVE('',#6376,#6462);
#6462 = DEFINITIONAL_REPRESENTATION('',(#6463),#6467);
#6463 = LINE('',#6464,#6465);
#6464 = CARTESIAN_POINT('',(2.5,61.71));
#6465 = VECTOR('',#6466,1.);
#6466 = DIRECTION('',(0.,-1.));
#6467 = ( GEOMETRIC_REPRESENTATION_CONTEXT(2) 
PARAMETRIC_REPRESENTATION_CONTEXT() REPRESENTATION_CONTEXT('2D SPACE',''
  ) );
#6468 = ORIENTED_EDGE('',*,*,#6469,.F.);
#6469 = EDGE_CURVE('',#5988,#6448,#6470,.T.);
#6470 = SURFACE_CURVE('',#6471,(#6475,#6481),.PCURVE_S1.);
#6471 = LINE('',#6472,#6473);
#6472 = CARTESIAN_POINT('',(-30.5,8.,138.42));
#6473 = VECTOR('',#6474,1.);
#6474 = DIRECTION('',(0.,-1.,0.));
#6475 = PCURVE('',#3333,#6476);
#6476 = DEFINITIONAL_REPRESENTATION('',(#6477),#6480);
#6477 = B_SPLINE_CURVE_WITH_KNOTS('',1,(#6478,#6479),.UNSPECIFIED.,.F.,
  .F.,(2,2),(16.5,28.5),.PIECEWISE_BEZIER_KNOTS.);
#6478 = CARTESIAN_POINT('',(39.,-135.42));
#6479 = CARTESIAN_POINT('',(51.,-135.42));
#6480 = ( GEOMETRIC_REPRESENTATION_CONTEXT(2) 
PARAMETRIC_REPRESENTATION_CONTEXT() REPRESENTATION_CONTEXT('2D SPACE',''
  ) );
#6481 = PCURVE('',#6482,#6487);
#6482 = PLANE('',#6483);
#6483 = AXIS2_PLACEMENT_3D('',#6484,#6485,#6486);
#6484 = CARTESIAN_POINT('',(-26.625,-14.5,138.42));
#6485 = DIRECTION('',(0.,0.,1.));
#6486 = DIRECTION('',(1.,0.,-0.));
#6487 = DEFINITIONAL_REPRESENTATION('',(#6488),#6491);
#6488 = B_SPLINE_CURVE_WITH_KNOTS('',1,(#6489,#6490),.UNSPECIFIED.,.F.,
  .F.,(2,2),(16.5,28.5),.PIECEWISE_BEZIER_KNOTS.);
#6489 = CARTESIAN_POINT('',(-3.875,6.));
#6490 = CARTESIAN_POINT('',(-3.875,-6.));
#6491 = ( GEOMETRIC_REPRESENTATION_CONTEXT(2) 
PARAMETRIC_REPRESENTATION_CONTEXT() REPRESENTATION_CONTEXT('2D SPACE',''
  ) );
#6492 = ADVANCED_FACE('',(#6493),#3829,.F.);
#6493 = FACE_BOUND('',#6494,.F.);
#6494 = EDGE_LOOP('',(#6495,#6496,#6519,#6540));
#6495 = ORIENTED_EDGE('',*,*,#5849,.T.);
#6496 = ORIENTED_EDGE('',*,*,#6497,.T.);
#6497 = EDGE_CURVE('',#5827,#6498,#6500,.T.);
#6498 = VERTEX_POINT('',#6499);
#6499 = CARTESIAN_POINT('',(24.5,7.7,138.42));
#6500 = SURFACE_CURVE('',#6501,(#6505,#6512),.PCURVE_S1.);
#6501 = LINE('',#6502,#6503);
#6502 = CARTESIAN_POINT('',(24.5,11.7,138.42));
#6503 = VECTOR('',#6504,1.);
#6504 = DIRECTION('',(0.,-1.,0.));
#6505 = PCURVE('',#3829,#6506);
#6506 = DEFINITIONAL_REPRESENTATION('',(#6507),#6511);
#6507 = LINE('',#6508,#6509);
#6508 = CARTESIAN_POINT('',(0.,-135.42));
#6509 = VECTOR('',#6510,1.);
#6510 = DIRECTION('',(1.,0.));
#6511 = ( GEOMETRIC_REPRESENTATION_CONTEXT(2) 
PARAMETRIC_REPRESENTATION_CONTEXT() REPRESENTATION_CONTEXT('2D SPACE',''
  ) );
#6512 = PCURVE('',#4505,#6513);
#6513 = DEFINITIONAL_REPRESENTATION('',(#6514),#6518);
#6514 = LINE('',#6515,#6516);
#6515 = CARTESIAN_POINT('',(-3.1,9.4));
#6516 = VECTOR('',#6517,1.);
#6517 = DIRECTION('',(0.,-1.));
#6518 = ( GEOMETRIC_REPRESENTATION_CONTEXT(2) 
PARAMETRIC_REPRESENTATION_CONTEXT() REPRESENTATION_CONTEXT('2D SPACE',''
  ) );
#6519 = ORIENTED_EDGE('',*,*,#6520,.F.);
#6520 = EDGE_CURVE('',#3786,#6498,#6521,.T.);
#6521 = SURFACE_CURVE('',#6522,(#6526,#6533),.PCURVE_S1.);
#6522 = LINE('',#6523,#6524);
#6523 = CARTESIAN_POINT('',(24.5,7.7,3.));
#6524 = VECTOR('',#6525,1.);
#6525 = DIRECTION('',(0.,0.,1.));
#6526 = PCURVE('',#3829,#6527);
#6527 = DEFINITIONAL_REPRESENTATION('',(#6528),#6532);
#6528 = LINE('',#6529,#6530);
#6529 = CARTESIAN_POINT('',(4.,0.));
#6530 = VECTOR('',#6531,1.);
#6531 = DIRECTION('',(0.,-1.));
#6532 = ( GEOMETRIC_REPRESENTATION_CONTEXT(2) 
PARAMETRIC_REPRESENTATION_CONTEXT() REPRESENTATION_CONTEXT('2D SPACE',''
  ) );
#6533 = PCURVE('',#3801,#6534);
#6534 = DEFINITIONAL_REPRESENTATION('',(#6535),#6539);
#6535 = LINE('',#6536,#6537);
#6536 = CARTESIAN_POINT('',(0.,0.));
#6537 = VECTOR('',#6538,1.);
#6538 = DIRECTION('',(0.,-1.));
#6539 = ( GEOMETRIC_REPRESENTATION_CONTEXT(2) 
PARAMETRIC_REPRESENTATION_CONTEXT() REPRESENTATION_CONTEXT('2D SPACE',''
  ) );
#6540 = ORIENTED_EDGE('',*,*,#3813,.F.);
#6541 = ADVANCED_FACE('',(#6542),#3361,.F.);
#6542 = FACE_BOUND('',#6543,.F.);
#6543 = EDGE_LOOP('',(#6544,#6545,#6568,#6589));
#6544 = ORIENTED_EDGE('',*,*,#3345,.F.);
#6545 = ORIENTED_EDGE('',*,*,#6546,.T.);
#6546 = EDGE_CURVE('',#3346,#6547,#6549,.T.);
#6547 = VERTEX_POINT('',#6548);
#6548 = CARTESIAN_POINT('',(-24.5,11.7,138.42));
#6549 = SURFACE_CURVE('',#6550,(#6554,#6561),.PCURVE_S1.);
#6550 = LINE('',#6551,#6552);
#6551 = CARTESIAN_POINT('',(-24.5,11.7,3.));
#6552 = VECTOR('',#6553,1.);
#6553 = DIRECTION('',(0.,0.,1.));
#6554 = PCURVE('',#3361,#6555);
#6555 = DEFINITIONAL_REPRESENTATION('',(#6556),#6560);
#6556 = LINE('',#6557,#6558);
#6557 = CARTESIAN_POINT('',(0.,-0.));
#6558 = VECTOR('',#6559,1.);
#6559 = DIRECTION('',(0.,-1.));
#6560 = ( GEOMETRIC_REPRESENTATION_CONTEXT(2) 
PARAMETRIC_REPRESENTATION_CONTEXT() REPRESENTATION_CONTEXT('2D SPACE',''
  ) );
#6561 = PCURVE('',#3389,#6562);
#6562 = DEFINITIONAL_REPRESENTATION('',(#6563),#6567);
#6563 = LINE('',#6564,#6565);
#6564 = CARTESIAN_POINT('',(4.,0.));
#6565 = VECTOR('',#6566,1.);
#6566 = DIRECTION('',(0.,-1.));
#6567 = ( GEOMETRIC_REPRESENTATION_CONTEXT(2) 
PARAMETRIC_REPRESENTATION_CONTEXT() REPRESENTATION_CONTEXT('2D SPACE',''
  ) );
#6568 = ORIENTED_EDGE('',*,*,#6569,.T.);
#6569 = EDGE_CURVE('',#6547,#5939,#6570,.T.);
#6570 = SURFACE_CURVE('',#6571,(#6575,#6582),.PCURVE_S1.);
#6571 = LINE('',#6572,#6573);
#6572 = CARTESIAN_POINT('',(-24.5,11.7,138.42));
#6573 = VECTOR('',#6574,1.);
#6574 = DIRECTION('',(-1.,0.,0.));
#6575 = PCURVE('',#3361,#6576);
#6576 = DEFINITIONAL_REPRESENTATION('',(#6577),#6581);
#6577 = LINE('',#6578,#6579);
#6578 = CARTESIAN_POINT('',(0.,-135.42));
#6579 = VECTOR('',#6580,1.);
#6580 = DIRECTION('',(1.,0.));
#6581 = ( GEOMETRIC_REPRESENTATION_CONTEXT(2) 
PARAMETRIC_REPRESENTATION_CONTEXT() REPRESENTATION_CONTEXT('2D SPACE',''
  ) );
#6582 = PCURVE('',#5954,#6583);
#6583 = DEFINITIONAL_REPRESENTATION('',(#6584),#6588);
#6584 = LINE('',#6585,#6586);
#6585 = CARTESIAN_POINT('',(3.1,2.));
#6586 = VECTOR('',#6587,1.);
#6587 = DIRECTION('',(-1.,0.));
#6588 = ( GEOMETRIC_REPRESENTATION_CONTEXT(2) 
PARAMETRIC_REPRESENTATION_CONTEXT() REPRESENTATION_CONTEXT('2D SPACE',''
  ) );
#6589 = ORIENTED_EDGE('',*,*,#5966,.T.);
#6590 = ADVANCED_FACE('',(#6591),#3801,.F.);
#6591 = FACE_BOUND('',#6592,.F.);
#6592 = EDGE_LOOP('',(#6593,#6594,#6595,#6618));
#6593 = ORIENTED_EDGE('',*,*,#3785,.F.);
#6594 = ORIENTED_EDGE('',*,*,#6520,.T.);
#6595 = ORIENTED_EDGE('',*,*,#6596,.T.);
#6596 = EDGE_CURVE('',#6498,#6597,#6599,.T.);
#6597 = VERTEX_POINT('',#6598);
#6598 = CARTESIAN_POINT('',(27.9,7.7,138.42));
#6599 = SURFACE_CURVE('',#6600,(#6604,#6611),.PCURVE_S1.);
#6600 = LINE('',#6601,#6602);
#6601 = CARTESIAN_POINT('',(24.5,7.7,138.42));
#6602 = VECTOR('',#6603,1.);
#6603 = DIRECTION('',(1.,0.,0.));
#6604 = PCURVE('',#3801,#6605);
#6605 = DEFINITIONAL_REPRESENTATION('',(#6606),#6610);
#6606 = LINE('',#6607,#6608);
#6607 = CARTESIAN_POINT('',(0.,-135.42));
#6608 = VECTOR('',#6609,1.);
#6609 = DIRECTION('',(1.,0.));
#6610 = ( GEOMETRIC_REPRESENTATION_CONTEXT(2) 
PARAMETRIC_REPRESENTATION_CONTEXT() REPRESENTATION_CONTEXT('2D SPACE',''
  ) );
#6611 = PCURVE('',#4505,#6612);
#6612 = DEFINITIONAL_REPRESENTATION('',(#6613),#6617);
#6613 = LINE('',#6614,#6615);
#6614 = CARTESIAN_POINT('',(-3.1,5.4));
#6615 = VECTOR('',#6616,1.);
#6616 = DIRECTION('',(1.,0.));
#6617 = ( GEOMETRIC_REPRESENTATION_CONTEXT(2) 
PARAMETRIC_REPRESENTATION_CONTEXT() REPRESENTATION_CONTEXT('2D SPACE',''
  ) );
#6618 = ORIENTED_EDGE('',*,*,#6619,.F.);
#6619 = EDGE_CURVE('',#3758,#6597,#6620,.T.);
#6620 = SURFACE_CURVE('',#6621,(#6625,#6632),.PCURVE_S1.);
#6621 = LINE('',#6622,#6623);
#6622 = CARTESIAN_POINT('',(27.9,7.7,3.));
#6623 = VECTOR('',#6624,1.);
#6624 = DIRECTION('',(0.,0.,1.));
#6625 = PCURVE('',#3801,#6626);
#6626 = DEFINITIONAL_REPRESENTATION('',(#6627),#6631);
#6627 = LINE('',#6628,#6629);
#6628 = CARTESIAN_POINT('',(3.4,0.));
#6629 = VECTOR('',#6630,1.);
#6630 = DIRECTION('',(0.,-1.));
#6631 = ( GEOMETRIC_REPRESENTATION_CONTEXT(2) 
PARAMETRIC_REPRESENTATION_CONTEXT() REPRESENTATION_CONTEXT('2D SPACE',''
  ) );
#6632 = PCURVE('',#3773,#6633);
#6633 = DEFINITIONAL_REPRESENTATION('',(#6634),#6638);
#6634 = LINE('',#6635,#6636);
#6635 = CARTESIAN_POINT('',(0.,0.));
#6636 = VECTOR('',#6637,1.);
#6637 = DIRECTION('',(0.,-1.));
#6638 = ( GEOMETRIC_REPRESENTATION_CONTEXT(2) 
PARAMETRIC_REPRESENTATION_CONTEXT() REPRESENTATION_CONTEXT('2D SPACE',''
  ) );
#6639 = ADVANCED_FACE('',(#6640),#3389,.F.);
#6640 = FACE_BOUND('',#6641,.F.);
#6641 = EDGE_LOOP('',(#6642,#6665,#6686,#6687));
#6642 = ORIENTED_EDGE('',*,*,#6643,.T.);
#6643 = EDGE_CURVE('',#3374,#6644,#6646,.T.);
#6644 = VERTEX_POINT('',#6645);
#6645 = CARTESIAN_POINT('',(-24.5,7.7,138.42));
#6646 = SURFACE_CURVE('',#6647,(#6651,#6658),.PCURVE_S1.);
#6647 = LINE('',#6648,#6649);
#6648 = CARTESIAN_POINT('',(-24.5,7.7,3.));
#6649 = VECTOR('',#6650,1.);
#6650 = DIRECTION('',(0.,0.,1.));
#6651 = PCURVE('',#3389,#6652);
#6652 = DEFINITIONAL_REPRESENTATION('',(#6653),#6657);
#6653 = LINE('',#6654,#6655);
#6654 = CARTESIAN_POINT('',(0.,0.));
#6655 = VECTOR('',#6656,1.);
#6656 = DIRECTION('',(0.,-1.));
#6657 = ( GEOMETRIC_REPRESENTATION_CONTEXT(2) 
PARAMETRIC_REPRESENTATION_CONTEXT() REPRESENTATION_CONTEXT('2D SPACE',''
  ) );
#6658 = PCURVE('',#3417,#6659);
#6659 = DEFINITIONAL_REPRESENTATION('',(#6660),#6664);
#6660 = LINE('',#6661,#6662);
#6661 = CARTESIAN_POINT('',(6.2,0.));
#6662 = VECTOR('',#6663,1.);
#6663 = DIRECTION('',(0.,-1.));
#6664 = ( GEOMETRIC_REPRESENTATION_CONTEXT(2) 
PARAMETRIC_REPRESENTATION_CONTEXT() REPRESENTATION_CONTEXT('2D SPACE',''
  ) );
#6665 = ORIENTED_EDGE('',*,*,#6666,.T.);
#6666 = EDGE_CURVE('',#6644,#6547,#6667,.T.);
#6667 = SURFACE_CURVE('',#6668,(#6672,#6679),.PCURVE_S1.);
#6668 = LINE('',#6669,#6670);
#6669 = CARTESIAN_POINT('',(-24.5,7.7,138.42));
#6670 = VECTOR('',#6671,1.);
#6671 = DIRECTION('',(0.,1.,0.));
#6672 = PCURVE('',#3389,#6673);
#6673 = DEFINITIONAL_REPRESENTATION('',(#6674),#6678);
#6674 = LINE('',#6675,#6676);
#6675 = CARTESIAN_POINT('',(0.,-135.42));
#6676 = VECTOR('',#6677,1.);
#6677 = DIRECTION('',(1.,0.));
#6678 = ( GEOMETRIC_REPRESENTATION_CONTEXT(2) 
PARAMETRIC_REPRESENTATION_CONTEXT() REPRESENTATION_CONTEXT('2D SPACE',''
  ) );
#6679 = PCURVE('',#5954,#6680);
#6680 = DEFINITIONAL_REPRESENTATION('',(#6681),#6685);
#6681 = LINE('',#6682,#6683);
#6682 = CARTESIAN_POINT('',(3.1,-2.));
#6683 = VECTOR('',#6684,1.);
#6684 = DIRECTION('',(0.,1.));
#6685 = ( GEOMETRIC_REPRESENTATION_CONTEXT(2) 
PARAMETRIC_REPRESENTATION_CONTEXT() REPRESENTATION_CONTEXT('2D SPACE',''
  ) );
#6686 = ORIENTED_EDGE('',*,*,#6546,.F.);
#6687 = ORIENTED_EDGE('',*,*,#3373,.F.);
#6688 = ADVANCED_FACE('',(#6689),#3773,.F.);
#6689 = FACE_BOUND('',#6690,.F.);
#6690 = EDGE_LOOP('',(#6691,#6692,#6715,#6736));
#6691 = ORIENTED_EDGE('',*,*,#6619,.T.);
#6692 = ORIENTED_EDGE('',*,*,#6693,.T.);
#6693 = EDGE_CURVE('',#6597,#6694,#6696,.T.);
#6694 = VERTEX_POINT('',#6695);
#6695 = CARTESIAN_POINT('',(27.9,4.3,138.42));
#6696 = SURFACE_CURVE('',#6697,(#6701,#6708),.PCURVE_S1.);
#6697 = LINE('',#6698,#6699);
#6698 = CARTESIAN_POINT('',(27.9,7.7,138.42));
#6699 = VECTOR('',#6700,1.);
#6700 = DIRECTION('',(0.,-1.,0.));
#6701 = PCURVE('',#3773,#6702);
#6702 = DEFINITIONAL_REPRESENTATION('',(#6703),#6707);
#6703 = LINE('',#6704,#6705);
#6704 = CARTESIAN_POINT('',(0.,-135.42));
#6705 = VECTOR('',#6706,1.);
#6706 = DIRECTION('',(1.,0.));
#6707 = ( GEOMETRIC_REPRESENTATION_CONTEXT(2) 
PARAMETRIC_REPRESENTATION_CONTEXT() REPRESENTATION_CONTEXT('2D SPACE',''
  ) );
#6708 = PCURVE('',#4505,#6709);
#6709 = DEFINITIONAL_REPRESENTATION('',(#6710),#6714);
#6710 = LINE('',#6711,#6712);
#6711 = CARTESIAN_POINT('',(0.3,5.4));
#6712 = VECTOR('',#6713,1.);
#6713 = DIRECTION('',(0.,-1.));
#6714 = ( GEOMETRIC_REPRESENTATION_CONTEXT(2) 
PARAMETRIC_REPRESENTATION_CONTEXT() REPRESENTATION_CONTEXT('2D SPACE',''
  ) );
#6715 = ORIENTED_EDGE('',*,*,#6716,.F.);
#6716 = EDGE_CURVE('',#3730,#6694,#6717,.T.);
#6717 = SURFACE_CURVE('',#6718,(#6722,#6729),.PCURVE_S1.);
#6718 = LINE('',#6719,#6720);
#6719 = CARTESIAN_POINT('',(27.9,4.3,3.));
#6720 = VECTOR('',#6721,1.);
#6721 = DIRECTION('',(0.,0.,1.));
#6722 = PCURVE('',#3773,#6723);
#6723 = DEFINITIONAL_REPRESENTATION('',(#6724),#6728);
#6724 = LINE('',#6725,#6726);
#6725 = CARTESIAN_POINT('',(3.4,0.));
#6726 = VECTOR('',#6727,1.);
#6727 = DIRECTION('',(0.,-1.));
#6728 = ( GEOMETRIC_REPRESENTATION_CONTEXT(2) 
PARAMETRIC_REPRESENTATION_CONTEXT() REPRESENTATION_CONTEXT('2D SPACE',''
  ) );
#6729 = PCURVE('',#3745,#6730);
#6730 = DEFINITIONAL_REPRESENTATION('',(#6731),#6735);
#6731 = LINE('',#6732,#6733);
#6732 = CARTESIAN_POINT('',(2.8,0.));
#6733 = VECTOR('',#6734,1.);
#6734 = DIRECTION('',(0.,-1.));
#6735 = ( GEOMETRIC_REPRESENTATION_CONTEXT(2) 
PARAMETRIC_REPRESENTATION_CONTEXT() REPRESENTATION_CONTEXT('2D SPACE',''
  ) );
#6736 = ORIENTED_EDGE('',*,*,#3757,.F.);
#6737 = ADVANCED_FACE('',(#6738),#3417,.F.);
#6738 = FACE_BOUND('',#6739,.F.);
#6739 = EDGE_LOOP('',(#6740,#6741,#6764,#6785));
#6740 = ORIENTED_EDGE('',*,*,#3401,.F.);
#6741 = ORIENTED_EDGE('',*,*,#6742,.T.);
#6742 = EDGE_CURVE('',#3402,#6743,#6745,.T.);
#6743 = VERTEX_POINT('',#6744);
#6744 = CARTESIAN_POINT('',(-27.9,7.7,138.42));
#6745 = SURFACE_CURVE('',#6746,(#6750,#6757),.PCURVE_S1.);
#6746 = LINE('',#6747,#6748);
#6747 = CARTESIAN_POINT('',(-27.9,7.7,3.));
#6748 = VECTOR('',#6749,1.);
#6749 = DIRECTION('',(0.,0.,1.));
#6750 = PCURVE('',#3417,#6751);
#6751 = DEFINITIONAL_REPRESENTATION('',(#6752),#6756);
#6752 = LINE('',#6753,#6754);
#6753 = CARTESIAN_POINT('',(2.8,0.));
#6754 = VECTOR('',#6755,1.);
#6755 = DIRECTION('',(0.,-1.));
#6756 = ( GEOMETRIC_REPRESENTATION_CONTEXT(2) 
PARAMETRIC_REPRESENTATION_CONTEXT() REPRESENTATION_CONTEXT('2D SPACE',''
  ) );
#6757 = PCURVE('',#3445,#6758);
#6758 = DEFINITIONAL_REPRESENTATION('',(#6759),#6763);
#6759 = LINE('',#6760,#6761);
#6760 = CARTESIAN_POINT('',(3.4,0.));
#6761 = VECTOR('',#6762,1.);
#6762 = DIRECTION('',(0.,-1.));
#6763 = ( GEOMETRIC_REPRESENTATION_CONTEXT(2) 
PARAMETRIC_REPRESENTATION_CONTEXT() REPRESENTATION_CONTEXT('2D SPACE',''
  ) );
#6764 = ORIENTED_EDGE('',*,*,#6765,.T.);
#6765 = EDGE_CURVE('',#6743,#6644,#6766,.T.);
#6766 = SURFACE_CURVE('',#6767,(#6771,#6778),.PCURVE_S1.);
#6767 = LINE('',#6768,#6769);
#6768 = CARTESIAN_POINT('',(-30.7,7.7,138.42));
#6769 = VECTOR('',#6770,1.);
#6770 = DIRECTION('',(1.,0.,0.));
#6771 = PCURVE('',#3417,#6772);
#6772 = DEFINITIONAL_REPRESENTATION('',(#6773),#6777);
#6773 = LINE('',#6774,#6775);
#6774 = CARTESIAN_POINT('',(0.,-135.42));
#6775 = VECTOR('',#6776,1.);
#6776 = DIRECTION('',(1.,0.));
#6777 = ( GEOMETRIC_REPRESENTATION_CONTEXT(2) 
PARAMETRIC_REPRESENTATION_CONTEXT() REPRESENTATION_CONTEXT('2D SPACE',''
  ) );
#6778 = PCURVE('',#5954,#6779);
#6779 = DEFINITIONAL_REPRESENTATION('',(#6780),#6784);
#6780 = LINE('',#6781,#6782);
#6781 = CARTESIAN_POINT('',(-3.1,-2.));
#6782 = VECTOR('',#6783,1.);
#6783 = DIRECTION('',(1.,0.));
#6784 = ( GEOMETRIC_REPRESENTATION_CONTEXT(2) 
PARAMETRIC_REPRESENTATION_CONTEXT() REPRESENTATION_CONTEXT('2D SPACE',''
  ) );
#6785 = ORIENTED_EDGE('',*,*,#6643,.F.);
#6786 = ADVANCED_FACE('',(#6787),#3745,.F.);
#6787 = FACE_BOUND('',#6788,.F.);
#6788 = EDGE_LOOP('',(#6789,#6790,#6791,#6814));
#6789 = ORIENTED_EDGE('',*,*,#3729,.F.);
#6790 = ORIENTED_EDGE('',*,*,#6716,.T.);
#6791 = ORIENTED_EDGE('',*,*,#6792,.T.);
#6792 = EDGE_CURVE('',#6694,#6793,#6795,.T.);
#6793 = VERTEX_POINT('',#6794);
#6794 = CARTESIAN_POINT('',(24.5,4.3,138.42));
#6795 = SURFACE_CURVE('',#6796,(#6800,#6807),.PCURVE_S1.);
#6796 = LINE('',#6797,#6798);
#6797 = CARTESIAN_POINT('',(30.7,4.3,138.42));
#6798 = VECTOR('',#6799,1.);
#6799 = DIRECTION('',(-1.,0.,0.));
#6800 = PCURVE('',#3745,#6801);
#6801 = DEFINITIONAL_REPRESENTATION('',(#6802),#6806);
#6802 = LINE('',#6803,#6804);
#6803 = CARTESIAN_POINT('',(0.,-135.42));
#6804 = VECTOR('',#6805,1.);
#6805 = DIRECTION('',(1.,0.));
#6806 = ( GEOMETRIC_REPRESENTATION_CONTEXT(2) 
PARAMETRIC_REPRESENTATION_CONTEXT() REPRESENTATION_CONTEXT('2D SPACE',''
  ) );
#6807 = PCURVE('',#4505,#6808);
#6808 = DEFINITIONAL_REPRESENTATION('',(#6809),#6813);
#6809 = LINE('',#6810,#6811);
#6810 = CARTESIAN_POINT('',(3.1,2.));
#6811 = VECTOR('',#6812,1.);
#6812 = DIRECTION('',(-1.,0.));
#6813 = ( GEOMETRIC_REPRESENTATION_CONTEXT(2) 
PARAMETRIC_REPRESENTATION_CONTEXT() REPRESENTATION_CONTEXT('2D SPACE',''
  ) );
#6814 = ORIENTED_EDGE('',*,*,#6815,.F.);
#6815 = EDGE_CURVE('',#3702,#6793,#6816,.T.);
#6816 = SURFACE_CURVE('',#6817,(#6821,#6828),.PCURVE_S1.);
#6817 = LINE('',#6818,#6819);
#6818 = CARTESIAN_POINT('',(24.5,4.3,3.));
#6819 = VECTOR('',#6820,1.);
#6820 = DIRECTION('',(0.,0.,1.));
#6821 = PCURVE('',#3745,#6822);
#6822 = DEFINITIONAL_REPRESENTATION('',(#6823),#6827);
#6823 = LINE('',#6824,#6825);
#6824 = CARTESIAN_POINT('',(6.2,0.));
#6825 = VECTOR('',#6826,1.);
#6826 = DIRECTION('',(0.,-1.));
#6827 = ( GEOMETRIC_REPRESENTATION_CONTEXT(2) 
PARAMETRIC_REPRESENTATION_CONTEXT() REPRESENTATION_CONTEXT('2D SPACE',''
  ) );
#6828 = PCURVE('',#3717,#6829);
#6829 = DEFINITIONAL_REPRESENTATION('',(#6830),#6834);
#6830 = LINE('',#6831,#6832);
#6831 = CARTESIAN_POINT('',(0.,0.));
#6832 = VECTOR('',#6833,1.);
#6833 = DIRECTION('',(0.,-1.));
#6834 = ( GEOMETRIC_REPRESENTATION_CONTEXT(2) 
PARAMETRIC_REPRESENTATION_CONTEXT() REPRESENTATION_CONTEXT('2D SPACE',''
  ) );
#6835 = ADVANCED_FACE('',(#6836),#3445,.F.);
#6836 = FACE_BOUND('',#6837,.F.);
#6837 = EDGE_LOOP('',(#6838,#6861,#6882,#6883));
#6838 = ORIENTED_EDGE('',*,*,#6839,.T.);
#6839 = EDGE_CURVE('',#3430,#6840,#6842,.T.);
#6840 = VERTEX_POINT('',#6841);
#6841 = CARTESIAN_POINT('',(-27.9,4.3,138.42));
#6842 = SURFACE_CURVE('',#6843,(#6847,#6854),.PCURVE_S1.);
#6843 = LINE('',#6844,#6845);
#6844 = CARTESIAN_POINT('',(-27.9,4.3,3.));
#6845 = VECTOR('',#6846,1.);
#6846 = DIRECTION('',(0.,0.,1.));
#6847 = PCURVE('',#3445,#6848);
#6848 = DEFINITIONAL_REPRESENTATION('',(#6849),#6853);
#6849 = LINE('',#6850,#6851);
#6850 = CARTESIAN_POINT('',(0.,0.));
#6851 = VECTOR('',#6852,1.);
#6852 = DIRECTION('',(0.,-1.));
#6853 = ( GEOMETRIC_REPRESENTATION_CONTEXT(2) 
PARAMETRIC_REPRESENTATION_CONTEXT() REPRESENTATION_CONTEXT('2D SPACE',''
  ) );
#6854 = PCURVE('',#3473,#6855);
#6855 = DEFINITIONAL_REPRESENTATION('',(#6856),#6860);
#6856 = LINE('',#6857,#6858);
#6857 = CARTESIAN_POINT('',(3.4,0.));
#6858 = VECTOR('',#6859,1.);
#6859 = DIRECTION('',(0.,-1.));
#6860 = ( GEOMETRIC_REPRESENTATION_CONTEXT(2) 
PARAMETRIC_REPRESENTATION_CONTEXT() REPRESENTATION_CONTEXT('2D SPACE',''
  ) );
#6861 = ORIENTED_EDGE('',*,*,#6862,.T.);
#6862 = EDGE_CURVE('',#6840,#6743,#6863,.T.);
#6863 = SURFACE_CURVE('',#6864,(#6868,#6875),.PCURVE_S1.);
#6864 = LINE('',#6865,#6866);
#6865 = CARTESIAN_POINT('',(-27.9,4.3,138.42));
#6866 = VECTOR('',#6867,1.);
#6867 = DIRECTION('',(0.,1.,0.));
#6868 = PCURVE('',#3445,#6869);
#6869 = DEFINITIONAL_REPRESENTATION('',(#6870),#6874);
#6870 = LINE('',#6871,#6872);
#6871 = CARTESIAN_POINT('',(0.,-135.42));
#6872 = VECTOR('',#6873,1.);
#6873 = DIRECTION('',(1.,0.));
#6874 = ( GEOMETRIC_REPRESENTATION_CONTEXT(2) 
PARAMETRIC_REPRESENTATION_CONTEXT() REPRESENTATION_CONTEXT('2D SPACE',''
  ) );
#6875 = PCURVE('',#5954,#6876);
#6876 = DEFINITIONAL_REPRESENTATION('',(#6877),#6881);
#6877 = LINE('',#6878,#6879);
#6878 = CARTESIAN_POINT('',(-0.3,-5.4));
#6879 = VECTOR('',#6880,1.);
#6880 = DIRECTION('',(0.,1.));
#6881 = ( GEOMETRIC_REPRESENTATION_CONTEXT(2) 
PARAMETRIC_REPRESENTATION_CONTEXT() REPRESENTATION_CONTEXT('2D SPACE',''
  ) );
#6882 = ORIENTED_EDGE('',*,*,#6742,.F.);
#6883 = ORIENTED_EDGE('',*,*,#3429,.F.);
#6884 = ADVANCED_FACE('',(#6885),#3717,.F.);
#6885 = FACE_BOUND('',#6886,.F.);
#6886 = EDGE_LOOP('',(#6887,#6888,#6911,#6932));
#6887 = ORIENTED_EDGE('',*,*,#6815,.T.);
#6888 = ORIENTED_EDGE('',*,*,#6889,.T.);
#6889 = EDGE_CURVE('',#6793,#6890,#6892,.T.);
#6890 = VERTEX_POINT('',#6891);
#6891 = CARTESIAN_POINT('',(24.5,0.3,138.42));
#6892 = SURFACE_CURVE('',#6893,(#6897,#6904),.PCURVE_S1.);
#6893 = LINE('',#6894,#6895);
#6894 = CARTESIAN_POINT('',(24.5,4.3,138.42));
#6895 = VECTOR('',#6896,1.);
#6896 = DIRECTION('',(0.,-1.,0.));
#6897 = PCURVE('',#3717,#6898);
#6898 = DEFINITIONAL_REPRESENTATION('',(#6899),#6903);
#6899 = LINE('',#6900,#6901);
#6900 = CARTESIAN_POINT('',(0.,-135.42));
#6901 = VECTOR('',#6902,1.);
#6902 = DIRECTION('',(1.,0.));
#6903 = ( GEOMETRIC_REPRESENTATION_CONTEXT(2) 
PARAMETRIC_REPRESENTATION_CONTEXT() REPRESENTATION_CONTEXT('2D SPACE',''
  ) );
#6904 = PCURVE('',#4505,#6905);
#6905 = DEFINITIONAL_REPRESENTATION('',(#6906),#6910);
#6906 = LINE('',#6907,#6908);
#6907 = CARTESIAN_POINT('',(-3.1,2.));
#6908 = VECTOR('',#6909,1.);
#6909 = DIRECTION('',(0.,-1.));
#6910 = ( GEOMETRIC_REPRESENTATION_CONTEXT(2) 
PARAMETRIC_REPRESENTATION_CONTEXT() REPRESENTATION_CONTEXT('2D SPACE',''
  ) );
#6911 = ORIENTED_EDGE('',*,*,#6912,.F.);
#6912 = EDGE_CURVE('',#3674,#6890,#6913,.T.);
#6913 = SURFACE_CURVE('',#6914,(#6918,#6925),.PCURVE_S1.);
#6914 = LINE('',#6915,#6916);
#6915 = CARTESIAN_POINT('',(24.5,0.3,3.));
#6916 = VECTOR('',#6917,1.);
#6917 = DIRECTION('',(0.,0.,1.));
#6918 = PCURVE('',#3717,#6919);
#6919 = DEFINITIONAL_REPRESENTATION('',(#6920),#6924);
#6920 = LINE('',#6921,#6922);
#6921 = CARTESIAN_POINT('',(4.,0.));
#6922 = VECTOR('',#6923,1.);
#6923 = DIRECTION('',(0.,-1.));
#6924 = ( GEOMETRIC_REPRESENTATION_CONTEXT(2) 
PARAMETRIC_REPRESENTATION_CONTEXT() REPRESENTATION_CONTEXT('2D SPACE',''
  ) );
#6925 = PCURVE('',#3689,#6926);
#6926 = DEFINITIONAL_REPRESENTATION('',(#6927),#6931);
#6927 = LINE('',#6928,#6929);
#6928 = CARTESIAN_POINT('',(0.,0.));
#6929 = VECTOR('',#6930,1.);
#6930 = DIRECTION('',(0.,-1.));
#6931 = ( GEOMETRIC_REPRESENTATION_CONTEXT(2) 
PARAMETRIC_REPRESENTATION_CONTEXT() REPRESENTATION_CONTEXT('2D SPACE',''
  ) );
#6932 = ORIENTED_EDGE('',*,*,#3701,.F.);
#6933 = ADVANCED_FACE('',(#6934),#3473,.F.);
#6934 = FACE_BOUND('',#6935,.F.);
#6935 = EDGE_LOOP('',(#6936,#6937,#6960,#6981));
#6936 = ORIENTED_EDGE('',*,*,#3457,.F.);
#6937 = ORIENTED_EDGE('',*,*,#6938,.T.);
#6938 = EDGE_CURVE('',#3458,#6939,#6941,.T.);
#6939 = VERTEX_POINT('',#6940);
#6940 = CARTESIAN_POINT('',(-24.5,4.3,138.42));
#6941 = SURFACE_CURVE('',#6942,(#6946,#6953),.PCURVE_S1.);
#6942 = LINE('',#6943,#6944);
#6943 = CARTESIAN_POINT('',(-24.5,4.3,3.));
#6944 = VECTOR('',#6945,1.);
#6945 = DIRECTION('',(0.,0.,1.));
#6946 = PCURVE('',#3473,#6947);
#6947 = DEFINITIONAL_REPRESENTATION('',(#6948),#6952);
#6948 = LINE('',#6949,#6950);
#6949 = CARTESIAN_POINT('',(0.,-0.));
#6950 = VECTOR('',#6951,1.);
#6951 = DIRECTION('',(0.,-1.));
#6952 = ( GEOMETRIC_REPRESENTATION_CONTEXT(2) 
PARAMETRIC_REPRESENTATION_CONTEXT() REPRESENTATION_CONTEXT('2D SPACE',''
  ) );
#6953 = PCURVE('',#3501,#6954);
#6954 = DEFINITIONAL_REPRESENTATION('',(#6955),#6959);
#6955 = LINE('',#6956,#6957);
#6956 = CARTESIAN_POINT('',(4.,0.));
#6957 = VECTOR('',#6958,1.);
#6958 = DIRECTION('',(0.,-1.));
#6959 = ( GEOMETRIC_REPRESENTATION_CONTEXT(2) 
PARAMETRIC_REPRESENTATION_CONTEXT() REPRESENTATION_CONTEXT('2D SPACE',''
  ) );
#6960 = ORIENTED_EDGE('',*,*,#6961,.T.);
#6961 = EDGE_CURVE('',#6939,#6840,#6962,.T.);
#6962 = SURFACE_CURVE('',#6963,(#6967,#6974),.PCURVE_S1.);
#6963 = LINE('',#6964,#6965);
#6964 = CARTESIAN_POINT('',(-24.5,4.3,138.42));
#6965 = VECTOR('',#6966,1.);
#6966 = DIRECTION('',(-1.,0.,0.));
#6967 = PCURVE('',#3473,#6968);
#6968 = DEFINITIONAL_REPRESENTATION('',(#6969),#6973);
#6969 = LINE('',#6970,#6971);
#6970 = CARTESIAN_POINT('',(0.,-135.42));
#6971 = VECTOR('',#6972,1.);
#6972 = DIRECTION('',(1.,0.));
#6973 = ( GEOMETRIC_REPRESENTATION_CONTEXT(2) 
PARAMETRIC_REPRESENTATION_CONTEXT() REPRESENTATION_CONTEXT('2D SPACE',''
  ) );
#6974 = PCURVE('',#5954,#6975);
#6975 = DEFINITIONAL_REPRESENTATION('',(#6976),#6980);
#6976 = LINE('',#6977,#6978);
#6977 = CARTESIAN_POINT('',(3.1,-5.4));
#6978 = VECTOR('',#6979,1.);
#6979 = DIRECTION('',(-1.,0.));
#6980 = ( GEOMETRIC_REPRESENTATION_CONTEXT(2) 
PARAMETRIC_REPRESENTATION_CONTEXT() REPRESENTATION_CONTEXT('2D SPACE',''
  ) );
#6981 = ORIENTED_EDGE('',*,*,#6839,.F.);
#6982 = ADVANCED_FACE('',(#6983),#3689,.F.);
#6983 = FACE_BOUND('',#6984,.F.);
#6984 = EDGE_LOOP('',(#6985,#6986,#6987,#7008));
#6985 = ORIENTED_EDGE('',*,*,#3673,.F.);
#6986 = ORIENTED_EDGE('',*,*,#6912,.T.);
#6987 = ORIENTED_EDGE('',*,*,#6988,.T.);
#6988 = EDGE_CURVE('',#6890,#4490,#6989,.T.);
#6989 = SURFACE_CURVE('',#6990,(#6994,#7001),.PCURVE_S1.);
#6990 = LINE('',#6991,#6992);
#6991 = CARTESIAN_POINT('',(24.5,0.3,138.42));
#6992 = VECTOR('',#6993,1.);
#6993 = DIRECTION('',(1.,0.,0.));
#6994 = PCURVE('',#3689,#6995);
#6995 = DEFINITIONAL_REPRESENTATION('',(#6996),#7000);
#6996 = LINE('',#6997,#6998);
#6997 = CARTESIAN_POINT('',(0.,-135.42));
#6998 = VECTOR('',#6999,1.);
#6999 = DIRECTION('',(1.,0.));
#7000 = ( GEOMETRIC_REPRESENTATION_CONTEXT(2) 
PARAMETRIC_REPRESENTATION_CONTEXT() REPRESENTATION_CONTEXT('2D SPACE',''
  ) );
#7001 = PCURVE('',#4505,#7002);
#7002 = DEFINITIONAL_REPRESENTATION('',(#7003),#7007);
#7003 = LINE('',#7004,#7005);
#7004 = CARTESIAN_POINT('',(-3.1,-2.));
#7005 = VECTOR('',#7006,1.);
#7006 = DIRECTION('',(1.,0.));
#7007 = ( GEOMETRIC_REPRESENTATION_CONTEXT(2) 
PARAMETRIC_REPRESENTATION_CONTEXT() REPRESENTATION_CONTEXT('2D SPACE',''
  ) );
#7008 = ORIENTED_EDGE('',*,*,#4517,.T.);
#7009 = ADVANCED_FACE('',(#7010),#3501,.F.);
#7010 = FACE_BOUND('',#7011,.F.);
#7011 = EDGE_LOOP('',(#7012,#7035,#7056,#7057));
#7012 = ORIENTED_EDGE('',*,*,#7013,.T.);
#7013 = EDGE_CURVE('',#3486,#7014,#7016,.T.);
#7014 = VERTEX_POINT('',#7015);
#7015 = CARTESIAN_POINT('',(-24.5,0.3,138.42));
#7016 = SURFACE_CURVE('',#7017,(#7021,#7028),.PCURVE_S1.);
#7017 = LINE('',#7018,#7019);
#7018 = CARTESIAN_POINT('',(-24.5,0.3,3.));
#7019 = VECTOR('',#7020,1.);
#7020 = DIRECTION('',(0.,0.,1.));
#7021 = PCURVE('',#3501,#7022);
#7022 = DEFINITIONAL_REPRESENTATION('',(#7023),#7027);
#7023 = LINE('',#7024,#7025);
#7024 = CARTESIAN_POINT('',(0.,0.));
#7025 = VECTOR('',#7026,1.);
#7026 = DIRECTION('',(0.,-1.));
#7027 = ( GEOMETRIC_REPRESENTATION_CONTEXT(2) 
PARAMETRIC_REPRESENTATION_CONTEXT() REPRESENTATION_CONTEXT('2D SPACE',''
  ) );
#7028 = PCURVE('',#3529,#7029);
#7029 = DEFINITIONAL_REPRESENTATION('',(#7030),#7034);
#7030 = LINE('',#7031,#7032);
#7031 = CARTESIAN_POINT('',(6.2,0.));
#7032 = VECTOR('',#7033,1.);
#7033 = DIRECTION('',(0.,-1.));
#7034 = ( GEOMETRIC_REPRESENTATION_CONTEXT(2) 
PARAMETRIC_REPRESENTATION_CONTEXT() REPRESENTATION_CONTEXT('2D SPACE',''
  ) );
#7035 = ORIENTED_EDGE('',*,*,#7036,.T.);
#7036 = EDGE_CURVE('',#7014,#6939,#7037,.T.);
#7037 = SURFACE_CURVE('',#7038,(#7042,#7049),.PCURVE_S1.);
#7038 = LINE('',#7039,#7040);
#7039 = CARTESIAN_POINT('',(-24.5,0.3,138.42));
#7040 = VECTOR('',#7041,1.);
#7041 = DIRECTION('',(0.,1.,0.));
#7042 = PCURVE('',#3501,#7043);
#7043 = DEFINITIONAL_REPRESENTATION('',(#7044),#7048);
#7044 = LINE('',#7045,#7046);
#7045 = CARTESIAN_POINT('',(0.,-135.42));
#7046 = VECTOR('',#7047,1.);
#7047 = DIRECTION('',(1.,0.));
#7048 = ( GEOMETRIC_REPRESENTATION_CONTEXT(2) 
PARAMETRIC_REPRESENTATION_CONTEXT() REPRESENTATION_CONTEXT('2D SPACE',''
  ) );
#7049 = PCURVE('',#5954,#7050);
#7050 = DEFINITIONAL_REPRESENTATION('',(#7051),#7055);
#7051 = LINE('',#7052,#7053);
#7052 = CARTESIAN_POINT('',(3.1,-9.4));
#7053 = VECTOR('',#7054,1.);
#7054 = DIRECTION('',(0.,1.));
#7055 = ( GEOMETRIC_REPRESENTATION_CONTEXT(2) 
PARAMETRIC_REPRESENTATION_CONTEXT() REPRESENTATION_CONTEXT('2D SPACE',''
  ) );
#7056 = ORIENTED_EDGE('',*,*,#6938,.F.);
#7057 = ORIENTED_EDGE('',*,*,#3485,.F.);
#7058 = ADVANCED_FACE('',(#7059),#3529,.F.);
#7059 = FACE_BOUND('',#7060,.F.);
#7060 = EDGE_LOOP('',(#7061,#7062,#7063,#7084));
#7061 = ORIENTED_EDGE('',*,*,#3513,.F.);
#7062 = ORIENTED_EDGE('',*,*,#5917,.T.);
#7063 = ORIENTED_EDGE('',*,*,#7064,.T.);
#7064 = EDGE_CURVE('',#5918,#7014,#7065,.T.);
#7065 = SURFACE_CURVE('',#7066,(#7070,#7077),.PCURVE_S1.);
#7066 = LINE('',#7067,#7068);
#7067 = CARTESIAN_POINT('',(-30.7,0.3,138.42));
#7068 = VECTOR('',#7069,1.);
#7069 = DIRECTION('',(1.,0.,0.));
#7070 = PCURVE('',#3529,#7071);
#7071 = DEFINITIONAL_REPRESENTATION('',(#7072),#7076);
#7072 = LINE('',#7073,#7074);
#7073 = CARTESIAN_POINT('',(0.,-135.42));
#7074 = VECTOR('',#7075,1.);
#7075 = DIRECTION('',(1.,0.));
#7076 = ( GEOMETRIC_REPRESENTATION_CONTEXT(2) 
PARAMETRIC_REPRESENTATION_CONTEXT() REPRESENTATION_CONTEXT('2D SPACE',''
  ) );
#7077 = PCURVE('',#5954,#7078);
#7078 = DEFINITIONAL_REPRESENTATION('',(#7079),#7083);
#7079 = LINE('',#7080,#7081);
#7080 = CARTESIAN_POINT('',(-3.1,-9.4));
#7081 = VECTOR('',#7082,1.);
#7082 = DIRECTION('',(1.,0.));
#7083 = ( GEOMETRIC_REPRESENTATION_CONTEXT(2) 
PARAMETRIC_REPRESENTATION_CONTEXT() REPRESENTATION_CONTEXT('2D SPACE',''
  ) );
#7084 = ORIENTED_EDGE('',*,*,#7013,.F.);
#7085 = ADVANCED_FACE('',(#7086),#3638,.T.);
#7086 = FACE_BOUND('',#7087,.F.);
#7087 = EDGE_LOOP('',(#7088,#7089,#7090,#7146,#7167,#7336,#7362,#7423));
#7088 = ORIENTED_EDGE('',*,*,#3621,.F.);
#7089 = ORIENTED_EDGE('',*,*,#4400,.F.);
#7090 = ORIENTED_EDGE('',*,*,#7091,.T.);
#7091 = EDGE_CURVE('',#4401,#7092,#7094,.T.);
#7092 = VERTEX_POINT('',#7093);
#7093 = CARTESIAN_POINT('',(28.,-23.89705967113,159.27));
#7094 = SURFACE_CURVE('',#7095,(#7110,#7128),.PCURVE_S1.);
#7095 = B_SPLINE_CURVE_WITH_KNOTS('',4,(#7096,#7097,#7098,#7099,#7100,
    #7101,#7102,#7103,#7104,#7105,#7106,#7107,#7108,#7109),
  .UNSPECIFIED.,.F.,.F.,(5,3,3,3,5),(0.,0.24037593455,0.484930870952,
    0.737380545045,1.),.UNSPECIFIED.);
#7096 = CARTESIAN_POINT('',(30.5,-24.02104428619,156.77));
#7097 = CARTESIAN_POINT('',(30.342107684212,-23.97347638495,
    156.92789231578));
#7098 = CARTESIAN_POINT('',(30.18472133031,-23.93334266265,
    157.08527866969));
#7099 = CARTESIAN_POINT('',(30.028177971801,-23.9002240563,
    157.24182202819));
#7100 = CARTESIAN_POINT('',(29.714578454036,-23.84683453376,
    157.55542154596));
#7101 = CARTESIAN_POINT('',(29.55756214387,-23.82679678975,
    157.71243785613));
#7102 = CARTESIAN_POINT('',(29.401947143024,-23.81326581549,
    157.86805285697));
#7103 = CARTESIAN_POINT('',(29.088956170327,-23.79832532118,
    158.18104382967));
#7104 = CARTESIAN_POINT('',(28.9316864923,-23.79732091719,158.3383135077
    ));
#7105 = CARTESIAN_POINT('',(28.776353770372,-23.80254068364,
    158.49364622962));
#7106 = CARTESIAN_POINT('',(28.463737090048,-23.82525721651,
    158.80626290995));
#7107 = CARTESIAN_POINT('',(28.306627329083,-23.84323982287,
    158.96337267091));
#7108 = CARTESIAN_POINT('',(28.151998256497,-23.86727326433,
    159.1180017435));
#7109 = CARTESIAN_POINT('',(28.,-23.89705967113,159.27));
#7110 = PCURVE('',#3638,#7111);
#7111 = DEFINITIONAL_REPRESENTATION('',(#7112),#7127);
#7112 = B_SPLINE_CURVE_WITH_KNOTS('',4,(#7113,#7114,#7115,#7116,#7117,
    #7118,#7119,#7120,#7121,#7122,#7123,#7124,#7125,#7126),
  .UNSPECIFIED.,.F.,.F.,(5,3,3,3,5),(0.,0.24037593455,0.484930870952,
    0.737380545045,1.),.UNSPECIFIED.);
#7113 = CARTESIAN_POINT('',(-1.278176641451,-153.77));
#7114 = CARTESIAN_POINT('',(-1.309888575612,-153.9278923157));
#7115 = CARTESIAN_POINT('',(-1.341095072732,-154.0852786696));
#7116 = CARTESIAN_POINT('',(-1.371841592483,-154.2418220281));
#7117 = CARTESIAN_POINT('',(-1.433016933003,-154.5554215459));
#7118 = CARTESIAN_POINT('',(-1.463430897742,-154.7124378561));
#7119 = CARTESIAN_POINT('',(-1.493446991061,-154.8680528569));
#7120 = CARTESIAN_POINT('',(-1.553706098551,-155.1810438296));
#7121 = CARTESIAN_POINT('',(-1.583925164647,-155.3383135077));
#7122 = CARTESIAN_POINT('',(-1.613791122149,-155.4936462296));
#7123 = CARTESIAN_POINT('',(-1.674068228085,-155.8062629099));
#7124 = CARTESIAN_POINT('',(-1.704452901603,-155.9633726709));
#7125 = CARTESIAN_POINT('',(-1.734523112509,-156.1180017435));
#7126 = CARTESIAN_POINT('',(-1.764309519306,-156.27));
#7127 = ( GEOMETRIC_REPRESENTATION_CONTEXT(2) 
PARAMETRIC_REPRESENTATION_CONTEXT() REPRESENTATION_CONTEXT('2D SPACE',''
  ) );
#7128 = PCURVE('',#4437,#7129);
#7129 = DEFINITIONAL_REPRESENTATION('',(#7130),#7145);
#7130 = B_SPLINE_CURVE_WITH_KNOTS('',4,(#7131,#7132,#7133,#7134,#7135,
    #7136,#7137,#7138,#7139,#7140,#7141,#7142,#7143,#7144),
  .UNSPECIFIED.,.F.,.F.,(5,3,3,3,5),(0.,0.24037593455,0.484930870952,
    0.737380545045,1.),.UNSPECIFIED.);
#7131 = CARTESIAN_POINT('',(6.478955713802,0.));
#7132 = CARTESIAN_POINT('',(6.402171539306,6.315692631535E-02));
#7133 = CARTESIAN_POINT('',(6.317291607619,0.126111467876));
#7134 = CARTESIAN_POINT('',(6.22475700837,0.18872881128));
#7135 = CARTESIAN_POINT('',(6.023381786165,0.314168618386));
#7136 = CARTESIAN_POINT('',(5.914286861049,0.376975142452));
#7137 = CARTESIAN_POINT('',(5.798042255966,0.439221142791));
#7138 = CARTESIAN_POINT('',(5.54796242055,0.564417531869));
#7139 = CARTESIAN_POINT('',(5.413681406198,0.62732540308));
#7140 = CARTESIAN_POINT('',(5.27252101509,0.689458491851));
#7141 = CARTESIAN_POINT('',(4.971171796859,0.814505163981));
#7142 = CARTESIAN_POINT('',(4.810446191655,0.877349068367));
#7143 = CARTESIAN_POINT('',(4.643028227199,0.939200697401));
#7144 = CARTESIAN_POINT('',(4.469274286804,1.));
#7145 = ( GEOMETRIC_REPRESENTATION_CONTEXT(2) 
PARAMETRIC_REPRESENTATION_CONTEXT() REPRESENTATION_CONTEXT('2D SPACE',''
  ) );
#7146 = ORIENTED_EDGE('',*,*,#7147,.F.);
#7147 = EDGE_CURVE('',#7148,#7092,#7150,.T.);
#7148 = VERTEX_POINT('',#7149);
#7149 = CARTESIAN_POINT('',(28.,-23.89705967113,165.58543049172));
#7150 = SURFACE_CURVE('',#7151,(#7155,#7161),.PCURVE_S1.);
#7151 = LINE('',#7152,#7153);
#7152 = CARTESIAN_POINT('',(28.,-23.89705967113,3.));
#7153 = VECTOR('',#7154,1.);
#7154 = DIRECTION('',(-0.,-0.,-1.));
#7155 = PCURVE('',#3638,#7156);
#7156 = DEFINITIONAL_REPRESENTATION('',(#7157),#7160);
#7157 = B_SPLINE_CURVE_WITH_KNOTS('',1,(#7158,#7159),.UNSPECIFIED.,.F.,
  .F.,(2,2),(-168.2700006,-155.07),.PIECEWISE_BEZIER_KNOTS.);
#7158 = CARTESIAN_POINT('',(-1.764309519306,-168.2700006));
#7159 = CARTESIAN_POINT('',(-1.764309519306,-155.07));
#7160 = ( GEOMETRIC_REPRESENTATION_CONTEXT(2) 
PARAMETRIC_REPRESENTATION_CONTEXT() REPRESENTATION_CONTEXT('2D SPACE',''
  ) );
#7161 = PCURVE('',#5350,#7162);
#7162 = DEFINITIONAL_REPRESENTATION('',(#7163),#7166);
#7163 = B_SPLINE_CURVE_WITH_KNOTS('',1,(#7164,#7165),.UNSPECIFIED.,.F.,
  .F.,(2,2),(-168.2700006,-155.07),.PIECEWISE_BEZIER_KNOTS.);
#7164 = CARTESIAN_POINT('',(4.102940328869,-12.0000006));
#7165 = CARTESIAN_POINT('',(4.102940328869,1.2));
#7166 = ( GEOMETRIC_REPRESENTATION_CONTEXT(2) 
PARAMETRIC_REPRESENTATION_CONTEXT() REPRESENTATION_CONTEXT('2D SPACE',''
  ) );
#7167 = ORIENTED_EDGE('',*,*,#7168,.F.);
#7168 = EDGE_CURVE('',#7169,#7148,#7171,.T.);
#7169 = VERTEX_POINT('',#7170);
#7170 = CARTESIAN_POINT('',(23.897059671131,-28.,165.58543049172));
#7171 = SURFACE_CURVE('',#7172,(#7223,#7277),.PCURVE_S1.);
#7172 = B_SPLINE_CURVE_WITH_KNOTS('',7,(#7173,#7174,#7175,#7176,#7177,
    #7178,#7179,#7180,#7181,#7182,#7183,#7184,#7185,#7186,#7187,#7188,
    #7189,#7190,#7191,#7192,#7193,#7194,#7195,#7196,#7197,#7198,#7199,
    #7200,#7201,#7202,#7203,#7204,#7205,#7206,#7207,#7208,#7209,#7210,
    #7211,#7212,#7213,#7214,#7215,#7216,#7217,#7218,#7219,#7220,#7221,
    #7222),.UNSPECIFIED.,.F.,.F.,(8,6,6,6,6,6,6,6,8),(0.,0.128536255108,
    0.207618747661,0.264433936726,0.500011309075,0.735490259867,
    0.792589902553,0.87117746399,1.),.UNSPECIFIED.);
#7173 = CARTESIAN_POINT('',(24.021044286198,-30.5,163.72999317667));
#7174 = CARTESIAN_POINT('',(23.965303985439,-30.31498100736,
    163.90023570567));
#7175 = CARTESIAN_POINT('',(23.917200936375,-30.1262703213,
    164.06768830365));
#7176 = CARTESIAN_POINT('',(23.877046729542,-29.9341838143,
    164.23190728727));
#7177 = CARTESIAN_POINT('',(23.845154488692,-29.73908995205,
    164.39241070001));
#7178 = CARTESIAN_POINT('',(23.82182407602,-29.54141286525,
    164.54868660157));
#7179 = CARTESIAN_POINT('',(23.807327297383,-29.34163542137,
    164.70020135735));
#7180 = CARTESIAN_POINT('',(23.798549698467,-29.01643121158,
    164.93636215908));
#7181 = CARTESIAN_POINT('',(23.798636737936,-28.89197077416,
    165.02430743217));
#7182 = CARTESIAN_POINT('',(23.80220733298,-28.76704912599,
    165.11011558474));
#7183 = CARTESIAN_POINT('',(23.80930798093,-28.64180074888,
    165.19365864521));
#7184 = CARTESIAN_POINT('',(23.819977360533,-28.51636637051,
    165.27480975408));
#7185 = CARTESIAN_POINT('',(23.834245123075,-28.39089287048,
    165.35344408516));
#7186 = CARTESIAN_POINT('',(23.864980196291,-28.17547110139,
    165.48403730021));
#7187 = CARTESIAN_POINT('',(23.879697031518,-28.08546707568,
    165.53727338314));
#7188 = CARTESIAN_POINT('',(23.896288555169,-27.99557772426,
    165.58910277421));
#7189 = CARTESIAN_POINT('',(23.914759369064,-27.90586020322,
    165.63948180396));
#7190 = CARTESIAN_POINT('',(23.935111310868,-27.81637220965,
    165.68836837499));
#7191 = CARTESIAN_POINT('',(23.957343454094,-27.72717198166,
    165.73572196185));
#7192 = CARTESIAN_POINT('',(24.081415752598,-27.26989714912,
    165.97133173317));
#7193 = CARTESIAN_POINT('',(24.213692232988,-26.90724300361,
    166.13423334242));
#7194 = CARTESIAN_POINT('',(24.377966274835,-26.55491857762,
    166.26720504425));
#7195 = CARTESIAN_POINT('',(24.573055377652,-26.21690400039,
    166.36826861641));
#7196 = CARTESIAN_POINT('',(24.797234015979,-25.89676556668,
    166.43612243845));
#7197 = CARTESIAN_POINT('',(25.048282411119,-25.59779311395,
    166.47000986455));
#7198 = CARTESIAN_POINT('',(25.597878899505,-25.04822452565,
    166.46999013621));
#7199 = CARTESIAN_POINT('',(25.896728712987,-24.79728663719,
    166.43611128913));
#7200 = CARTESIAN_POINT('',(26.216726492286,-24.57319582207,
    166.36829482439));
#7201 = CARTESIAN_POINT('',(26.554586654848,-24.37816919981,
    166.26729625947));
#7202 = CARTESIAN_POINT('',(26.906747489953,-24.21393041127,
    166.134415306));
#7203 = CARTESIAN_POINT('',(27.269234078477,-24.08166102034,
    165.97162716444));
#7204 = CARTESIAN_POINT('',(27.726785409061,-23.95743258608,
    165.73593228412));
#7205 = CARTESIAN_POINT('',(27.816431552586,-23.93508348448,
    165.68834608942));
#7206 = CARTESIAN_POINT('',(27.906368444496,-23.91463346539,
    165.63921145045));
#7207 = CARTESIAN_POINT('',(27.996536967192,-23.89608347014,
    165.58856950404));
#7208 = CARTESIAN_POINT('',(28.086878556087,-23.87943162044,
    165.53646298974));
#7209 = CARTESIAN_POINT('',(28.177335199608,-23.86467321835,
    165.48293624991));
#7210 = CARTESIAN_POINT('',(28.392426284676,-23.83408406459,
    165.35247368314));
#7211 = CARTESIAN_POINT('',(28.517113539953,-23.81993978149,
    165.2743079979));
#7212 = CARTESIAN_POINT('',(28.641761180963,-23.80934873895,
    165.19365780368));
#7213 = CARTESIAN_POINT('',(28.766225091972,-23.80228180542,
    165.11064560481));
#7214 = CARTESIAN_POINT('',(28.890367156661,-23.79870104746,
    165.02539588728));
#7215 = CARTESIAN_POINT('',(29.014055349209,-23.79856090139,
    164.93803422581));
#7216 = CARTESIAN_POINT('',(29.33896606755,-23.80713426855,
    164.70222536753));
#7217 = CARTESIAN_POINT('',(29.539211765987,-23.82156473592,
    164.55042639493));
#7218 = CARTESIAN_POINT('',(29.737352079761,-23.84487065543,
    164.39384026171));
#7219 = CARTESIAN_POINT('',(29.932900522365,-23.87677859492,
    164.23300431151));
#7220 = CARTESIAN_POINT('',(30.125429862931,-23.91698674281,
    164.06843405518));
#7221 = CARTESIAN_POINT('',(30.31456902745,-23.96517986907,
    163.90061478298));
#7222 = CARTESIAN_POINT('',(30.5,-24.02104428619,163.72999317667));
#7223 = PCURVE('',#3638,#7224);
#7224 = DEFINITIONAL_REPRESENTATION('',(#7225),#7276);
#7225 = B_SPLINE_CURVE_WITH_KNOTS('',7,(#7226,#7227,#7228,#7229,#7230,
    #7231,#7232,#7233,#7234,#7235,#7236,#7237,#7238,#7239,#7240,#7241,
    #7242,#7243,#7244,#7245,#7246,#7247,#7248,#7249,#7250,#7251,#7252,
    #7253,#7254,#7255,#7256,#7257,#7258,#7259,#7260,#7261,#7262,#7263,
    #7264,#7265,#7266,#7267,#7268,#7269,#7270,#7271,#7272,#7273,#7274,
    #7275),.UNSPECIFIED.,.F.,.F.,(8,6,6,6,6,6,6,6,8),(0.,0.128536255108,
    0.207618747661,0.264433936726,0.500011309075,0.735490259867,
    0.792589902553,0.87117746399,1.),.UNSPECIFIED.);
#7226 = CARTESIAN_POINT('',(-3.434212338934,-160.7299931766));
#7227 = CARTESIAN_POINT('',(-3.397052138428,-160.9002357056));
#7228 = CARTESIAN_POINT('',(-3.35963576315,-161.0676883036));
#7229 = CARTESIAN_POINT('',(-3.321955137907,-161.2319072872));
#7230 = CARTESIAN_POINT('',(-3.284006129083,-161.3924107));
#7231 = CARTESIAN_POINT('',(-3.245789047047,-161.5486866015));
#7232 = CARTESIAN_POINT('',(-3.207309148555,-161.7002013573));
#7233 = CARTESIAN_POINT('',(-3.144747101157,-161.936362159));
#7234 = CARTESIAN_POINT('',(-3.120821562819,-162.0243074321));
#7235 = CARTESIAN_POINT('',(-3.09680334605,-162.1101155847));
#7236 = CARTESIAN_POINT('',(-3.072695626507,-162.1936586452));
#7237 = CARTESIAN_POINT('',(-3.048502058615,-162.274809754));
#7238 = CARTESIAN_POINT('',(-3.024226900579,-162.3534440851));
#7239 = CARTESIAN_POINT('',(-2.982380117793,-162.4840373002));
#7240 = CARTESIAN_POINT('',(-2.964845445927,-162.5372733831));
#7241 = CARTESIAN_POINT('',(-2.947272915132,-162.5891027742));
#7242 = CARTESIAN_POINT('',(-2.929664366484,-162.6394818039));
#7243 = CARTESIAN_POINT('',(-2.912021690796,-162.6883683749));
#7244 = CARTESIAN_POINT('',(-2.894346828622,-162.7357219618));
#7245 = CARTESIAN_POINT('',(-2.803229867624,-162.9713317331));
#7246 = CARTESIAN_POINT('',(-2.729261067167,-163.1342333424));
#7247 = CARTESIAN_POINT('',(-2.654952038678,-163.2672050442));
#7248 = CARTESIAN_POINT('',(-2.580410157809,-163.3682686164));
#7249 = CARTESIAN_POINT('',(-2.505710896446,-163.4361224384));
#7250 = CARTESIAN_POINT('',(-2.430918094891,-163.4700098645));
#7251 = CARTESIAN_POINT('',(-2.281451348811,-163.4699901362));
#7252 = CARTESIAN_POINT('',(-2.206689920069,-163.4361112891));
#7253 = CARTESIAN_POINT('',(-2.132021920365,-163.3682948243));
#7254 = CARTESIAN_POINT('',(-2.057511124259,-163.2672962594));
#7255 = CARTESIAN_POINT('',(-1.983232912612,-163.134415306));
#7256 = CARTESIAN_POINT('',(-1.909294529014,-162.9716271644));
#7257 = CARTESIAN_POINT('',(-1.818118386821,-162.7359322841));
#7258 = CARTESIAN_POINT('',(-1.800354935349,-162.6883460894));
#7259 = CARTESIAN_POINT('',(-1.782623990399,-162.6392114504));
#7260 = CARTESIAN_POINT('',(-1.764927521869,-162.588569504));
#7261 = CARTESIAN_POINT('',(-1.74726744883,-162.5364629897));
#7262 = CARTESIAN_POINT('',(-1.729645639537,-162.4829362499));
#7263 = CARTESIAN_POINT('',(-1.687865771574,-162.3524736831));
#7264 = CARTESIAN_POINT('',(-1.663743342667,-162.2743079979));
#7265 = CARTESIAN_POINT('',(-1.639701511622,-162.1936578036));
#7266 = CARTESIAN_POINT('',(-1.6157444556,-162.1106456048));
#7267 = CARTESIAN_POINT('',(-1.591875763213,-162.0253958872));
#7268 = CARTESIAN_POINT('',(-1.568098555725,-161.9380342258));
#7269 = CARTESIAN_POINT('',(-1.505593976746,-161.7022253675));
#7270 = CARTESIAN_POINT('',(-1.467025461745,-161.5504263949));
#7271 = CARTESIAN_POINT('',(-1.428720886198,-161.3938402617));
#7272 = CARTESIAN_POINT('',(-1.390685573485,-161.2330043115));
#7273 = CARTESIAN_POINT('',(-1.352919856413,-161.0684340551));
#7274 = CARTESIAN_POINT('',(-1.315419586198,-160.9006147829));
#7275 = CARTESIAN_POINT('',(-1.278176641451,-160.7299931766));
#7276 = ( GEOMETRIC_REPRESENTATION_CONTEXT(2) 
PARAMETRIC_REPRESENTATION_CONTEXT() REPRESENTATION_CONTEXT('2D SPACE',''
  ) );
#7277 = PCURVE('',#7278,#7283);
#7278 = B_SPLINE_SURFACE_WITH_KNOTS('',1,1,(
    (#7279,#7280)
    ,(#7281,#7282
    )),.UNSPECIFIED.,.F.,.F.,.F.,(2,2),(2,2),(0.,80.044487630317),(0.,1.
    ),.PIECEWISE_BEZIER_KNOTS.);
#7279 = CARTESIAN_POINT('',(-5.686373822957E-15,-56.6,162.25994949366));
#7280 = CARTESIAN_POINT('',(-4.897300288829E-15,-47.3933982822,168.77));
#7281 = CARTESIAN_POINT('',(56.6,-5.862415192719E-15,162.25994949366));
#7282 = CARTESIAN_POINT('',(47.393398282202,-2.376014251686E-15,168.77)
  );
#7283 = DEFINITIONAL_REPRESENTATION('',(#7284),#7335);
#7284 = B_SPLINE_CURVE_WITH_KNOTS('',7,(#7285,#7286,#7287,#7288,#7289,
    #7290,#7291,#7292,#7293,#7294,#7295,#7296,#7297,#7298,#7299,#7300,
    #7301,#7302,#7303,#7304,#7305,#7306,#7307,#7308,#7309,#7310,#7311,
    #7312,#7313,#7314,#7315,#7316,#7317,#7318,#7319,#7320,#7321,#7322,
    #7323,#7324,#7325,#7326,#7327,#7328,#7329,#7330,#7331,#7332,#7333,
    #7334),.UNSPECIFIED.,.F.,.F.,(8,6,6,6,6,6,6,6,8),(0.,0.128536255108,
    0.207618747661,0.264433936726,0.500011309075,0.735490259867,
    0.792589902553,0.87117746399,1.),.UNSPECIFIED.);
#7285 = CARTESIAN_POINT('',(35.266239071665,0.225811409848));
#7286 = CARTESIAN_POINT('',(35.340136610455,0.251962133076));
#7287 = CARTESIAN_POINT('',(35.423456125034,0.277684298798));
#7288 = CARTESIAN_POINT('',(35.516400940914,0.302909753418));
#7289 = CARTESIAN_POINT('',(35.619134674148,0.32756446425));
#7290 = CARTESIAN_POINT('',(35.731757606511,0.351569792844));
#7291 = CARTESIAN_POINT('',(35.85428306068,0.374843768312));
#7292 = CARTESIAN_POINT('',(36.068030825833,0.411120107719));
#7293 = CARTESIAN_POINT('',(36.153159734443,0.424629261451));
#7294 = CARTESIAN_POINT('',(36.241976738276,0.437810135007));
#7295 = CARTESIAN_POINT('',(36.334443331795,0.450643070849));
#7296 = CARTESIAN_POINT('',(36.430504614358,0.463108582259));
#7297 = CARTESIAN_POINT('',(36.530087637685,0.475187494858));
#7298 = CARTESIAN_POINT('',(36.707106687582,0.495247740923));
#7299 = CARTESIAN_POINT('',(36.782884005975,0.503425263183));
#7300 = CARTESIAN_POINT('',(36.860397640598,0.511386705419));
#7301 = CARTESIAN_POINT('',(36.939608945192,0.519125359629));
#7302 = CARTESIAN_POINT('',(37.020474695156,0.526634759284));
#7303 = CARTESIAN_POINT('',(37.102947087547,0.533908679328));
#7304 = CARTESIAN_POINT('',(37.535380189644,0.570100375704));
#7305 = CARTESIAN_POINT('',(37.910687746523,0.595123470238));
#7306 = CARTESIAN_POINT('',(38.308856280623,0.615549072421));
#7307 = CARTESIAN_POINT('',(38.724945186077,0.631073310223));
#7308 = CARTESIAN_POINT('',(39.153356519198,0.641496243497));
#7309 = CARTESIAN_POINT('',(39.58800197038,0.64670164491));
#7310 = CARTESIAN_POINT('',(40.45659919361,0.646698614466));
#7311 = CARTESIAN_POINT('',(40.891059567423,0.641494530865));
#7312 = CARTESIAN_POINT('',(41.319290838176,0.631077335995));
#7313 = CARTESIAN_POINT('',(41.735212435438,0.615563083867));
#7314 = CARTESIAN_POINT('',(42.133233197908,0.595151421417));
#7315 = CARTESIAN_POINT('',(42.50841797332,0.570145756499));
#7316 = CARTESIAN_POINT('',(42.941190019212,0.533940986646));
#7317 = CARTESIAN_POINT('',(43.024080308758,0.526631336029));
#7318 = CARTESIAN_POINT('',(43.105347891714,0.519083830994));
#7319 = CARTESIAN_POINT('',(43.184944241975,0.511304790514));
#7320 = CARTESIAN_POINT('',(43.262825504513,0.503300779755));
#7321 = CARTESIAN_POINT('',(43.338952495377,0.495078610083));
#7322 = CARTESIAN_POINT('',(43.515604097728,0.475038432723));
#7323 = CARTESIAN_POINT('',(43.6145299913,0.463031508175));
#7324 = CARTESIAN_POINT('',(43.709977663684,0.450642941582));
#7325 = CARTESIAN_POINT('',(43.801875595453,0.437891550669));
#7326 = CARTESIAN_POINT('',(43.890169864928,0.424796457559));
#7327 = CARTESIAN_POINT('',(43.974822546637,0.411376951614));
#7328 = CARTESIAN_POINT('',(44.188566783675,0.375154673762));
#7329 = CARTESIAN_POINT('',(44.311475570467,0.351837040135));
#7330 = CARTESIAN_POINT('',(44.424437574901,0.327784057279));
#7331 = CARTESIAN_POINT('',(44.527465625461,0.303078265818));
#7332 = CARTESIAN_POINT('',(44.620660386931,0.277798852676));
#7333 = CARTESIAN_POINT('',(44.704186472963,0.252020362626));
#7334 = CARTESIAN_POINT('',(44.778248558652,0.225811409848));
#7335 = ( GEOMETRIC_REPRESENTATION_CONTEXT(2) 
PARAMETRIC_REPRESENTATION_CONTEXT() REPRESENTATION_CONTEXT('2D SPACE',''
  ) );
#7336 = ORIENTED_EDGE('',*,*,#7337,.T.);
#7337 = EDGE_CURVE('',#7169,#7338,#7340,.T.);
#7338 = VERTEX_POINT('',#7339);
#7339 = CARTESIAN_POINT('',(23.897059671131,-28.,159.27));
#7340 = SURFACE_CURVE('',#7341,(#7345,#7351),.PCURVE_S1.);
#7341 = LINE('',#7342,#7343);
#7342 = CARTESIAN_POINT('',(23.897059671131,-28.,3.));
#7343 = VECTOR('',#7344,1.);
#7344 = DIRECTION('',(-0.,-0.,-1.));
#7345 = PCURVE('',#3638,#7346);
#7346 = DEFINITIONAL_REPRESENTATION('',(#7347),#7350);
#7347 = B_SPLINE_CURVE_WITH_KNOTS('',1,(#7348,#7349),.UNSPECIFIED.,.F.,
  .F.,(2,2),(-168.2700006,-155.07),.PIECEWISE_BEZIER_KNOTS.);
#7348 = CARTESIAN_POINT('',(-2.948079461079,-168.2700006));
#7349 = CARTESIAN_POINT('',(-2.948079461079,-155.07));
#7350 = ( GEOMETRIC_REPRESENTATION_CONTEXT(2) 
PARAMETRIC_REPRESENTATION_CONTEXT() REPRESENTATION_CONTEXT('2D SPACE',''
  ) );
#7351 = PCURVE('',#7352,#7357);
#7352 = PLANE('',#7353);
#7353 = AXIS2_PLACEMENT_3D('',#7354,#7355,#7356);
#7354 = CARTESIAN_POINT('',(-28.,-28.,159.27));
#7355 = DIRECTION('',(0.,1.,0.));
#7356 = DIRECTION('',(1.,0.,0.));
#7357 = DEFINITIONAL_REPRESENTATION('',(#7358),#7361);
#7358 = B_SPLINE_CURVE_WITH_KNOTS('',1,(#7359,#7360),.UNSPECIFIED.,.F.,
  .F.,(2,2),(-168.2700006,-155.07),.PIECEWISE_BEZIER_KNOTS.);
#7359 = CARTESIAN_POINT('',(51.897059671131,-12.0000006));
#7360 = CARTESIAN_POINT('',(51.897059671131,1.2));
#7361 = ( GEOMETRIC_REPRESENTATION_CONTEXT(2) 
PARAMETRIC_REPRESENTATION_CONTEXT() REPRESENTATION_CONTEXT('2D SPACE',''
  ) );
#7362 = ORIENTED_EDGE('',*,*,#7363,.F.);
#7363 = EDGE_CURVE('',#7364,#7338,#7366,.T.);
#7364 = VERTEX_POINT('',#7365);
#7365 = CARTESIAN_POINT('',(24.021044286198,-30.5,156.77));
#7366 = SURFACE_CURVE('',#7367,(#7382,#7400),.PCURVE_S1.);
#7367 = B_SPLINE_CURVE_WITH_KNOTS('',4,(#7368,#7369,#7370,#7371,#7372,
    #7373,#7374,#7375,#7376,#7377,#7378,#7379,#7380,#7381),
  .UNSPECIFIED.,.F.,.F.,(5,3,3,3,5),(0.,0.24037593455,0.484930870952,
    0.737380545045,1.),.UNSPECIFIED.);
#7368 = CARTESIAN_POINT('',(24.021044286198,-30.5,156.77));
#7369 = CARTESIAN_POINT('',(23.973476384956,-30.34210768421,
    156.92789231578));
#7370 = CARTESIAN_POINT('',(23.93334266265,-30.18472133031,
    157.08527866969));
#7371 = CARTESIAN_POINT('',(23.900224056302,-30.0281779718,
    157.2418220282));
#7372 = CARTESIAN_POINT('',(23.846834533767,-29.71457845403,
    157.55542154596));
#7373 = CARTESIAN_POINT('',(23.826796789754,-29.55756214387,
    157.71243785613));
#7374 = CARTESIAN_POINT('',(23.813265815494,-29.40194714302,
    157.86805285697));
#7375 = CARTESIAN_POINT('',(23.798325321185,-29.08895617032,
    158.18104382967));
#7376 = CARTESIAN_POINT('',(23.797320917196,-28.9316864923,
    158.3383135077));
#7377 = CARTESIAN_POINT('',(23.802540683644,-28.77635377037,
    158.49364622962));
#7378 = CARTESIAN_POINT('',(23.825257216512,-28.46373709004,
    158.80626290995));
#7379 = CARTESIAN_POINT('',(23.843239822879,-28.30662732908,
    158.96337267091));
#7380 = CARTESIAN_POINT('',(23.867273264334,-28.15199825649,
    159.1180017435));
#7381 = CARTESIAN_POINT('',(23.897059671131,-28.,159.27));
#7382 = PCURVE('',#3638,#7383);
#7383 = DEFINITIONAL_REPRESENTATION('',(#7384),#7399);
#7384 = B_SPLINE_CURVE_WITH_KNOTS('',4,(#7385,#7386,#7387,#7388,#7389,
    #7390,#7391,#7392,#7393,#7394,#7395,#7396,#7397,#7398),
  .UNSPECIFIED.,.F.,.F.,(5,3,3,3,5),(0.,0.24037593455,0.484930870952,
    0.737380545045,1.),.UNSPECIFIED.);
#7385 = CARTESIAN_POINT('',(-3.434212338934,-153.77));
#7386 = CARTESIAN_POINT('',(-3.402500404773,-153.9278923157));
#7387 = CARTESIAN_POINT('',(-3.371293907652,-154.0852786696));
#7388 = CARTESIAN_POINT('',(-3.340547387901,-154.2418220282));
#7389 = CARTESIAN_POINT('',(-3.279372047382,-154.5554215459));
#7390 = CARTESIAN_POINT('',(-3.248958082642,-154.7124378561));
#7391 = CARTESIAN_POINT('',(-3.218941989324,-154.8680528569));
#7392 = CARTESIAN_POINT('',(-3.158682881834,-155.1810438296));
#7393 = CARTESIAN_POINT('',(-3.128463815738,-155.3383135077));
#7394 = CARTESIAN_POINT('',(-3.098597858236,-155.4936462296));
#7395 = CARTESIAN_POINT('',(-3.038320752299,-155.8062629099));
#7396 = CARTESIAN_POINT('',(-3.007936078781,-155.9633726709));
#7397 = CARTESIAN_POINT('',(-2.977865867876,-156.1180017435));
#7398 = CARTESIAN_POINT('',(-2.948079461079,-156.27));
#7399 = ( GEOMETRIC_REPRESENTATION_CONTEXT(2) 
PARAMETRIC_REPRESENTATION_CONTEXT() REPRESENTATION_CONTEXT('2D SPACE',''
  ) );
#7400 = PCURVE('',#7401,#7406);
#7401 = B_SPLINE_SURFACE_WITH_KNOTS('',1,1,(
    (#7402,#7403)
    ,(#7404,#7405
    )),.UNSPECIFIED.,.F.,.F.,.F.,(2,2),(2,2),(0.,61.),(0.,1.),
  .PIECEWISE_BEZIER_KNOTS.);
#7402 = CARTESIAN_POINT('',(-30.5,-30.5,156.77));
#7403 = CARTESIAN_POINT('',(-28.,-28.,159.27));
#7404 = CARTESIAN_POINT('',(30.5,-30.5,156.77));
#7405 = CARTESIAN_POINT('',(28.,-28.,159.27));
#7406 = DEFINITIONAL_REPRESENTATION('',(#7407),#7422);
#7407 = B_SPLINE_CURVE_WITH_KNOTS('',4,(#7408,#7409,#7410,#7411,#7412,
    #7413,#7414,#7415,#7416,#7417,#7418,#7419,#7420,#7421),
  .UNSPECIFIED.,.F.,.F.,(5,3,3,3,5),(0.,0.24037593455,0.484930870952,
    0.737380545045,1.),.UNSPECIFIED.);
#7408 = CARTESIAN_POINT('',(54.521044286198,0.));
#7409 = CARTESIAN_POINT('',(54.597828460694,6.315692631537E-02));
#7410 = CARTESIAN_POINT('',(54.682708392381,0.126111467876));
#7411 = CARTESIAN_POINT('',(54.77524299163,0.18872881128));
#7412 = CARTESIAN_POINT('',(54.976618213835,0.314168618386));
#7413 = CARTESIAN_POINT('',(55.085713138951,0.376975142452));
#7414 = CARTESIAN_POINT('',(55.201957744034,0.439221142791));
#7415 = CARTESIAN_POINT('',(55.45203757945,0.564417531869));
#7416 = CARTESIAN_POINT('',(55.586318593802,0.62732540308));
#7417 = CARTESIAN_POINT('',(55.72747898491,0.689458491851));
#7418 = CARTESIAN_POINT('',(56.028828203141,0.814505163981));
#7419 = CARTESIAN_POINT('',(56.189553808345,0.877349068367));
#7420 = CARTESIAN_POINT('',(56.356971772801,0.939200697401));
#7421 = CARTESIAN_POINT('',(56.530725713196,1.));
#7422 = ( GEOMETRIC_REPRESENTATION_CONTEXT(2) 
PARAMETRIC_REPRESENTATION_CONTEXT() REPRESENTATION_CONTEXT('2D SPACE',''
  ) );
#7423 = ORIENTED_EDGE('',*,*,#7424,.T.);
#7424 = EDGE_CURVE('',#7364,#3594,#7425,.T.);
#7425 = SURFACE_CURVE('',#7426,(#7430,#7436),.PCURVE_S1.);
#7426 = LINE('',#7427,#7428);
#7427 = CARTESIAN_POINT('',(24.021044286198,-30.5,3.));
#7428 = VECTOR('',#7429,1.);
#7429 = DIRECTION('',(-0.,-0.,-1.));
#7430 = PCURVE('',#3638,#7431);
#7431 = DEFINITIONAL_REPRESENTATION('',(#7432),#7435);
#7432 = B_SPLINE_CURVE_WITH_KNOTS('',1,(#7433,#7434),.UNSPECIFIED.,.F.,
  .F.,(2,2),(-168.2700006,5.999999999062E-07),.PIECEWISE_BEZIER_KNOTS.);
#7433 = CARTESIAN_POINT('',(-3.434212338934,-168.2700006));
#7434 = CARTESIAN_POINT('',(-3.434212338934,5.999999999062E-07));
#7435 = ( GEOMETRIC_REPRESENTATION_CONTEXT(2) 
PARAMETRIC_REPRESENTATION_CONTEXT() REPRESENTATION_CONTEXT('2D SPACE',''
  ) );
#7436 = PCURVE('',#3609,#7437);
#7437 = DEFINITIONAL_REPRESENTATION('',(#7438),#7441);
#7438 = B_SPLINE_CURVE_WITH_KNOTS('',1,(#7439,#7440),.UNSPECIFIED.,.F.,
  .F.,(2,2),(-168.2700006,5.999999999062E-07),.PIECEWISE_BEZIER_KNOTS.);
#7439 = CARTESIAN_POINT('',(54.521044286198,-168.2700006));
#7440 = CARTESIAN_POINT('',(54.521044286198,5.999999999062E-07));
#7441 = ( GEOMETRIC_REPRESENTATION_CONTEXT(2) 
PARAMETRIC_REPRESENTATION_CONTEXT() REPRESENTATION_CONTEXT('2D SPACE',''
  ) );
#7442 = ADVANCED_FACE('',(#7443),#3609,.T.);
#7443 = FACE_BOUND('',#7444,.T.);
#7444 = EDGE_LOOP('',(#7445,#7446,#7467,#7487));
#7445 = ORIENTED_EDGE('',*,*,#3593,.F.);
#7446 = ORIENTED_EDGE('',*,*,#7447,.F.);
#7447 = EDGE_CURVE('',#7448,#3565,#7450,.T.);
#7448 = VERTEX_POINT('',#7449);
#7449 = CARTESIAN_POINT('',(-24.02104428619,-30.5,156.77));
#7450 = SURFACE_CURVE('',#7451,(#7455,#7461),.PCURVE_S1.);
#7451 = LINE('',#7452,#7453);
#7452 = CARTESIAN_POINT('',(-24.02104428619,-30.5,3.));
#7453 = VECTOR('',#7454,1.);
#7454 = DIRECTION('',(-0.,-0.,-1.));
#7455 = PCURVE('',#3609,#7456);
#7456 = DEFINITIONAL_REPRESENTATION('',(#7457),#7460);
#7457 = B_SPLINE_CURVE_WITH_KNOTS('',1,(#7458,#7459),.UNSPECIFIED.,.F.,
  .F.,(2,2),(-168.2700006,5.999999999062E-07),.PIECEWISE_BEZIER_KNOTS.);
#7458 = CARTESIAN_POINT('',(6.478955713802,-168.2700006));
#7459 = CARTESIAN_POINT('',(6.478955713802,5.999999999062E-07));
#7460 = ( GEOMETRIC_REPRESENTATION_CONTEXT(2) 
PARAMETRIC_REPRESENTATION_CONTEXT() REPRESENTATION_CONTEXT('2D SPACE',''
  ) );
#7461 = PCURVE('',#3581,#7462);
#7462 = DEFINITIONAL_REPRESENTATION('',(#7463),#7466);
#7463 = B_SPLINE_CURVE_WITH_KNOTS('',1,(#7464,#7465),.UNSPECIFIED.,.F.,
  .F.,(2,2),(-168.2700006,5.999999999062E-07),.PIECEWISE_BEZIER_KNOTS.);
#7464 = CARTESIAN_POINT('',(-5.990565621835,-168.2700006));
#7465 = CARTESIAN_POINT('',(-5.990565621835,5.999999999062E-07));
#7466 = ( GEOMETRIC_REPRESENTATION_CONTEXT(2) 
PARAMETRIC_REPRESENTATION_CONTEXT() REPRESENTATION_CONTEXT('2D SPACE',''
  ) );
#7467 = ORIENTED_EDGE('',*,*,#7468,.T.);
#7468 = EDGE_CURVE('',#7448,#7364,#7469,.T.);
#7469 = SURFACE_CURVE('',#7470,(#7474,#7481),.PCURVE_S1.);
#7470 = LINE('',#7471,#7472);
#7471 = CARTESIAN_POINT('',(-30.5,-30.5,156.77));
#7472 = VECTOR('',#7473,1.);
#7473 = DIRECTION('',(1.,0.,0.));
#7474 = PCURVE('',#3609,#7475);
#7475 = DEFINITIONAL_REPRESENTATION('',(#7476),#7480);
#7476 = LINE('',#7477,#7478);
#7477 = CARTESIAN_POINT('',(0.,-153.77));
#7478 = VECTOR('',#7479,1.);
#7479 = DIRECTION('',(1.,0.));
#7480 = ( GEOMETRIC_REPRESENTATION_CONTEXT(2) 
PARAMETRIC_REPRESENTATION_CONTEXT() REPRESENTATION_CONTEXT('2D SPACE',''
  ) );
#7481 = PCURVE('',#7401,#7482);
#7482 = DEFINITIONAL_REPRESENTATION('',(#7483),#7486);
#7483 = B_SPLINE_CURVE_WITH_KNOTS('',1,(#7484,#7485),.UNSPECIFIED.,.F.,
  .F.,(2,2),(0.,61.),.PIECEWISE_BEZIER_KNOTS.);
#7484 = CARTESIAN_POINT('',(0.,0.));
#7485 = CARTESIAN_POINT('',(61.,0.));
#7486 = ( GEOMETRIC_REPRESENTATION_CONTEXT(2) 
PARAMETRIC_REPRESENTATION_CONTEXT() REPRESENTATION_CONTEXT('2D SPACE',''
  ) );
#7487 = ORIENTED_EDGE('',*,*,#7424,.T.);
#7488 = ADVANCED_FACE('',(#7489),#3581,.T.);
#7489 = FACE_BOUND('',#7490,.F.);
#7490 = EDGE_LOOP('',(#7491,#7492,#7493,#7569,#7590,#7741,#7762,#7816));
#7491 = ORIENTED_EDGE('',*,*,#3564,.F.);
#7492 = ORIENTED_EDGE('',*,*,#7447,.F.);
#7493 = ORIENTED_EDGE('',*,*,#7494,.T.);
#7494 = EDGE_CURVE('',#7448,#7495,#7497,.T.);
#7495 = VERTEX_POINT('',#7496);
#7496 = CARTESIAN_POINT('',(-23.89705967113,-28.,159.27));
#7497 = SURFACE_CURVE('',#7498,(#7511,#7540),.PCURVE_S1.);
#7498 = B_SPLINE_CURVE_WITH_KNOTS('',5,(#7499,#7500,#7501,#7502,#7503,
    #7504,#7505,#7506,#7507,#7508,#7509,#7510),.UNSPECIFIED.,.F.,.F.,(6,
    4,2,6),(0.,0.494495991854,1.,1.71231134673),.UNSPECIFIED.);
#7499 = CARTESIAN_POINT('',(-24.02104428619,-30.5,156.77));
#7500 = CARTESIAN_POINT('',(-23.97532561893,-30.34824585361,
    156.92175414638));
#7501 = CARTESIAN_POINT('',(-23.93604547881,-30.19693040047,
    157.07306959952));
#7502 = CARTESIAN_POINT('',(-23.9029118909,-30.04628631912,
    157.22371368087));
#7503 = CARTESIAN_POINT('',(-23.87566037917,-29.89651218186,
    157.37348781813));
#7504 = CARTESIAN_POINT('',(-23.83195170162,-29.59572175277,
    157.67427824722));
#7505 = CARTESIAN_POINT('',(-23.81574837527,-29.4447539869,
    157.82524601309));
#7506 = CARTESIAN_POINT('',(-23.79028120456,-29.08409170292,
    158.18590829707));
#7507 = CARTESIAN_POINT('',(-23.79612090216,-28.73162973341,
    158.53837026658));
#7508 = CARTESIAN_POINT('',(-23.83022900468,-28.38918853216,
    158.88081146783));
#7509 = CARTESIAN_POINT('',(-23.8593138525,-28.19261466009,
    159.0773853399));
#7510 = CARTESIAN_POINT('',(-23.89705967113,-28.,159.27));
#7511 = PCURVE('',#3581,#7512);
#7512 = DEFINITIONAL_REPRESENTATION('',(#7513),#7539);
#7513 = B_SPLINE_CURVE_WITH_KNOTS('',3,(#7514,#7515,#7516,#7517,#7518,
    #7519,#7520,#7521,#7522,#7523,#7524,#7525,#7526,#7527,#7528,#7529,
    #7530,#7531,#7532,#7533,#7534,#7535,#7536,#7537,#7538),
  .UNSPECIFIED.,.F.,.F.,(4,1,1,1,1,1,1,1,1,1,1,1,1,1,1,1,1,1,1,1,1,1,4),
  (0.,7.783233394227E-02,0.155664667885,0.233497001827,0.311329335769,
    0.389161669711,0.466994003654,0.544826337596,0.622658671538,
    0.70049100548,0.778323339423,0.856155673365,0.933988007307,
    1.01182034125,1.089652675192,1.167485009134,1.245317343076,
    1.323149677019,1.400982010961,1.478814344903,1.556646678845,
    1.634479012788,1.71231134673),.QUASI_UNIFORM_KNOTS.);
#7514 = CARTESIAN_POINT('',(-5.990565621835,-153.77));
#7515 = CARTESIAN_POINT('',(-5.998561143746,-153.8098096974));
#7516 = CARTESIAN_POINT('',(-6.014479964037,-153.8893558432));
#7517 = CARTESIAN_POINT('',(-6.038148530323,-154.0084048906));
#7518 = CARTESIAN_POINT('',(-6.061614558315,-154.1271323574));
#7519 = CARTESIAN_POINT('',(-6.084884755919,-154.2454902807));
#7520 = CARTESIAN_POINT('',(-6.107965619188,-154.3634329589));
#7521 = CARTESIAN_POINT('',(-6.130863432402,-154.4809172572));
#7522 = CARTESIAN_POINT('',(-6.153584330874,-154.5979025651));
#7523 = CARTESIAN_POINT('',(-6.176134052238,-154.7143493739));
#7524 = CARTESIAN_POINT('',(-6.198518295576,-154.8302209255));
#7525 = CARTESIAN_POINT('',(-6.220742498903,-154.945481866));
#7526 = CARTESIAN_POINT('',(-6.242811914305,-155.0600984921));
#7527 = CARTESIAN_POINT('',(-6.264731620062,-155.1740386623));
#7528 = CARTESIAN_POINT('',(-6.286506547268,-155.2872717907));
#7529 = CARTESIAN_POINT('',(-6.308141507062,-155.3997688474));
#7530 = CARTESIAN_POINT('',(-6.329641167376,-155.5115021045));
#7531 = CARTESIAN_POINT('',(-6.351010044846,-155.6224449794));
#7532 = CARTESIAN_POINT('',(-6.372252527062,-155.7325720396));
#7533 = CARTESIAN_POINT('',(-6.393372887804,-155.841858978));
#7534 = CARTESIAN_POINT('',(-6.414375303653,-155.9502825854));
#7535 = CARTESIAN_POINT('',(-6.43526386734,-156.0578207649));
#7536 = CARTESIAN_POINT('',(-6.456042607694,-156.164452382));
#7537 = CARTESIAN_POINT('',(-6.46982452342,-156.2349226143));
#7538 = CARTESIAN_POINT('',(-6.47669849969,-156.27));
#7539 = ( GEOMETRIC_REPRESENTATION_CONTEXT(2) 
PARAMETRIC_REPRESENTATION_CONTEXT() REPRESENTATION_CONTEXT('2D SPACE',''
  ) );
#7540 = PCURVE('',#7401,#7541);
#7541 = DEFINITIONAL_REPRESENTATION('',(#7542),#7568);
#7542 = B_SPLINE_CURVE_WITH_KNOTS('',3,(#7543,#7544,#7545,#7546,#7547,
    #7548,#7549,#7550,#7551,#7552,#7553,#7554,#7555,#7556,#7557,#7558,
    #7559,#7560,#7561,#7562,#7563,#7564,#7565,#7566,#7567),
  .UNSPECIFIED.,.F.,.F.,(4,1,1,1,1,1,1,1,1,1,1,1,1,1,1,1,1,1,1,1,1,1,4),
  (0.,7.783233394227E-02,0.155664667885,0.233497001827,0.311329335769,
    0.389161669711,0.466994003654,0.544826337596,0.622658671538,
    0.70049100548,0.778323339423,0.856155673365,0.933988007307,
    1.01182034125,1.089652675192,1.167485009134,1.245317343076,
    1.323149677019,1.400982010961,1.478814344903,1.556646678845,
    1.634479012788,1.71231134673),.QUASI_UNIFORM_KNOTS.);
#7543 = CARTESIAN_POINT('',(6.478955713802,0.));
#7544 = CARTESIAN_POINT('',(6.459595885738,1.592387896233E-02));
#7545 = CARTESIAN_POINT('',(6.419719005927,4.77423373105E-02));
#7546 = CARTESIAN_POINT('',(6.356500029286,9.536195627856E-02));
#7547 = CARTESIAN_POINT('',(6.28994627115,0.142852942982));
#7548 = CARTESIAN_POINT('',(6.220123592365,0.19019611231));
#7549 = CARTESIAN_POINT('',(6.147095958692,0.23737318358));
#7550 = CARTESIAN_POINT('',(6.070925210156,0.284366902915));
#7551 = CARTESIAN_POINT('',(5.991671209853,0.331161026077));
#7552 = CARTESIAN_POINT('',(5.909392741081,0.377739749595));
#7553 = CARTESIAN_POINT('',(5.82414636973,0.424088370217));
#7554 = CARTESIAN_POINT('',(5.735987675201,0.47019274644));
#7555 = CARTESIAN_POINT('',(5.644971001669,0.516039396872));
#7556 = CARTESIAN_POINT('',(5.551149522872,0.561615464926));
#7557 = CARTESIAN_POINT('',(5.454575230004,0.606908716314));
#7558 = CARTESIAN_POINT('',(5.355298896853,0.651907538986));
#7559 = CARTESIAN_POINT('',(5.253370402927,0.696600841806));
#7560 = CARTESIAN_POINT('',(5.148838936063,0.740977991788));
#7561 = CARTESIAN_POINT('',(5.041752969864,0.785028815872));
#7562 = CARTESIAN_POINT('',(4.932160281745,0.828743591218));
#7563 = CARTESIAN_POINT('',(4.820107965448,0.872113034163));
#7564 = CARTESIAN_POINT('',(4.7056424168,0.915128305994));
#7565 = CARTESIAN_POINT('',(4.588809424293,0.9577809528));
#7566 = CARTESIAN_POINT('',(4.509372381319,0.985969045723));
#7567 = CARTESIAN_POINT('',(4.469274286804,1.));
#7568 = ( GEOMETRIC_REPRESENTATION_CONTEXT(2) 
PARAMETRIC_REPRESENTATION_CONTEXT() REPRESENTATION_CONTEXT('2D SPACE',''
  ) );
#7569 = ORIENTED_EDGE('',*,*,#7570,.F.);
#7570 = EDGE_CURVE('',#7571,#7495,#7573,.T.);
#7571 = VERTEX_POINT('',#7572);
#7572 = CARTESIAN_POINT('',(-23.89705967113,-28.,165.58543049172));
#7573 = SURFACE_CURVE('',#7574,(#7578,#7584),.PCURVE_S1.);
#7574 = LINE('',#7575,#7576);
#7575 = CARTESIAN_POINT('',(-23.89705967113,-28.,3.));
#7576 = VECTOR('',#7577,1.);
#7577 = DIRECTION('',(-0.,-0.,-1.));
#7578 = PCURVE('',#3581,#7579);
#7579 = DEFINITIONAL_REPRESENTATION('',(#7580),#7583);
#7580 = B_SPLINE_CURVE_WITH_KNOTS('',1,(#7581,#7582),.UNSPECIFIED.,.F.,
  .F.,(2,2),(-168.2700006,-155.07),.PIECEWISE_BEZIER_KNOTS.);
#7581 = CARTESIAN_POINT('',(-6.47669849969,-168.2700006));
#7582 = CARTESIAN_POINT('',(-6.47669849969,-155.07));
#7583 = ( GEOMETRIC_REPRESENTATION_CONTEXT(2) 
PARAMETRIC_REPRESENTATION_CONTEXT() REPRESENTATION_CONTEXT('2D SPACE',''
  ) );
#7584 = PCURVE('',#7352,#7585);
#7585 = DEFINITIONAL_REPRESENTATION('',(#7586),#7589);
#7586 = B_SPLINE_CURVE_WITH_KNOTS('',1,(#7587,#7588),.UNSPECIFIED.,.F.,
  .F.,(2,2),(-168.2700006,-155.07),.PIECEWISE_BEZIER_KNOTS.);
#7587 = CARTESIAN_POINT('',(4.102940328869,-12.0000006));
#7588 = CARTESIAN_POINT('',(4.102940328869,1.2));
#7589 = ( GEOMETRIC_REPRESENTATION_CONTEXT(2) 
PARAMETRIC_REPRESENTATION_CONTEXT() REPRESENTATION_CONTEXT('2D SPACE',''
  ) );
#7590 = ORIENTED_EDGE('',*,*,#7591,.F.);
#7591 = EDGE_CURVE('',#7592,#7571,#7594,.T.);
#7592 = VERTEX_POINT('',#7593);
#7593 = CARTESIAN_POINT('',(-28.,-23.89705967113,165.58543049172));
#7594 = SURFACE_CURVE('',#7595,(#7640,#7688),.PCURVE_S1.);
#7595 = B_SPLINE_CURVE_WITH_KNOTS('',7,(#7596,#7597,#7598,#7599,#7600,
    #7601,#7602,#7603,#7604,#7605,#7606,#7607,#7608,#7609,#7610,#7611,
    #7612,#7613,#7614,#7615,#7616,#7617,#7618,#7619,#7620,#7621,#7622,
    #7623,#7624,#7625,#7626,#7627,#7628,#7629,#7630,#7631,#7632,#7633,
    #7634,#7635,#7636,#7637,#7638,#7639),.UNSPECIFIED.,.F.,.F.,(8,6,6,6,
    6,6,6,8),(0.,0.14968646973,0.241781724239,0.307945664296,
    0.582286512219,0.848865034135,0.912331596875,1.),.UNSPECIFIED.);
#7596 = CARTESIAN_POINT('',(-30.5,-24.02104428619,163.72999317667));
#7597 = CARTESIAN_POINT('',(-30.31498100736,-23.96530398543,
    163.90023570567));
#7598 = CARTESIAN_POINT('',(-30.1262703213,-23.91720093637,
    164.06768830365));
#7599 = CARTESIAN_POINT('',(-29.9341838143,-23.87704672954,
    164.23190728727));
#7600 = CARTESIAN_POINT('',(-29.73908995205,-23.84515448869,
    164.39241070001));
#7601 = CARTESIAN_POINT('',(-29.54141286525,-23.82182407602,
    164.54868660157));
#7602 = CARTESIAN_POINT('',(-29.34163542137,-23.80732729738,
    164.70020135735));
#7603 = CARTESIAN_POINT('',(-29.01643121158,-23.79854969846,
    164.93636215908));
#7604 = CARTESIAN_POINT('',(-28.89197077416,-23.79863673793,
    165.02430743217));
#7605 = CARTESIAN_POINT('',(-28.767049126,-23.80220733298,
    165.11011558474));
#7606 = CARTESIAN_POINT('',(-28.64180074888,-23.80930798093,
    165.19365864521));
#7607 = CARTESIAN_POINT('',(-28.51636637051,-23.81997736053,
    165.27480975408));
#7608 = CARTESIAN_POINT('',(-28.39089287048,-23.83424512307,
    165.35344408516));
#7609 = CARTESIAN_POINT('',(-28.17547110139,-23.86498019629,
    165.48403730021));
#7610 = CARTESIAN_POINT('',(-28.08546707568,-23.87969703151,
    165.53727338314));
#7611 = CARTESIAN_POINT('',(-27.99557772426,-23.89628855516,
    165.58910277421));
#7612 = CARTESIAN_POINT('',(-27.90586020322,-23.91475936906,
    165.63948180396));
#7613 = CARTESIAN_POINT('',(-27.81637220965,-23.93511131086,
    165.68836837499));
#7614 = CARTESIAN_POINT('',(-27.72717198166,-23.95734345409,
    165.73572196185));
#7615 = CARTESIAN_POINT('',(-27.26989714912,-24.08141575259,
    165.97133173317));
#7616 = CARTESIAN_POINT('',(-26.90724300361,-24.21369223298,
    166.13423334242));
#7617 = CARTESIAN_POINT('',(-26.55491857762,-24.37796627483,
    166.26720504425));
#7618 = CARTESIAN_POINT('',(-26.21690400039,-24.57305537765,
    166.36826861641));
#7619 = CARTESIAN_POINT('',(-25.89676556668,-24.79723401597,
    166.43612243845));
#7620 = CARTESIAN_POINT('',(-25.59779311395,-25.04828241111,
    166.47000986455));
#7621 = CARTESIAN_POINT('',(-25.05588619744,-25.59021683874,
    166.46999041125));
#7622 = CARTESIAN_POINT('',(-24.81131594973,-25.88006422018,
    166.43797464296));
#7623 = CARTESIAN_POINT('',(-24.59202948452,-26.18997219982,
    166.37389555559));
#7624 = CARTESIAN_POINT('',(-24.40008253411,-26.51694004193,
    166.27842136747));
#7625 = CARTESIAN_POINT('',(-24.23708910508,-26.85771234937,
    166.15271271699));
#7626 = CARTESIAN_POINT('',(-24.10418346701,-27.20866005585,
    165.99853369183));
#7627 = CARTESIAN_POINT('',(-23.97735454487,-27.65061124245,
    165.77570860172));
#7628 = CARTESIAN_POINT('',(-23.95468999491,-27.73594723121,
    165.73139320236));
#7629 = CARTESIAN_POINT('',(-23.93375410483,-27.82158163919,
    165.68564444162));
#7630 = CARTESIAN_POINT('',(-23.91454895185,-27.90746296573,
    165.63849726715));
#7631 = CARTESIAN_POINT('',(-23.89707425693,-27.99354004821,
    165.58998805371));
#7632 = CARTESIAN_POINT('',(-23.88132738471,-28.07976206211,
    165.54015460312));
#7633 = CARTESIAN_POINT('',(-23.84793148479,-28.28531022004,
    165.41842457409));
#7634 = CARTESIAN_POINT('',(-23.83184683626,-28.40472324312,
    165.34536037976));
#7635 = CARTESIAN_POINT('',(-23.8190365839,-28.52418423042,
    165.26994692186));
#7636 = CARTESIAN_POINT('',(-23.809479287,-28.6435643189,165.1922904812)
  );
#7637 = CARTESIAN_POINT('',(-23.80314576761,-28.7627392369,
    165.11249956305));
#7638 = CARTESIAN_POINT('',(-23.8,-28.88158939885,165.0306842012));
#7639 = CARTESIAN_POINT('',(-23.8,-29.,164.94695526217));
#7640 = PCURVE('',#3581,#7641);
#7641 = DEFINITIONAL_REPRESENTATION('',(#7642),#7687);
#7642 = B_SPLINE_CURVE_WITH_KNOTS('',7,(#7643,#7644,#7645,#7646,#7647,
    #7648,#7649,#7650,#7651,#7652,#7653,#7654,#7655,#7656,#7657,#7658,
    #7659,#7660,#7661,#7662,#7663,#7664,#7665,#7666,#7667,#7668,#7669,
    #7670,#7671,#7672,#7673,#7674,#7675,#7676,#7677,#7678,#7679,#7680,
    #7681,#7682,#7683,#7684,#7685,#7686),.UNSPECIFIED.,.F.,.F.,(8,6,6,6,
    6,6,6,8),(0.,0.14968646973,0.241781724239,0.307945664296,
    0.582286512219,0.848865034135,0.912331596875,1.),.UNSPECIFIED.);
#7643 = CARTESIAN_POINT('',(-8.146601319319,-160.7299931766));
#7644 = CARTESIAN_POINT('',(-8.109441118812,-160.9002357056));
#7645 = CARTESIAN_POINT('',(-8.072024743534,-161.0676883036));
#7646 = CARTESIAN_POINT('',(-8.034344118292,-161.2319072872));
#7647 = CARTESIAN_POINT('',(-7.996395109468,-161.3924107));
#7648 = CARTESIAN_POINT('',(-7.958178027431,-161.5486866015));
#7649 = CARTESIAN_POINT('',(-7.91969812894,-161.7002013573));
#7650 = CARTESIAN_POINT('',(-7.857136081542,-161.936362159));
#7651 = CARTESIAN_POINT('',(-7.833210543203,-162.0243074321));
#7652 = CARTESIAN_POINT('',(-7.809192326434,-162.1101155847));
#7653 = CARTESIAN_POINT('',(-7.785084606892,-162.1936586452));
#7654 = CARTESIAN_POINT('',(-7.760891039,-162.274809754));
#7655 = CARTESIAN_POINT('',(-7.736615880963,-162.3534440851));
#7656 = CARTESIAN_POINT('',(-7.694769098178,-162.4840373002));
#7657 = CARTESIAN_POINT('',(-7.677234426311,-162.5372733831));
#7658 = CARTESIAN_POINT('',(-7.659661895517,-162.5891027742));
#7659 = CARTESIAN_POINT('',(-7.642053346868,-162.6394818039));
#7660 = CARTESIAN_POINT('',(-7.624410671181,-162.6883683749));
#7661 = CARTESIAN_POINT('',(-7.606735809007,-162.7357219618));
#7662 = CARTESIAN_POINT('',(-7.515618848008,-162.9713317331));
#7663 = CARTESIAN_POINT('',(-7.441650047552,-163.1342333424));
#7664 = CARTESIAN_POINT('',(-7.367341019062,-163.2672050442));
#7665 = CARTESIAN_POINT('',(-7.292799138194,-163.3682686164));
#7666 = CARTESIAN_POINT('',(-7.218099876831,-163.4361224384));
#7667 = CARTESIAN_POINT('',(-7.143307075276,-163.4700098645));
#7668 = CARTESIAN_POINT('',(-6.995924082119,-163.4699904112));
#7669 = CARTESIAN_POINT('',(-6.923252714274,-163.4379746429));
#7670 = CARTESIAN_POINT('',(-6.850665514697,-163.3738955555));
#7671 = CARTESIAN_POINT('',(-6.778221583603,-163.2784213674));
#7672 = CARTESIAN_POINT('',(-6.70598982944,-163.1527127169));
#7673 = CARTESIAN_POINT('',(-6.634068094682,-162.9985336918));
#7674 = CARTESIAN_POINT('',(-6.545647028098,-162.7757086017));
#7675 = CARTESIAN_POINT('',(-6.5286706872,-162.7313932023));
#7676 = CARTESIAN_POINT('',(-6.511722835409,-162.6856444416));
#7677 = CARTESIAN_POINT('',(-6.494805196217,-162.6384972671));
#7678 = CARTESIAN_POINT('',(-6.477919461125,-162.5899880537));
#7679 = CARTESIAN_POINT('',(-6.461067289642,-162.5401546031));
#7680 = CARTESIAN_POINT('',(-6.421020473769,-162.418424574));
#7681 = CARTESIAN_POINT('',(-6.397857600842,-162.3453603797));
#7682 = CARTESIAN_POINT('',(-6.374766124284,-162.2699469218));
#7683 = CARTESIAN_POINT('',(-6.351749913945,-162.1922904812));
#7684 = CARTESIAN_POINT('',(-6.3288123799,-162.112499563));
#7685 = CARTESIAN_POINT('',(-6.30595657663,-162.0306842012));
#7686 = CARTESIAN_POINT('',(-6.28318530718,-161.9469552621));
#7687 = ( GEOMETRIC_REPRESENTATION_CONTEXT(2) 
PARAMETRIC_REPRESENTATION_CONTEXT() REPRESENTATION_CONTEXT('2D SPACE',''
  ) );
#7688 = PCURVE('',#7689,#7694);
#7689 = B_SPLINE_SURFACE_WITH_KNOTS('',1,1,(
    (#7690,#7691)
    ,(#7692,#7693
    )),.UNSPECIFIED.,.F.,.F.,.F.,(2,2),(2,2),(0.,80.044487630317),(0.,1.
    ),.PIECEWISE_BEZIER_KNOTS.);
#7690 = CARTESIAN_POINT('',(-56.6,5.862415192719E-15,162.25994949366));
#7691 = CARTESIAN_POINT('',(-47.3933982822,2.376014251686E-15,168.77));
#7692 = CARTESIAN_POINT('',(-5.686373822957E-15,-56.6,162.25994949366));
#7693 = CARTESIAN_POINT('',(-4.897300288829E-15,-47.3933982822,168.77));
#7694 = DEFINITIONAL_REPRESENTATION('',(#7695),#7740);
#7695 = B_SPLINE_CURVE_WITH_KNOTS('',7,(#7696,#7697,#7698,#7699,#7700,
    #7701,#7702,#7703,#7704,#7705,#7706,#7707,#7708,#7709,#7710,#7711,
    #7712,#7713,#7714,#7715,#7716,#7717,#7718,#7719,#7720,#7721,#7722,
    #7723,#7724,#7725,#7726,#7727,#7728,#7729,#7730,#7731,#7732,#7733,
    #7734,#7735,#7736,#7737,#7738,#7739),.UNSPECIFIED.,.F.,.F.,(8,6,6,6,
    6,6,6,8),(0.,0.14968646973,0.241781724239,0.307945664296,
    0.582286512219,0.848865034135,0.912331596875,1.),.UNSPECIFIED.);
#7696 = CARTESIAN_POINT('',(35.266239071665,0.225811409848));
#7697 = CARTESIAN_POINT('',(35.340136610455,0.251962133076));
#7698 = CARTESIAN_POINT('',(35.423456125034,0.277684298798));
#7699 = CARTESIAN_POINT('',(35.516400940914,0.302909753418));
#7700 = CARTESIAN_POINT('',(35.619134674148,0.32756446425));
#7701 = CARTESIAN_POINT('',(35.731757606511,0.351569792844));
#7702 = CARTESIAN_POINT('',(35.85428306068,0.374843768312));
#7703 = CARTESIAN_POINT('',(36.068030825833,0.411120107719));
#7704 = CARTESIAN_POINT('',(36.153159734443,0.424629261451));
#7705 = CARTESIAN_POINT('',(36.241976738276,0.437810135007));
#7706 = CARTESIAN_POINT('',(36.334443331795,0.450643070849));
#7707 = CARTESIAN_POINT('',(36.430504614358,0.463108582259));
#7708 = CARTESIAN_POINT('',(36.530087637685,0.475187494858));
#7709 = CARTESIAN_POINT('',(36.707106687582,0.495247740923));
#7710 = CARTESIAN_POINT('',(36.782884005975,0.503425263183));
#7711 = CARTESIAN_POINT('',(36.860397640598,0.511386705419));
#7712 = CARTESIAN_POINT('',(36.939608945191,0.519125359629));
#7713 = CARTESIAN_POINT('',(37.020474695156,0.526634759284));
#7714 = CARTESIAN_POINT('',(37.102947087547,0.533908679328));
#7715 = CARTESIAN_POINT('',(37.535380189644,0.570100375704));
#7716 = CARTESIAN_POINT('',(37.910687746522,0.595123470238));
#7717 = CARTESIAN_POINT('',(38.308856280624,0.615549072421));
#7718 = CARTESIAN_POINT('',(38.724945186075,0.631073310223));
#7719 = CARTESIAN_POINT('',(39.153356519198,0.641496243497));
#7720 = CARTESIAN_POINT('',(39.588001970379,0.64670164491));
#7721 = CARTESIAN_POINT('',(40.444489864607,0.646698656714));
#7722 = CARTESIAN_POINT('',(40.866804301834,0.641780758112));
#7723 = CARTESIAN_POINT('',(41.283406133271,0.631937656694));
#7724 = CARTESIAN_POINT('',(41.688709133444,0.617271996569));
#7725 = CARTESIAN_POINT('',(42.07754926065,0.597962061821));
#7726 = CARTESIAN_POINT('',(42.445329090626,0.574278831559));
#7727 = CARTESIAN_POINT('',(42.869865639011,0.540050972668));
#7728 = CARTESIAN_POINT('',(42.950101113521,0.533243744472));
#7729 = CARTESIAN_POINT('',(43.028887118351,0.526216339586));
#7730 = CARTESIAN_POINT('',(43.106179479638,0.51897412627));
#7731 = CARTESIAN_POINT('',(43.181937839573,0.511522691999));
#7732 = CARTESIAN_POINT('',(43.256125656405,0.503867843463));
#7733 = CARTESIAN_POINT('',(43.428973573728,0.485169059342));
#7734 = CARTESIAN_POINT('',(43.526178625144,0.47394576787));
#7735 = CARTESIAN_POINT('',(43.620238470517,0.462361609218));
#7736 = CARTESIAN_POINT('',(43.71108237249,0.450432909037));
#7737 = CARTESIAN_POINT('',(43.798654560073,0.438176334671));
#7738 = CARTESIAN_POINT('',(43.882913044206,0.425608788264));
#7739 = CARTESIAN_POINT('',(43.963828433318,0.41274729987));
#7740 = ( GEOMETRIC_REPRESENTATION_CONTEXT(2) 
PARAMETRIC_REPRESENTATION_CONTEXT() REPRESENTATION_CONTEXT('2D SPACE',''
  ) );
#7741 = ORIENTED_EDGE('',*,*,#7742,.T.);
#7742 = EDGE_CURVE('',#7592,#7743,#7745,.T.);
#7743 = VERTEX_POINT('',#7744);
#7744 = CARTESIAN_POINT('',(-28.,-23.89705967113,159.27));
#7745 = SURFACE_CURVE('',#7746,(#7750,#7756),.PCURVE_S1.);
#7746 = LINE('',#7747,#7748);
#7747 = CARTESIAN_POINT('',(-28.,-23.89705967113,3.));
#7748 = VECTOR('',#7749,1.);
#7749 = DIRECTION('',(-0.,-0.,-1.));
#7750 = PCURVE('',#3581,#7751);
#7751 = DEFINITIONAL_REPRESENTATION('',(#7752),#7755);
#7752 = B_SPLINE_CURVE_WITH_KNOTS('',1,(#7753,#7754),.UNSPECIFIED.,.F.,
  .F.,(2,2),(-168.2700006,-155.07),.PIECEWISE_BEZIER_KNOTS.);
#7753 = CARTESIAN_POINT('',(-7.660468441464,-168.2700006));
#7754 = CARTESIAN_POINT('',(-7.660468441464,-155.07));
#7755 = ( GEOMETRIC_REPRESENTATION_CONTEXT(2) 
PARAMETRIC_REPRESENTATION_CONTEXT() REPRESENTATION_CONTEXT('2D SPACE',''
  ) );
#7756 = PCURVE('',#5563,#7757);
#7757 = DEFINITIONAL_REPRESENTATION('',(#7758),#7761);
#7758 = B_SPLINE_CURVE_WITH_KNOTS('',1,(#7759,#7760),.UNSPECIFIED.,.F.,
  .F.,(2,2),(-168.2700006,-155.07),.PIECEWISE_BEZIER_KNOTS.);
#7759 = CARTESIAN_POINT('',(51.897059671131,-12.0000006));
#7760 = CARTESIAN_POINT('',(51.897059671131,1.2));
#7761 = ( GEOMETRIC_REPRESENTATION_CONTEXT(2) 
PARAMETRIC_REPRESENTATION_CONTEXT() REPRESENTATION_CONTEXT('2D SPACE',''
  ) );
#7762 = ORIENTED_EDGE('',*,*,#7763,.F.);
#7763 = EDGE_CURVE('',#5876,#7743,#7764,.T.);
#7764 = SURFACE_CURVE('',#7765,(#7780,#7798),.PCURVE_S1.);
#7765 = B_SPLINE_CURVE_WITH_KNOTS('',4,(#7766,#7767,#7768,#7769,#7770,
    #7771,#7772,#7773,#7774,#7775,#7776,#7777,#7778,#7779),
  .UNSPECIFIED.,.F.,.F.,(5,3,3,3,5),(0.,0.240375934549,0.484930870952,
    0.737380545045,1.),.UNSPECIFIED.);
#7766 = CARTESIAN_POINT('',(-30.5,-24.02104428619,156.77));
#7767 = CARTESIAN_POINT('',(-30.34210768421,-23.97347638495,
    156.92789231578));
#7768 = CARTESIAN_POINT('',(-30.18472133031,-23.93334266265,
    157.08527866969));
#7769 = CARTESIAN_POINT('',(-30.0281779718,-23.9002240563,
    157.24182202819));
#7770 = CARTESIAN_POINT('',(-29.71457845403,-23.84683453376,
    157.55542154596));
#7771 = CARTESIAN_POINT('',(-29.55756214387,-23.82679678975,
    157.71243785613));
#7772 = CARTESIAN_POINT('',(-29.40194714302,-23.81326581549,
    157.86805285697));
#7773 = CARTESIAN_POINT('',(-29.08895617032,-23.79832532118,
    158.18104382967));
#7774 = CARTESIAN_POINT('',(-28.9316864923,-23.79732091719,
    158.3383135077));
#7775 = CARTESIAN_POINT('',(-28.77635377037,-23.80254068364,
    158.49364622962));
#7776 = CARTESIAN_POINT('',(-28.46373709004,-23.82525721651,
    158.80626290995));
#7777 = CARTESIAN_POINT('',(-28.30662732908,-23.84323982287,
    158.96337267091));
#7778 = CARTESIAN_POINT('',(-28.15199825649,-23.86727326433,
    159.1180017435));
#7779 = CARTESIAN_POINT('',(-28.,-23.89705967113,159.27));
#7780 = PCURVE('',#3581,#7781);
#7781 = DEFINITIONAL_REPRESENTATION('',(#7782),#7797);
#7782 = B_SPLINE_CURVE_WITH_KNOTS('',4,(#7783,#7784,#7785,#7786,#7787,
    #7788,#7789,#7790,#7791,#7792,#7793,#7794,#7795,#7796),
  .UNSPECIFIED.,.F.,.F.,(5,3,3,3,5),(0.,0.240375934549,0.484930870952,
    0.737380545045,1.),.UNSPECIFIED.);
#7783 = CARTESIAN_POINT('',(-8.146601319319,-153.77));
#7784 = CARTESIAN_POINT('',(-8.114889385157,-153.9278923157));
#7785 = CARTESIAN_POINT('',(-8.083682888037,-154.0852786696));
#7786 = CARTESIAN_POINT('',(-8.052936368286,-154.2418220281));
#7787 = CARTESIAN_POINT('',(-7.991761027767,-154.5554215459));
#7788 = CARTESIAN_POINT('',(-7.961347063027,-154.7124378561));
#7789 = CARTESIAN_POINT('',(-7.931330969709,-154.8680528569));
#7790 = CARTESIAN_POINT('',(-7.871071862219,-155.1810438296));
#7791 = CARTESIAN_POINT('',(-7.840852796122,-155.3383135077));
#7792 = CARTESIAN_POINT('',(-7.810986838621,-155.4936462296));
#7793 = CARTESIAN_POINT('',(-7.750709732684,-155.8062629099));
#7794 = CARTESIAN_POINT('',(-7.720325059166,-155.9633726709));
#7795 = CARTESIAN_POINT('',(-7.690254848261,-156.1180017435));
#7796 = CARTESIAN_POINT('',(-7.660468441464,-156.27));
#7797 = ( GEOMETRIC_REPRESENTATION_CONTEXT(2) 
PARAMETRIC_REPRESENTATION_CONTEXT() REPRESENTATION_CONTEXT('2D SPACE',''
  ) );
#7798 = PCURVE('',#5525,#7799);
#7799 = DEFINITIONAL_REPRESENTATION('',(#7800),#7815);
#7800 = B_SPLINE_CURVE_WITH_KNOTS('',4,(#7801,#7802,#7803,#7804,#7805,
    #7806,#7807,#7808,#7809,#7810,#7811,#7812,#7813,#7814),
  .UNSPECIFIED.,.F.,.F.,(5,3,3,3,5),(0.,0.240375934549,0.484930870952,
    0.737380545045,1.),.UNSPECIFIED.);
#7801 = CARTESIAN_POINT('',(54.521044286198,0.));
#7802 = CARTESIAN_POINT('',(54.597828460694,6.315692631536E-02));
#7803 = CARTESIAN_POINT('',(54.682708392381,0.126111467876));
#7804 = CARTESIAN_POINT('',(54.77524299163,0.18872881128));
#7805 = CARTESIAN_POINT('',(54.976618213835,0.314168618386));
#7806 = CARTESIAN_POINT('',(55.085713138951,0.376975142452));
#7807 = CARTESIAN_POINT('',(55.201957744034,0.439221142791));
#7808 = CARTESIAN_POINT('',(55.45203757945,0.564417531869));
#7809 = CARTESIAN_POINT('',(55.586318593802,0.62732540308));
#7810 = CARTESIAN_POINT('',(55.72747898491,0.689458491851));
#7811 = CARTESIAN_POINT('',(56.028828203141,0.814505163981));
#7812 = CARTESIAN_POINT('',(56.189553808345,0.877349068367));
#7813 = CARTESIAN_POINT('',(56.356971772801,0.939200697401));
#7814 = CARTESIAN_POINT('',(56.530725713196,1.));
#7815 = ( GEOMETRIC_REPRESENTATION_CONTEXT(2) 
PARAMETRIC_REPRESENTATION_CONTEXT() REPRESENTATION_CONTEXT('2D SPACE',''
  ) );
#7816 = ORIENTED_EDGE('',*,*,#5897,.T.);
#7817 = ADVANCED_FACE('',(#7818),#3948,.T.);
#7818 = FACE_BOUND('',#7819,.T.);
#7819 = EDGE_LOOP('',(#7820,#7843,#7844,#7867));
#7820 = ORIENTED_EDGE('',*,*,#7821,.F.);
#7821 = EDGE_CURVE('',#3930,#7822,#7824,.T.);
#7822 = VERTEX_POINT('',#7823);
#7823 = CARTESIAN_POINT('',(17.138015895286,-29.15,171.27));
#7824 = SURFACE_CURVE('',#7825,(#7829,#7836),.PCURVE_S1.);
#7825 = LINE('',#7826,#7827);
#7826 = CARTESIAN_POINT('',(17.138015895286,-29.15,169.67));
#7827 = VECTOR('',#7828,1.);
#7828 = DIRECTION('',(0.,-0.,1.));
#7829 = PCURVE('',#3948,#7830);
#7830 = DEFINITIONAL_REPRESENTATION('',(#7831),#7835);
#7831 = LINE('',#7832,#7833);
#7832 = CARTESIAN_POINT('',(0.,0.));
#7833 = VECTOR('',#7834,1.);
#7834 = DIRECTION('',(0.,1.));
#7835 = ( GEOMETRIC_REPRESENTATION_CONTEXT(2) 
PARAMETRIC_REPRESENTATION_CONTEXT() REPRESENTATION_CONTEXT('2D SPACE',''
  ) );
#7836 = PCURVE('',#3975,#7837);
#7837 = DEFINITIONAL_REPRESENTATION('',(#7838),#7842);
#7838 = LINE('',#7839,#7840);
#7839 = CARTESIAN_POINT('',(46.288015895286,0.));
#7840 = VECTOR('',#7841,1.);
#7841 = DIRECTION('',(0.,-1.));
#7842 = ( GEOMETRIC_REPRESENTATION_CONTEXT(2) 
PARAMETRIC_REPRESENTATION_CONTEXT() REPRESENTATION_CONTEXT('2D SPACE',''
  ) );
#7843 = ORIENTED_EDGE('',*,*,#3929,.T.);
#7844 = ORIENTED_EDGE('',*,*,#7845,.T.);
#7845 = EDGE_CURVE('',#3932,#7846,#7848,.T.);
#7846 = VERTEX_POINT('',#7847);
#7847 = CARTESIAN_POINT('',(20.956392513693,-27.5683766184,171.27));
#7848 = SURFACE_CURVE('',#7849,(#7853,#7860),.PCURVE_S1.);
#7849 = LINE('',#7850,#7851);
#7850 = CARTESIAN_POINT('',(20.956392513693,-27.5683766184,169.67));
#7851 = VECTOR('',#7852,1.);
#7852 = DIRECTION('',(0.,-0.,1.));
#7853 = PCURVE('',#3948,#7854);
#7854 = DEFINITIONAL_REPRESENTATION('',(#7855),#7859);
#7855 = LINE('',#7856,#7857);
#7856 = CARTESIAN_POINT('',(0.785398163397,0.));
#7857 = VECTOR('',#7858,1.);
#7858 = DIRECTION('',(0.,1.));
#7859 = ( GEOMETRIC_REPRESENTATION_CONTEXT(2) 
PARAMETRIC_REPRESENTATION_CONTEXT() REPRESENTATION_CONTEXT('2D SPACE',''
  ) );
#7860 = PCURVE('',#4374,#7861);
#7861 = DEFINITIONAL_REPRESENTATION('',(#7862),#7866);
#7862 = LINE('',#7863,#7864);
#7863 = CARTESIAN_POINT('',(29.636814511279,-0.2));
#7864 = VECTOR('',#7865,1.);
#7865 = DIRECTION('',(0.,-1.));
#7866 = ( GEOMETRIC_REPRESENTATION_CONTEXT(2) 
PARAMETRIC_REPRESENTATION_CONTEXT() REPRESENTATION_CONTEXT('2D SPACE',''
  ) );
#7867 = ORIENTED_EDGE('',*,*,#7868,.F.);
#7868 = EDGE_CURVE('',#7822,#7846,#7869,.T.);
#7869 = SURFACE_CURVE('',#7870,(#7875,#7882),.PCURVE_S1.);
#7870 = CIRCLE('',#7871,5.4);
#7871 = AXIS2_PLACEMENT_3D('',#7872,#7873,#7874);
#7872 = CARTESIAN_POINT('',(17.138015895286,-23.75,171.27));
#7873 = DIRECTION('',(0.,-0.,1.));
#7874 = DIRECTION('',(0.,-1.,-0.));
#7875 = PCURVE('',#3948,#7876);
#7876 = DEFINITIONAL_REPRESENTATION('',(#7877),#7881);
#7877 = LINE('',#7878,#7879);
#7878 = CARTESIAN_POINT('',(0.,1.6));
#7879 = VECTOR('',#7880,1.);
#7880 = DIRECTION('',(1.,0.));
#7881 = ( GEOMETRIC_REPRESENTATION_CONTEXT(2) 
PARAMETRIC_REPRESENTATION_CONTEXT() REPRESENTATION_CONTEXT('2D SPACE',''
  ) );
#7882 = PCURVE('',#7883,#7888);
#7883 = PLANE('',#7884);
#7884 = AXIS2_PLACEMENT_3D('',#7885,#7886,#7887);
#7885 = CARTESIAN_POINT('',(0.,0.,171.27));
#7886 = DIRECTION('',(0.,0.,1.));
#7887 = DIRECTION('',(1.,0.,-0.));
#7888 = DEFINITIONAL_REPRESENTATION('',(#7889),#7893);
#7889 = CIRCLE('',#7890,5.4);
#7890 = AXIS2_PLACEMENT_2D('',#7891,#7892);
#7891 = CARTESIAN_POINT('',(17.138015895286,-23.75));
#7892 = DIRECTION('',(0.,-1.));
#7893 = ( GEOMETRIC_REPRESENTATION_CONTEXT(2) 
PARAMETRIC_REPRESENTATION_CONTEXT() REPRESENTATION_CONTEXT('2D SPACE',''
  ) );
#7894 = ADVANCED_FACE('',(#7895),#4374,.F.);
#7895 = FACE_BOUND('',#7896,.F.);
#7896 = EDGE_LOOP('',(#7897,#7918,#7939,#7940));
#7897 = ORIENTED_EDGE('',*,*,#7898,.F.);
#7898 = EDGE_CURVE('',#7899,#7846,#7901,.T.);
#7899 = VERTEX_POINT('',#7900);
#7900 = CARTESIAN_POINT('',(27.568376618407,-20.95639251369,171.27));
#7901 = SURFACE_CURVE('',#7902,(#7906,#7912),.PCURVE_S1.);
#7902 = LINE('',#7903,#7904);
#7903 = CARTESIAN_POINT('',(12.131192283025,-36.39357684907,171.27));
#7904 = VECTOR('',#7905,1.);
#7905 = DIRECTION('',(-0.707106781187,-0.707106781187,0.));
#7906 = PCURVE('',#4374,#7907);
#7907 = DEFINITIONAL_REPRESENTATION('',(#7908),#7911);
#7908 = B_SPLINE_CURVE_WITH_KNOTS('',1,(#7909,#7910),.UNSPECIFIED.,.F.,
  .F.,(2,2),(-21.83147545195,-12.48071785686),.PIECEWISE_BEZIER_KNOTS.);
#7909 = CARTESIAN_POINT('',(38.987572106361,-1.8));
#7910 = CARTESIAN_POINT('',(29.636814511279,-1.8));
#7911 = ( GEOMETRIC_REPRESENTATION_CONTEXT(2) 
PARAMETRIC_REPRESENTATION_CONTEXT() REPRESENTATION_CONTEXT('2D SPACE',''
  ) );
#7912 = PCURVE('',#7883,#7913);
#7913 = DEFINITIONAL_REPRESENTATION('',(#7914),#7917);
#7914 = B_SPLINE_CURVE_WITH_KNOTS('',1,(#7915,#7916),.UNSPECIFIED.,.F.,
  .F.,(2,2),(-21.83147545195,-12.48071785686),.PIECEWISE_BEZIER_KNOTS.);
#7915 = CARTESIAN_POINT('',(27.568376618407,-20.95639251369));
#7916 = CARTESIAN_POINT('',(20.956392513693,-27.5683766184));
#7917 = ( GEOMETRIC_REPRESENTATION_CONTEXT(2) 
PARAMETRIC_REPRESENTATION_CONTEXT() REPRESENTATION_CONTEXT('2D SPACE',''
  ) );
#7918 = ORIENTED_EDGE('',*,*,#7919,.T.);
#7919 = EDGE_CURVE('',#7899,#4329,#7920,.T.);
#7920 = SURFACE_CURVE('',#7921,(#7925,#7932),.PCURVE_S1.);
#7921 = LINE('',#7922,#7923);
#7922 = CARTESIAN_POINT('',(27.568376618407,-20.95639251369,171.47));
#7923 = VECTOR('',#7924,1.);
#7924 = DIRECTION('',(0.,0.,-1.));
#7925 = PCURVE('',#4374,#7926);
#7926 = DEFINITIONAL_REPRESENTATION('',(#7927),#7931);
#7927 = LINE('',#7928,#7929);
#7928 = CARTESIAN_POINT('',(38.987572106361,-2.));
#7929 = VECTOR('',#7930,1.);
#7930 = DIRECTION('',(0.,1.));
#7931 = ( GEOMETRIC_REPRESENTATION_CONTEXT(2) 
PARAMETRIC_REPRESENTATION_CONTEXT() REPRESENTATION_CONTEXT('2D SPACE',''
  ) );
#7932 = PCURVE('',#4349,#7933);
#7933 = DEFINITIONAL_REPRESENTATION('',(#7934),#7938);
#7934 = LINE('',#7935,#7936);
#7935 = CARTESIAN_POINT('',(-0.,0.));
#7936 = VECTOR('',#7937,1.);
#7937 = DIRECTION('',(-0.,1.));
#7938 = ( GEOMETRIC_REPRESENTATION_CONTEXT(2) 
PARAMETRIC_REPRESENTATION_CONTEXT() REPRESENTATION_CONTEXT('2D SPACE',''
  ) );
#7939 = ORIENTED_EDGE('',*,*,#4361,.T.);
#7940 = ORIENTED_EDGE('',*,*,#7845,.T.);
#7941 = ADVANCED_FACE('',(#7942),#4349,.T.);
#7942 = FACE_BOUND('',#7943,.F.);
#7943 = EDGE_LOOP('',(#7944,#7945,#7973,#7994));
#7944 = ORIENTED_EDGE('',*,*,#7919,.F.);
#7945 = ORIENTED_EDGE('',*,*,#7946,.F.);
#7946 = EDGE_CURVE('',#7947,#7899,#7949,.T.);
#7947 = VERTEX_POINT('',#7948);
#7948 = CARTESIAN_POINT('',(29.15,-17.13801589528,171.27));
#7949 = SURFACE_CURVE('',#7950,(#7955,#7962),.PCURVE_S1.);
#7950 = CIRCLE('',#7951,5.4);
#7951 = AXIS2_PLACEMENT_3D('',#7952,#7953,#7954);
#7952 = CARTESIAN_POINT('',(23.75,-17.13801589528,171.27));
#7953 = DIRECTION('',(0.,0.,-1.));
#7954 = DIRECTION('',(0.707106781187,-0.707106781187,0.));
#7955 = PCURVE('',#4349,#7956);
#7956 = DEFINITIONAL_REPRESENTATION('',(#7957),#7961);
#7957 = LINE('',#7958,#7959);
#7958 = CARTESIAN_POINT('',(-6.28318530718,0.2));
#7959 = VECTOR('',#7960,1.);
#7960 = DIRECTION('',(1.,-0.));
#7961 = ( GEOMETRIC_REPRESENTATION_CONTEXT(2) 
PARAMETRIC_REPRESENTATION_CONTEXT() REPRESENTATION_CONTEXT('2D SPACE',''
  ) );
#7962 = PCURVE('',#7883,#7963);
#7963 = DEFINITIONAL_REPRESENTATION('',(#7964),#7972);
#7964 = ( BOUNDED_CURVE() B_SPLINE_CURVE(2,(#7965,#7966,#7967,#7968,
#7969,#7970,#7971),.UNSPECIFIED.,.T.,.F.) B_SPLINE_CURVE_WITH_KNOTS((1,2
    ,2,2,2,1),(-2.094395102393,0.,2.094395102393,4.188790204786,
6.28318530718,8.377580409573),.UNSPECIFIED.) CURVE() 
GEOMETRIC_REPRESENTATION_ITEM() RATIONAL_B_SPLINE_CURVE((1.,0.5,1.,0.5,
1.,0.5,1.)) REPRESENTATION_ITEM('') );
#7965 = CARTESIAN_POINT('',(27.568376618407,-20.95639251369));
#7966 = CARTESIAN_POINT('',(20.954754312893,-27.5700148192));
#7967 = CARTESIAN_POINT('',(18.534000538039,-18.53563873883));
#7968 = CARTESIAN_POINT('',(16.113246763185,-9.501262658471));
#7969 = CARTESIAN_POINT('',(25.147622843554,-11.92201643332));
#7970 = CARTESIAN_POINT('',(34.181998923922,-14.34277020817));
#7971 = CARTESIAN_POINT('',(27.568376618407,-20.95639251369));
#7972 = ( GEOMETRIC_REPRESENTATION_CONTEXT(2) 
PARAMETRIC_REPRESENTATION_CONTEXT() REPRESENTATION_CONTEXT('2D SPACE',''
  ) );
#7973 = ORIENTED_EDGE('',*,*,#7974,.T.);
#7974 = EDGE_CURVE('',#7947,#4303,#7975,.T.);
#7975 = SURFACE_CURVE('',#7976,(#7980,#7987),.PCURVE_S1.);
#7976 = LINE('',#7977,#7978);
#7977 = CARTESIAN_POINT('',(29.15,-17.13801589528,171.47));
#7978 = VECTOR('',#7979,1.);
#7979 = DIRECTION('',(0.,0.,-1.));
#7980 = PCURVE('',#4349,#7981);
#7981 = DEFINITIONAL_REPRESENTATION('',(#7982),#7986);
#7982 = LINE('',#7983,#7984);
#7983 = CARTESIAN_POINT('',(-0.785398163397,0.));
#7984 = VECTOR('',#7985,1.);
#7985 = DIRECTION('',(-0.,1.));
#7986 = ( GEOMETRIC_REPRESENTATION_CONTEXT(2) 
PARAMETRIC_REPRESENTATION_CONTEXT() REPRESENTATION_CONTEXT('2D SPACE',''
  ) );
#7987 = PCURVE('',#4317,#7988);
#7988 = DEFINITIONAL_REPRESENTATION('',(#7989),#7993);
#7989 = LINE('',#7990,#7991);
#7990 = CARTESIAN_POINT('',(12.011984104714,-1.8));
#7991 = VECTOR('',#7992,1.);
#7992 = DIRECTION('',(0.,1.));
#7993 = ( GEOMETRIC_REPRESENTATION_CONTEXT(2) 
PARAMETRIC_REPRESENTATION_CONTEXT() REPRESENTATION_CONTEXT('2D SPACE',''
  ) );
#7994 = ORIENTED_EDGE('',*,*,#4328,.T.);
#7995 = ADVANCED_FACE('',(#7996),#4317,.F.);
#7996 = FACE_BOUND('',#7997,.F.);
#7997 = EDGE_LOOP('',(#7998,#8021,#8022,#8023));
#7998 = ORIENTED_EDGE('',*,*,#7999,.F.);
#7999 = EDGE_CURVE('',#4274,#8000,#8002,.T.);
#8000 = VERTEX_POINT('',#8001);
#8001 = CARTESIAN_POINT('',(29.15,17.138015895286,171.27));
#8002 = SURFACE_CURVE('',#8003,(#8007,#8014),.PCURVE_S1.);
#8003 = LINE('',#8004,#8005);
#8004 = CARTESIAN_POINT('',(29.15,17.138015895286,169.67));
#8005 = VECTOR('',#8006,1.);
#8006 = DIRECTION('',(0.,0.,1.));
#8007 = PCURVE('',#4317,#8008);
#8008 = DEFINITIONAL_REPRESENTATION('',(#8009),#8013);
#8009 = LINE('',#8010,#8011);
#8010 = CARTESIAN_POINT('',(46.288015895286,0.));
#8011 = VECTOR('',#8012,1.);
#8012 = DIRECTION('',(0.,-1.));
#8013 = ( GEOMETRIC_REPRESENTATION_CONTEXT(2) 
PARAMETRIC_REPRESENTATION_CONTEXT() REPRESENTATION_CONTEXT('2D SPACE',''
  ) );
#8014 = PCURVE('',#4290,#8015);
#8015 = DEFINITIONAL_REPRESENTATION('',(#8016),#8020);
#8016 = LINE('',#8017,#8018);
#8017 = CARTESIAN_POINT('',(-0.785398163397,0.));
#8018 = VECTOR('',#8019,1.);
#8019 = DIRECTION('',(-0.,1.));
#8020 = ( GEOMETRIC_REPRESENTATION_CONTEXT(2) 
PARAMETRIC_REPRESENTATION_CONTEXT() REPRESENTATION_CONTEXT('2D SPACE',''
  ) );
#8021 = ORIENTED_EDGE('',*,*,#4302,.T.);
#8022 = ORIENTED_EDGE('',*,*,#7974,.F.);
#8023 = ORIENTED_EDGE('',*,*,#8024,.F.);
#8024 = EDGE_CURVE('',#8000,#7947,#8025,.T.);
#8025 = SURFACE_CURVE('',#8026,(#8030,#8036),.PCURVE_S1.);
#8026 = LINE('',#8027,#8028);
#8027 = CARTESIAN_POINT('',(29.15,-14.575,171.27));
#8028 = VECTOR('',#8029,1.);
#8029 = DIRECTION('',(0.,-1.,0.));
#8030 = PCURVE('',#4317,#8031);
#8031 = DEFINITIONAL_REPRESENTATION('',(#8032),#8035);
#8032 = B_SPLINE_CURVE_WITH_KNOTS('',1,(#8033,#8034),.UNSPECIFIED.,.F.,
  .F.,(2,2),(-31.71301589528,2.563015895286),.PIECEWISE_BEZIER_KNOTS.);
#8033 = CARTESIAN_POINT('',(46.288015895286,-1.6));
#8034 = CARTESIAN_POINT('',(12.011984104714,-1.6));
#8035 = ( GEOMETRIC_REPRESENTATION_CONTEXT(2) 
PARAMETRIC_REPRESENTATION_CONTEXT() REPRESENTATION_CONTEXT('2D SPACE',''
  ) );
#8036 = PCURVE('',#7883,#8037);
#8037 = DEFINITIONAL_REPRESENTATION('',(#8038),#8041);
#8038 = B_SPLINE_CURVE_WITH_KNOTS('',1,(#8039,#8040),.UNSPECIFIED.,.F.,
  .F.,(2,2),(-31.71301589528,2.563015895286),.PIECEWISE_BEZIER_KNOTS.);
#8039 = CARTESIAN_POINT('',(29.15,17.138015895286));
#8040 = CARTESIAN_POINT('',(29.15,-17.13801589528));
#8041 = ( GEOMETRIC_REPRESENTATION_CONTEXT(2) 
PARAMETRIC_REPRESENTATION_CONTEXT() REPRESENTATION_CONTEXT('2D SPACE',''
  ) );
#8042 = ADVANCED_FACE('',(#8043),#4290,.T.);
#8043 = FACE_BOUND('',#8044,.F.);
#8044 = EDGE_LOOP('',(#8045,#8068,#8069,#8070));
#8045 = ORIENTED_EDGE('',*,*,#8046,.F.);
#8046 = EDGE_CURVE('',#4248,#8047,#8049,.T.);
#8047 = VERTEX_POINT('',#8048);
#8048 = CARTESIAN_POINT('',(27.568376618407,20.956392513693,171.27));
#8049 = SURFACE_CURVE('',#8050,(#8054,#8061),.PCURVE_S1.);
#8050 = LINE('',#8051,#8052);
#8051 = CARTESIAN_POINT('',(27.568376618407,20.956392513693,169.67));
#8052 = VECTOR('',#8053,1.);
#8053 = DIRECTION('',(0.,0.,1.));
#8054 = PCURVE('',#4290,#8055);
#8055 = DEFINITIONAL_REPRESENTATION('',(#8056),#8060);
#8056 = LINE('',#8057,#8058);
#8057 = CARTESIAN_POINT('',(-0.,0.));
#8058 = VECTOR('',#8059,1.);
#8059 = DIRECTION('',(-0.,1.));
#8060 = ( GEOMETRIC_REPRESENTATION_CONTEXT(2) 
PARAMETRIC_REPRESENTATION_CONTEXT() REPRESENTATION_CONTEXT('2D SPACE',''
  ) );
#8061 = PCURVE('',#4262,#8062);
#8062 = DEFINITIONAL_REPRESENTATION('',(#8063),#8067);
#8063 = LINE('',#8064,#8065);
#8064 = CARTESIAN_POINT('',(29.636814511279,-0.2));
#8065 = VECTOR('',#8066,1.);
#8066 = DIRECTION('',(0.,-1.));
#8067 = ( GEOMETRIC_REPRESENTATION_CONTEXT(2) 
PARAMETRIC_REPRESENTATION_CONTEXT() REPRESENTATION_CONTEXT('2D SPACE',''
  ) );
#8068 = ORIENTED_EDGE('',*,*,#4273,.F.);
#8069 = ORIENTED_EDGE('',*,*,#7999,.T.);
#8070 = ORIENTED_EDGE('',*,*,#8071,.T.);
#8071 = EDGE_CURVE('',#8000,#8047,#8072,.T.);
#8072 = SURFACE_CURVE('',#8073,(#8078,#8085),.PCURVE_S1.);
#8073 = CIRCLE('',#8074,5.4);
#8074 = AXIS2_PLACEMENT_3D('',#8075,#8076,#8077);
#8075 = CARTESIAN_POINT('',(23.75,17.138015895286,171.27));
#8076 = DIRECTION('',(0.,0.,1.));
#8077 = DIRECTION('',(0.707106781187,0.707106781187,-0.));
#8078 = PCURVE('',#4290,#8079);
#8079 = DEFINITIONAL_REPRESENTATION('',(#8080),#8084);
#8080 = LINE('',#8081,#8082);
#8081 = CARTESIAN_POINT('',(-6.28318530718,1.6));
#8082 = VECTOR('',#8083,1.);
#8083 = DIRECTION('',(1.,-0.));
#8084 = ( GEOMETRIC_REPRESENTATION_CONTEXT(2) 
PARAMETRIC_REPRESENTATION_CONTEXT() REPRESENTATION_CONTEXT('2D SPACE',''
  ) );
#8085 = PCURVE('',#7883,#8086);
#8086 = DEFINITIONAL_REPRESENTATION('',(#8087),#8091);
#8087 = CIRCLE('',#8088,5.4);
#8088 = AXIS2_PLACEMENT_2D('',#8089,#8090);
#8089 = CARTESIAN_POINT('',(23.75,17.138015895286));
#8090 = DIRECTION('',(0.707106781187,0.707106781187));
#8091 = ( GEOMETRIC_REPRESENTATION_CONTEXT(2) 
PARAMETRIC_REPRESENTATION_CONTEXT() REPRESENTATION_CONTEXT('2D SPACE',''
  ) );
#8092 = ADVANCED_FACE('',(#8093),#4262,.F.);
#8093 = FACE_BOUND('',#8094,.F.);
#8094 = EDGE_LOOP('',(#8095,#8116,#8137,#8138));
#8095 = ORIENTED_EDGE('',*,*,#8096,.F.);
#8096 = EDGE_CURVE('',#8097,#8047,#8099,.T.);
#8097 = VERTEX_POINT('',#8098);
#8098 = CARTESIAN_POINT('',(20.956392513693,27.568376618407,171.27));
#8099 = SURFACE_CURVE('',#8100,(#8104,#8110),.PCURVE_S1.);
#8100 = LINE('',#8101,#8102);
#8101 = CARTESIAN_POINT('',(36.393576849075,12.131192283025,171.27));
#8102 = VECTOR('',#8103,1.);
#8103 = DIRECTION('',(0.707106781187,-0.707106781187,0.));
#8104 = PCURVE('',#4262,#8105);
#8105 = DEFINITIONAL_REPRESENTATION('',(#8106),#8109);
#8106 = B_SPLINE_CURVE_WITH_KNOTS('',1,(#8107,#8108),.UNSPECIFIED.,.F.,
  .F.,(2,2),(-21.83147545195,-12.48071785686),.PIECEWISE_BEZIER_KNOTS.);
#8107 = CARTESIAN_POINT('',(38.987572106361,-1.8));
#8108 = CARTESIAN_POINT('',(29.636814511279,-1.8));
#8109 = ( GEOMETRIC_REPRESENTATION_CONTEXT(2) 
PARAMETRIC_REPRESENTATION_CONTEXT() REPRESENTATION_CONTEXT('2D SPACE',''
  ) );
#8110 = PCURVE('',#7883,#8111);
#8111 = DEFINITIONAL_REPRESENTATION('',(#8112),#8115);
#8112 = B_SPLINE_CURVE_WITH_KNOTS('',1,(#8113,#8114),.UNSPECIFIED.,.F.,
  .F.,(2,2),(-21.83147545195,-12.48071785686),.PIECEWISE_BEZIER_KNOTS.);
#8113 = CARTESIAN_POINT('',(20.956392513693,27.568376618407));
#8114 = CARTESIAN_POINT('',(27.568376618407,20.956392513693));
#8115 = ( GEOMETRIC_REPRESENTATION_CONTEXT(2) 
PARAMETRIC_REPRESENTATION_CONTEXT() REPRESENTATION_CONTEXT('2D SPACE',''
  ) );
#8116 = ORIENTED_EDGE('',*,*,#8117,.T.);
#8117 = EDGE_CURVE('',#8097,#4215,#8118,.T.);
#8118 = SURFACE_CURVE('',#8119,(#8123,#8130),.PCURVE_S1.);
#8119 = LINE('',#8120,#8121);
#8120 = CARTESIAN_POINT('',(20.956392513693,27.568376618407,171.47));
#8121 = VECTOR('',#8122,1.);
#8122 = DIRECTION('',(0.,-0.,-1.));
#8123 = PCURVE('',#4262,#8124);
#8124 = DEFINITIONAL_REPRESENTATION('',(#8125),#8129);
#8125 = LINE('',#8126,#8127);
#8126 = CARTESIAN_POINT('',(38.987572106361,-2.));
#8127 = VECTOR('',#8128,1.);
#8128 = DIRECTION('',(-0.,1.));
#8129 = ( GEOMETRIC_REPRESENTATION_CONTEXT(2) 
PARAMETRIC_REPRESENTATION_CONTEXT() REPRESENTATION_CONTEXT('2D SPACE',''
  ) );
#8130 = PCURVE('',#4235,#8131);
#8131 = DEFINITIONAL_REPRESENTATION('',(#8132),#8136);
#8132 = LINE('',#8133,#8134);
#8133 = CARTESIAN_POINT('',(0.785398163397,0.));
#8134 = VECTOR('',#8135,1.);
#8135 = DIRECTION('',(0.,1.));
#8136 = ( GEOMETRIC_REPRESENTATION_CONTEXT(2) 
PARAMETRIC_REPRESENTATION_CONTEXT() REPRESENTATION_CONTEXT('2D SPACE',''
  ) );
#8137 = ORIENTED_EDGE('',*,*,#4247,.T.);
#8138 = ORIENTED_EDGE('',*,*,#8046,.T.);
#8139 = ADVANCED_FACE('',(#8140),#4235,.T.);
#8140 = FACE_BOUND('',#8141,.T.);
#8141 = EDGE_LOOP('',(#8142,#8165,#8191,#8192));
#8142 = ORIENTED_EDGE('',*,*,#8143,.F.);
#8143 = EDGE_CURVE('',#8144,#4189,#8146,.T.);
#8144 = VERTEX_POINT('',#8145);
#8145 = CARTESIAN_POINT('',(17.138015895286,29.15,171.27));
#8146 = SURFACE_CURVE('',#8147,(#8151,#8158),.PCURVE_S1.);
#8147 = LINE('',#8148,#8149);
#8148 = CARTESIAN_POINT('',(17.138015895286,29.15,171.47));
#8149 = VECTOR('',#8150,1.);
#8150 = DIRECTION('',(0.,-0.,-1.));
#8151 = PCURVE('',#4235,#8152);
#8152 = DEFINITIONAL_REPRESENTATION('',(#8153),#8157);
#8153 = LINE('',#8154,#8155);
#8154 = CARTESIAN_POINT('',(0.,0.));
#8155 = VECTOR('',#8156,1.);
#8156 = DIRECTION('',(0.,1.));
#8157 = ( GEOMETRIC_REPRESENTATION_CONTEXT(2) 
PARAMETRIC_REPRESENTATION_CONTEXT() REPRESENTATION_CONTEXT('2D SPACE',''
  ) );
#8158 = PCURVE('',#4203,#8159);
#8159 = DEFINITIONAL_REPRESENTATION('',(#8160),#8164);
#8160 = LINE('',#8161,#8162);
#8161 = CARTESIAN_POINT('',(12.011984104714,-1.8));
#8162 = VECTOR('',#8163,1.);
#8163 = DIRECTION('',(-0.,1.));
#8164 = ( GEOMETRIC_REPRESENTATION_CONTEXT(2) 
PARAMETRIC_REPRESENTATION_CONTEXT() REPRESENTATION_CONTEXT('2D SPACE',''
  ) );
#8165 = ORIENTED_EDGE('',*,*,#8166,.T.);
#8166 = EDGE_CURVE('',#8144,#8097,#8167,.T.);
#8167 = SURFACE_CURVE('',#8168,(#8173,#8180),.PCURVE_S1.);
#8168 = CIRCLE('',#8169,5.4);
#8169 = AXIS2_PLACEMENT_3D('',#8170,#8171,#8172);
#8170 = CARTESIAN_POINT('',(17.138015895286,23.75,171.27));
#8171 = DIRECTION('',(0.,0.,-1.));
#8172 = DIRECTION('',(-0.,1.,-0.));
#8173 = PCURVE('',#4235,#8174);
#8174 = DEFINITIONAL_REPRESENTATION('',(#8175),#8179);
#8175 = LINE('',#8176,#8177);
#8176 = CARTESIAN_POINT('',(0.,0.2));
#8177 = VECTOR('',#8178,1.);
#8178 = DIRECTION('',(1.,0.));
#8179 = ( GEOMETRIC_REPRESENTATION_CONTEXT(2) 
PARAMETRIC_REPRESENTATION_CONTEXT() REPRESENTATION_CONTEXT('2D SPACE',''
  ) );
#8180 = PCURVE('',#7883,#8181);
#8181 = DEFINITIONAL_REPRESENTATION('',(#8182),#8190);
#8182 = ( BOUNDED_CURVE() B_SPLINE_CURVE(2,(#8183,#8184,#8185,#8186,
#8187,#8188,#8189),.UNSPECIFIED.,.T.,.F.) B_SPLINE_CURVE_WITH_KNOTS((1,2
    ,2,2,2,1),(-2.094395102393,0.,2.094395102393,4.188790204786,
6.28318530718,8.377580409573),.UNSPECIFIED.) CURVE() 
GEOMETRIC_REPRESENTATION_ITEM() RATIONAL_B_SPLINE_CURVE((1.,0.5,1.,0.5,
1.,0.5,1.)) REPRESENTATION_ITEM('') );
#8183 = CARTESIAN_POINT('',(17.138015895286,29.15));
#8184 = CARTESIAN_POINT('',(26.491090256157,29.15));
#8185 = CARTESIAN_POINT('',(21.814553075722,21.05));
#8186 = CARTESIAN_POINT('',(17.138015895286,12.95));
#8187 = CARTESIAN_POINT('',(12.46147871485,21.05));
#8188 = CARTESIAN_POINT('',(7.784941534414,29.15));
#8189 = CARTESIAN_POINT('',(17.138015895286,29.15));
#8190 = ( GEOMETRIC_REPRESENTATION_CONTEXT(2) 
PARAMETRIC_REPRESENTATION_CONTEXT() REPRESENTATION_CONTEXT('2D SPACE',''
  ) );
#8191 = ORIENTED_EDGE('',*,*,#8117,.T.);
#8192 = ORIENTED_EDGE('',*,*,#4214,.F.);
#8193 = ADVANCED_FACE('',(#8194),#4203,.F.);
#8194 = FACE_BOUND('',#8195,.F.);
#8195 = EDGE_LOOP('',(#8196,#8219,#8220,#8221));
#8196 = ORIENTED_EDGE('',*,*,#8197,.F.);
#8197 = EDGE_CURVE('',#4160,#8198,#8200,.T.);
#8198 = VERTEX_POINT('',#8199);
#8199 = CARTESIAN_POINT('',(-17.13801589528,29.15,171.27));
#8200 = SURFACE_CURVE('',#8201,(#8205,#8212),.PCURVE_S1.);
#8201 = LINE('',#8202,#8203);
#8202 = CARTESIAN_POINT('',(-17.13801589528,29.15,169.67));
#8203 = VECTOR('',#8204,1.);
#8204 = DIRECTION('',(0.,0.,1.));
#8205 = PCURVE('',#4203,#8206);
#8206 = DEFINITIONAL_REPRESENTATION('',(#8207),#8211);
#8207 = LINE('',#8208,#8209);
#8208 = CARTESIAN_POINT('',(46.288015895286,0.));
#8209 = VECTOR('',#8210,1.);
#8210 = DIRECTION('',(0.,-1.));
#8211 = ( GEOMETRIC_REPRESENTATION_CONTEXT(2) 
PARAMETRIC_REPRESENTATION_CONTEXT() REPRESENTATION_CONTEXT('2D SPACE',''
  ) );
#8212 = PCURVE('',#4176,#8213);
#8213 = DEFINITIONAL_REPRESENTATION('',(#8214),#8218);
#8214 = LINE('',#8215,#8216);
#8215 = CARTESIAN_POINT('',(-0.785398163397,0.));
#8216 = VECTOR('',#8217,1.);
#8217 = DIRECTION('',(-0.,1.));
#8218 = ( GEOMETRIC_REPRESENTATION_CONTEXT(2) 
PARAMETRIC_REPRESENTATION_CONTEXT() REPRESENTATION_CONTEXT('2D SPACE',''
  ) );
#8219 = ORIENTED_EDGE('',*,*,#4188,.T.);
#8220 = ORIENTED_EDGE('',*,*,#8143,.F.);
#8221 = ORIENTED_EDGE('',*,*,#8222,.F.);
#8222 = EDGE_CURVE('',#8198,#8144,#8223,.T.);
#8223 = SURFACE_CURVE('',#8224,(#8228,#8234),.PCURVE_S1.);
#8224 = LINE('',#8225,#8226);
#8225 = CARTESIAN_POINT('',(14.575,29.15,171.27));
#8226 = VECTOR('',#8227,1.);
#8227 = DIRECTION('',(1.,0.,-0.));
#8228 = PCURVE('',#4203,#8229);
#8229 = DEFINITIONAL_REPRESENTATION('',(#8230),#8233);
#8230 = B_SPLINE_CURVE_WITH_KNOTS('',1,(#8231,#8232),.UNSPECIFIED.,.F.,
  .F.,(2,2),(-31.71301589528,2.563015895286),.PIECEWISE_BEZIER_KNOTS.);
#8231 = CARTESIAN_POINT('',(46.288015895286,-1.6));
#8232 = CARTESIAN_POINT('',(12.011984104714,-1.6));
#8233 = ( GEOMETRIC_REPRESENTATION_CONTEXT(2) 
PARAMETRIC_REPRESENTATION_CONTEXT() REPRESENTATION_CONTEXT('2D SPACE',''
  ) );
#8234 = PCURVE('',#7883,#8235);
#8235 = DEFINITIONAL_REPRESENTATION('',(#8236),#8239);
#8236 = B_SPLINE_CURVE_WITH_KNOTS('',1,(#8237,#8238),.UNSPECIFIED.,.F.,
  .F.,(2,2),(-31.71301589528,2.563015895286),.PIECEWISE_BEZIER_KNOTS.);
#8237 = CARTESIAN_POINT('',(-17.13801589528,29.15));
#8238 = CARTESIAN_POINT('',(17.138015895286,29.15));
#8239 = ( GEOMETRIC_REPRESENTATION_CONTEXT(2) 
PARAMETRIC_REPRESENTATION_CONTEXT() REPRESENTATION_CONTEXT('2D SPACE',''
  ) );
#8240 = ADVANCED_FACE('',(#8241),#4176,.T.);
#8241 = FACE_BOUND('',#8242,.F.);
#8242 = EDGE_LOOP('',(#8243,#8266,#8267,#8268));
#8243 = ORIENTED_EDGE('',*,*,#8244,.F.);
#8244 = EDGE_CURVE('',#4134,#8245,#8247,.T.);
#8245 = VERTEX_POINT('',#8246);
#8246 = CARTESIAN_POINT('',(-20.95639251369,27.568376618407,171.27));
#8247 = SURFACE_CURVE('',#8248,(#8252,#8259),.PCURVE_S1.);
#8248 = LINE('',#8249,#8250);
#8249 = CARTESIAN_POINT('',(-20.95639251369,27.568376618407,169.67));
#8250 = VECTOR('',#8251,1.);
#8251 = DIRECTION('',(0.,0.,1.));
#8252 = PCURVE('',#4176,#8253);
#8253 = DEFINITIONAL_REPRESENTATION('',(#8254),#8258);
#8254 = LINE('',#8255,#8256);
#8255 = CARTESIAN_POINT('',(-0.,0.));
#8256 = VECTOR('',#8257,1.);
#8257 = DIRECTION('',(-0.,1.));
#8258 = ( GEOMETRIC_REPRESENTATION_CONTEXT(2) 
PARAMETRIC_REPRESENTATION_CONTEXT() REPRESENTATION_CONTEXT('2D SPACE',''
  ) );
#8259 = PCURVE('',#4148,#8260);
#8260 = DEFINITIONAL_REPRESENTATION('',(#8261),#8265);
#8261 = LINE('',#8262,#8263);
#8262 = CARTESIAN_POINT('',(29.636814511279,-0.2));
#8263 = VECTOR('',#8264,1.);
#8264 = DIRECTION('',(0.,-1.));
#8265 = ( GEOMETRIC_REPRESENTATION_CONTEXT(2) 
PARAMETRIC_REPRESENTATION_CONTEXT() REPRESENTATION_CONTEXT('2D SPACE',''
  ) );
#8266 = ORIENTED_EDGE('',*,*,#4159,.F.);
#8267 = ORIENTED_EDGE('',*,*,#8197,.T.);
#8268 = ORIENTED_EDGE('',*,*,#8269,.T.);
#8269 = EDGE_CURVE('',#8198,#8245,#8270,.T.);
#8270 = SURFACE_CURVE('',#8271,(#8276,#8283),.PCURVE_S1.);
#8271 = CIRCLE('',#8272,5.4);
#8272 = AXIS2_PLACEMENT_3D('',#8273,#8274,#8275);
#8273 = CARTESIAN_POINT('',(-17.13801589528,23.75,171.27));
#8274 = DIRECTION('',(0.,0.,1.));
#8275 = DIRECTION('',(-0.707106781187,0.707106781187,0.));
#8276 = PCURVE('',#4176,#8277);
#8277 = DEFINITIONAL_REPRESENTATION('',(#8278),#8282);
#8278 = LINE('',#8279,#8280);
#8279 = CARTESIAN_POINT('',(-6.28318530718,1.6));
#8280 = VECTOR('',#8281,1.);
#8281 = DIRECTION('',(1.,-0.));
#8282 = ( GEOMETRIC_REPRESENTATION_CONTEXT(2) 
PARAMETRIC_REPRESENTATION_CONTEXT() REPRESENTATION_CONTEXT('2D SPACE',''
  ) );
#8283 = PCURVE('',#7883,#8284);
#8284 = DEFINITIONAL_REPRESENTATION('',(#8285),#8289);
#8285 = CIRCLE('',#8286,5.4);
#8286 = AXIS2_PLACEMENT_2D('',#8287,#8288);
#8287 = CARTESIAN_POINT('',(-17.13801589528,23.75));
#8288 = DIRECTION('',(-0.707106781187,0.707106781187));
#8289 = ( GEOMETRIC_REPRESENTATION_CONTEXT(2) 
PARAMETRIC_REPRESENTATION_CONTEXT() REPRESENTATION_CONTEXT('2D SPACE',''
  ) );
#8290 = ADVANCED_FACE('',(#8291),#4148,.F.);
#8291 = FACE_BOUND('',#8292,.F.);
#8292 = EDGE_LOOP('',(#8293,#8314,#8335,#8336));
#8293 = ORIENTED_EDGE('',*,*,#8294,.F.);
#8294 = EDGE_CURVE('',#8295,#8245,#8297,.T.);
#8295 = VERTEX_POINT('',#8296);
#8296 = CARTESIAN_POINT('',(-27.5683766184,20.956392513693,171.27));
#8297 = SURFACE_CURVE('',#8298,(#8302,#8308),.PCURVE_S1.);
#8298 = LINE('',#8299,#8300);
#8299 = CARTESIAN_POINT('',(-12.13119228302,36.393576849075,171.27));
#8300 = VECTOR('',#8301,1.);
#8301 = DIRECTION('',(0.707106781187,0.707106781187,-0.));
#8302 = PCURVE('',#4148,#8303);
#8303 = DEFINITIONAL_REPRESENTATION('',(#8304),#8307);
#8304 = B_SPLINE_CURVE_WITH_KNOTS('',1,(#8305,#8306),.UNSPECIFIED.,.F.,
  .F.,(2,2),(-21.83147545195,-12.48071785686),.PIECEWISE_BEZIER_KNOTS.);
#8305 = CARTESIAN_POINT('',(38.987572106361,-1.8));
#8306 = CARTESIAN_POINT('',(29.636814511279,-1.8));
#8307 = ( GEOMETRIC_REPRESENTATION_CONTEXT(2) 
PARAMETRIC_REPRESENTATION_CONTEXT() REPRESENTATION_CONTEXT('2D SPACE',''
  ) );
#8308 = PCURVE('',#7883,#8309);
#8309 = DEFINITIONAL_REPRESENTATION('',(#8310),#8313);
#8310 = B_SPLINE_CURVE_WITH_KNOTS('',1,(#8311,#8312),.UNSPECIFIED.,.F.,
  .F.,(2,2),(-21.83147545195,-12.48071785686),.PIECEWISE_BEZIER_KNOTS.);
#8311 = CARTESIAN_POINT('',(-27.5683766184,20.956392513693));
#8312 = CARTESIAN_POINT('',(-20.95639251369,27.568376618407));
#8313 = ( GEOMETRIC_REPRESENTATION_CONTEXT(2) 
PARAMETRIC_REPRESENTATION_CONTEXT() REPRESENTATION_CONTEXT('2D SPACE',''
  ) );
#8314 = ORIENTED_EDGE('',*,*,#8315,.T.);
#8315 = EDGE_CURVE('',#8295,#4101,#8316,.T.);
#8316 = SURFACE_CURVE('',#8317,(#8321,#8328),.PCURVE_S1.);
#8317 = LINE('',#8318,#8319);
#8318 = CARTESIAN_POINT('',(-27.5683766184,20.956392513693,171.47));
#8319 = VECTOR('',#8320,1.);
#8320 = DIRECTION('',(0.,-0.,-1.));
#8321 = PCURVE('',#4148,#8322);
#8322 = DEFINITIONAL_REPRESENTATION('',(#8323),#8327);
#8323 = LINE('',#8324,#8325);
#8324 = CARTESIAN_POINT('',(38.987572106361,-2.));
#8325 = VECTOR('',#8326,1.);
#8326 = DIRECTION('',(0.,1.));
#8327 = ( GEOMETRIC_REPRESENTATION_CONTEXT(2) 
PARAMETRIC_REPRESENTATION_CONTEXT() REPRESENTATION_CONTEXT('2D SPACE',''
  ) );
#8328 = PCURVE('',#4121,#8329);
#8329 = DEFINITIONAL_REPRESENTATION('',(#8330),#8334);
#8330 = LINE('',#8331,#8332);
#8331 = CARTESIAN_POINT('',(0.785398163397,0.));
#8332 = VECTOR('',#8333,1.);
#8333 = DIRECTION('',(0.,1.));
#8334 = ( GEOMETRIC_REPRESENTATION_CONTEXT(2) 
PARAMETRIC_REPRESENTATION_CONTEXT() REPRESENTATION_CONTEXT('2D SPACE',''
  ) );
#8335 = ORIENTED_EDGE('',*,*,#4133,.T.);
#8336 = ORIENTED_EDGE('',*,*,#8244,.T.);
#8337 = ADVANCED_FACE('',(#8338),#4121,.T.);
#8338 = FACE_BOUND('',#8339,.T.);
#8339 = EDGE_LOOP('',(#8340,#8363,#8389,#8390));
#8340 = ORIENTED_EDGE('',*,*,#8341,.F.);
#8341 = EDGE_CURVE('',#8342,#4075,#8344,.T.);
#8342 = VERTEX_POINT('',#8343);
#8343 = CARTESIAN_POINT('',(-29.15,17.138015895286,171.27));
#8344 = SURFACE_CURVE('',#8345,(#8349,#8356),.PCURVE_S1.);
#8345 = LINE('',#8346,#8347);
#8346 = CARTESIAN_POINT('',(-29.15,17.138015895286,171.47));
#8347 = VECTOR('',#8348,1.);
#8348 = DIRECTION('',(0.,-0.,-1.));
#8349 = PCURVE('',#4121,#8350);
#8350 = DEFINITIONAL_REPRESENTATION('',(#8351),#8355);
#8351 = LINE('',#8352,#8353);
#8352 = CARTESIAN_POINT('',(0.,0.));
#8353 = VECTOR('',#8354,1.);
#8354 = DIRECTION('',(0.,1.));
#8355 = ( GEOMETRIC_REPRESENTATION_CONTEXT(2) 
PARAMETRIC_REPRESENTATION_CONTEXT() REPRESENTATION_CONTEXT('2D SPACE',''
  ) );
#8356 = PCURVE('',#4089,#8357);
#8357 = DEFINITIONAL_REPRESENTATION('',(#8358),#8362);
#8358 = LINE('',#8359,#8360);
#8359 = CARTESIAN_POINT('',(12.011984104714,-1.8));
#8360 = VECTOR('',#8361,1.);
#8361 = DIRECTION('',(0.,1.));
#8362 = ( GEOMETRIC_REPRESENTATION_CONTEXT(2) 
PARAMETRIC_REPRESENTATION_CONTEXT() REPRESENTATION_CONTEXT('2D SPACE',''
  ) );
#8363 = ORIENTED_EDGE('',*,*,#8364,.T.);
#8364 = EDGE_CURVE('',#8342,#8295,#8365,.T.);
#8365 = SURFACE_CURVE('',#8366,(#8371,#8378),.PCURVE_S1.);
#8366 = CIRCLE('',#8367,5.4);
#8367 = AXIS2_PLACEMENT_3D('',#8368,#8369,#8370);
#8368 = CARTESIAN_POINT('',(-23.75,17.138015895286,171.27));
#8369 = DIRECTION('',(0.,-0.,-1.));
#8370 = DIRECTION('',(-1.,-0.,0.));
#8371 = PCURVE('',#4121,#8372);
#8372 = DEFINITIONAL_REPRESENTATION('',(#8373),#8377);
#8373 = LINE('',#8374,#8375);
#8374 = CARTESIAN_POINT('',(0.,0.2));
#8375 = VECTOR('',#8376,1.);
#8376 = DIRECTION('',(1.,0.));
#8377 = ( GEOMETRIC_REPRESENTATION_CONTEXT(2) 
PARAMETRIC_REPRESENTATION_CONTEXT() REPRESENTATION_CONTEXT('2D SPACE',''
  ) );
#8378 = PCURVE('',#7883,#8379);
#8379 = DEFINITIONAL_REPRESENTATION('',(#8380),#8388);
#8380 = ( BOUNDED_CURVE() B_SPLINE_CURVE(2,(#8381,#8382,#8383,#8384,
#8385,#8386,#8387),.UNSPECIFIED.,.T.,.F.) B_SPLINE_CURVE_WITH_KNOTS((1,2
    ,2,2,2,1),(-2.094395102393,0.,2.094395102393,4.188790204786,
6.28318530718,8.377580409573),.UNSPECIFIED.) CURVE() 
GEOMETRIC_REPRESENTATION_ITEM() RATIONAL_B_SPLINE_CURVE((1.,0.5,1.,0.5,
1.,0.5,1.)) REPRESENTATION_ITEM('') );
#8381 = CARTESIAN_POINT('',(-29.15,17.138015895286));
#8382 = CARTESIAN_POINT('',(-29.15,26.491090256157));
#8383 = CARTESIAN_POINT('',(-21.05,21.814553075722));
#8384 = CARTESIAN_POINT('',(-12.95,17.138015895286));
#8385 = CARTESIAN_POINT('',(-21.05,12.46147871485));
#8386 = CARTESIAN_POINT('',(-29.15,7.784941534414));
#8387 = CARTESIAN_POINT('',(-29.15,17.138015895286));
#8388 = ( GEOMETRIC_REPRESENTATION_CONTEXT(2) 
PARAMETRIC_REPRESENTATION_CONTEXT() REPRESENTATION_CONTEXT('2D SPACE',''
  ) );
#8389 = ORIENTED_EDGE('',*,*,#8315,.T.);
#8390 = ORIENTED_EDGE('',*,*,#4100,.F.);
#8391 = ADVANCED_FACE('',(#8392),#4089,.F.);
#8392 = FACE_BOUND('',#8393,.F.);
#8393 = EDGE_LOOP('',(#8394,#8417,#8418,#8419));
#8394 = ORIENTED_EDGE('',*,*,#8395,.F.);
#8395 = EDGE_CURVE('',#4046,#8396,#8398,.T.);
#8396 = VERTEX_POINT('',#8397);
#8397 = CARTESIAN_POINT('',(-29.15,-17.13801589528,171.27));
#8398 = SURFACE_CURVE('',#8399,(#8403,#8410),.PCURVE_S1.);
#8399 = LINE('',#8400,#8401);
#8400 = CARTESIAN_POINT('',(-29.15,-17.13801589528,169.67));
#8401 = VECTOR('',#8402,1.);
#8402 = DIRECTION('',(0.,-0.,1.));
#8403 = PCURVE('',#4089,#8404);
#8404 = DEFINITIONAL_REPRESENTATION('',(#8405),#8409);
#8405 = LINE('',#8406,#8407);
#8406 = CARTESIAN_POINT('',(46.288015895286,0.));
#8407 = VECTOR('',#8408,1.);
#8408 = DIRECTION('',(0.,-1.));
#8409 = ( GEOMETRIC_REPRESENTATION_CONTEXT(2) 
PARAMETRIC_REPRESENTATION_CONTEXT() REPRESENTATION_CONTEXT('2D SPACE',''
  ) );
#8410 = PCURVE('',#4062,#8411);
#8411 = DEFINITIONAL_REPRESENTATION('',(#8412),#8416);
#8412 = LINE('',#8413,#8414);
#8413 = CARTESIAN_POINT('',(-0.785398163397,0.));
#8414 = VECTOR('',#8415,1.);
#8415 = DIRECTION('',(-0.,1.));
#8416 = ( GEOMETRIC_REPRESENTATION_CONTEXT(2) 
PARAMETRIC_REPRESENTATION_CONTEXT() REPRESENTATION_CONTEXT('2D SPACE',''
  ) );
#8417 = ORIENTED_EDGE('',*,*,#4074,.T.);
#8418 = ORIENTED_EDGE('',*,*,#8341,.F.);
#8419 = ORIENTED_EDGE('',*,*,#8420,.F.);
#8420 = EDGE_CURVE('',#8396,#8342,#8421,.T.);
#8421 = SURFACE_CURVE('',#8422,(#8426,#8432),.PCURVE_S1.);
#8422 = LINE('',#8423,#8424);
#8423 = CARTESIAN_POINT('',(-29.15,14.575,171.27));
#8424 = VECTOR('',#8425,1.);
#8425 = DIRECTION('',(-0.,1.,0.));
#8426 = PCURVE('',#4089,#8427);
#8427 = DEFINITIONAL_REPRESENTATION('',(#8428),#8431);
#8428 = B_SPLINE_CURVE_WITH_KNOTS('',1,(#8429,#8430),.UNSPECIFIED.,.F.,
  .F.,(2,2),(-31.71301589528,2.563015895286),.PIECEWISE_BEZIER_KNOTS.);
#8429 = CARTESIAN_POINT('',(46.288015895286,-1.6));
#8430 = CARTESIAN_POINT('',(12.011984104714,-1.6));
#8431 = ( GEOMETRIC_REPRESENTATION_CONTEXT(2) 
PARAMETRIC_REPRESENTATION_CONTEXT() REPRESENTATION_CONTEXT('2D SPACE',''
  ) );
#8432 = PCURVE('',#7883,#8433);
#8433 = DEFINITIONAL_REPRESENTATION('',(#8434),#8437);
#8434 = B_SPLINE_CURVE_WITH_KNOTS('',1,(#8435,#8436),.UNSPECIFIED.,.F.,
  .F.,(2,2),(-31.71301589528,2.563015895286),.PIECEWISE_BEZIER_KNOTS.);
#8435 = CARTESIAN_POINT('',(-29.15,-17.13801589528));
#8436 = CARTESIAN_POINT('',(-29.15,17.138015895286));
#8437 = ( GEOMETRIC_REPRESENTATION_CONTEXT(2) 
PARAMETRIC_REPRESENTATION_CONTEXT() REPRESENTATION_CONTEXT('2D SPACE',''
  ) );
#8438 = ADVANCED_FACE('',(#8439),#4062,.T.);
#8439 = FACE_BOUND('',#8440,.F.);
#8440 = EDGE_LOOP('',(#8441,#8464,#8465,#8466));
#8441 = ORIENTED_EDGE('',*,*,#8442,.F.);
#8442 = EDGE_CURVE('',#4020,#8443,#8445,.T.);
#8443 = VERTEX_POINT('',#8444);
#8444 = CARTESIAN_POINT('',(-27.5683766184,-20.95639251369,171.27));
#8445 = SURFACE_CURVE('',#8446,(#8450,#8457),.PCURVE_S1.);
#8446 = LINE('',#8447,#8448);
#8447 = CARTESIAN_POINT('',(-27.5683766184,-20.95639251369,169.67));
#8448 = VECTOR('',#8449,1.);
#8449 = DIRECTION('',(0.,-0.,1.));
#8450 = PCURVE('',#4062,#8451);
#8451 = DEFINITIONAL_REPRESENTATION('',(#8452),#8456);
#8452 = LINE('',#8453,#8454);
#8453 = CARTESIAN_POINT('',(-0.,0.));
#8454 = VECTOR('',#8455,1.);
#8455 = DIRECTION('',(-0.,1.));
#8456 = ( GEOMETRIC_REPRESENTATION_CONTEXT(2) 
PARAMETRIC_REPRESENTATION_CONTEXT() REPRESENTATION_CONTEXT('2D SPACE',''
  ) );
#8457 = PCURVE('',#4034,#8458);
#8458 = DEFINITIONAL_REPRESENTATION('',(#8459),#8463);
#8459 = LINE('',#8460,#8461);
#8460 = CARTESIAN_POINT('',(29.636814511279,-0.2));
#8461 = VECTOR('',#8462,1.);
#8462 = DIRECTION('',(0.,-1.));
#8463 = ( GEOMETRIC_REPRESENTATION_CONTEXT(2) 
PARAMETRIC_REPRESENTATION_CONTEXT() REPRESENTATION_CONTEXT('2D SPACE',''
  ) );
#8464 = ORIENTED_EDGE('',*,*,#4045,.F.);
#8465 = ORIENTED_EDGE('',*,*,#8395,.T.);
#8466 = ORIENTED_EDGE('',*,*,#8467,.T.);
#8467 = EDGE_CURVE('',#8396,#8443,#8468,.T.);
#8468 = SURFACE_CURVE('',#8469,(#8474,#8481),.PCURVE_S1.);
#8469 = CIRCLE('',#8470,5.4);
#8470 = AXIS2_PLACEMENT_3D('',#8471,#8472,#8473);
#8471 = CARTESIAN_POINT('',(-23.75,-17.13801589528,171.27));
#8472 = DIRECTION('',(0.,0.,1.));
#8473 = DIRECTION('',(-0.707106781187,-0.707106781187,0.));
#8474 = PCURVE('',#4062,#8475);
#8475 = DEFINITIONAL_REPRESENTATION('',(#8476),#8480);
#8476 = LINE('',#8477,#8478);
#8477 = CARTESIAN_POINT('',(-6.28318530718,1.6));
#8478 = VECTOR('',#8479,1.);
#8479 = DIRECTION('',(1.,-0.));
#8480 = ( GEOMETRIC_REPRESENTATION_CONTEXT(2) 
PARAMETRIC_REPRESENTATION_CONTEXT() REPRESENTATION_CONTEXT('2D SPACE',''
  ) );
#8481 = PCURVE('',#7883,#8482);
#8482 = DEFINITIONAL_REPRESENTATION('',(#8483),#8487);
#8483 = CIRCLE('',#8484,5.4);
#8484 = AXIS2_PLACEMENT_2D('',#8485,#8486);
#8485 = CARTESIAN_POINT('',(-23.75,-17.13801589528));
#8486 = DIRECTION('',(-0.707106781187,-0.707106781187));
#8487 = ( GEOMETRIC_REPRESENTATION_CONTEXT(2) 
PARAMETRIC_REPRESENTATION_CONTEXT() REPRESENTATION_CONTEXT('2D SPACE',''
  ) );
#8488 = ADVANCED_FACE('',(#8489),#4034,.F.);
#8489 = FACE_BOUND('',#8490,.F.);
#8490 = EDGE_LOOP('',(#8491,#8512,#8533,#8534));
#8491 = ORIENTED_EDGE('',*,*,#8492,.F.);
#8492 = EDGE_CURVE('',#8493,#8443,#8495,.T.);
#8493 = VERTEX_POINT('',#8494);
#8494 = CARTESIAN_POINT('',(-20.95639251369,-27.5683766184,171.27));
#8495 = SURFACE_CURVE('',#8496,(#8500,#8506),.PCURVE_S1.);
#8496 = LINE('',#8497,#8498);
#8497 = CARTESIAN_POINT('',(-36.39357684907,-12.13119228302,171.27));
#8498 = VECTOR('',#8499,1.);
#8499 = DIRECTION('',(-0.707106781187,0.707106781187,0.));
#8500 = PCURVE('',#4034,#8501);
#8501 = DEFINITIONAL_REPRESENTATION('',(#8502),#8505);
#8502 = B_SPLINE_CURVE_WITH_KNOTS('',1,(#8503,#8504),.UNSPECIFIED.,.F.,
  .F.,(2,2),(-21.83147545195,-12.48071785686),.PIECEWISE_BEZIER_KNOTS.);
#8503 = CARTESIAN_POINT('',(38.987572106361,-1.8));
#8504 = CARTESIAN_POINT('',(29.636814511279,-1.8));
#8505 = ( GEOMETRIC_REPRESENTATION_CONTEXT(2) 
PARAMETRIC_REPRESENTATION_CONTEXT() REPRESENTATION_CONTEXT('2D SPACE',''
  ) );
#8506 = PCURVE('',#7883,#8507);
#8507 = DEFINITIONAL_REPRESENTATION('',(#8508),#8511);
#8508 = B_SPLINE_CURVE_WITH_KNOTS('',1,(#8509,#8510),.UNSPECIFIED.,.F.,
  .F.,(2,2),(-21.83147545195,-12.48071785686),.PIECEWISE_BEZIER_KNOTS.);
#8509 = CARTESIAN_POINT('',(-20.95639251369,-27.5683766184));
#8510 = CARTESIAN_POINT('',(-27.5683766184,-20.95639251369));
#8511 = ( GEOMETRIC_REPRESENTATION_CONTEXT(2) 
PARAMETRIC_REPRESENTATION_CONTEXT() REPRESENTATION_CONTEXT('2D SPACE',''
  ) );
#8512 = ORIENTED_EDGE('',*,*,#8513,.T.);
#8513 = EDGE_CURVE('',#8493,#3987,#8514,.T.);
#8514 = SURFACE_CURVE('',#8515,(#8519,#8526),.PCURVE_S1.);
#8515 = LINE('',#8516,#8517);
#8516 = CARTESIAN_POINT('',(-20.95639251369,-27.5683766184,171.47));
#8517 = VECTOR('',#8518,1.);
#8518 = DIRECTION('',(0.,0.,-1.));
#8519 = PCURVE('',#4034,#8520);
#8520 = DEFINITIONAL_REPRESENTATION('',(#8521),#8525);
#8521 = LINE('',#8522,#8523);
#8522 = CARTESIAN_POINT('',(38.987572106361,-2.));
#8523 = VECTOR('',#8524,1.);
#8524 = DIRECTION('',(0.,1.));
#8525 = ( GEOMETRIC_REPRESENTATION_CONTEXT(2) 
PARAMETRIC_REPRESENTATION_CONTEXT() REPRESENTATION_CONTEXT('2D SPACE',''
  ) );
#8526 = PCURVE('',#4007,#8527);
#8527 = DEFINITIONAL_REPRESENTATION('',(#8528),#8532);
#8528 = LINE('',#8529,#8530);
#8529 = CARTESIAN_POINT('',(0.785398163397,0.));
#8530 = VECTOR('',#8531,1.);
#8531 = DIRECTION('',(0.,1.));
#8532 = ( GEOMETRIC_REPRESENTATION_CONTEXT(2) 
PARAMETRIC_REPRESENTATION_CONTEXT() REPRESENTATION_CONTEXT('2D SPACE',''
  ) );
#8533 = ORIENTED_EDGE('',*,*,#4019,.T.);
#8534 = ORIENTED_EDGE('',*,*,#8442,.T.);
#8535 = ADVANCED_FACE('',(#8536),#4007,.T.);
#8536 = FACE_BOUND('',#8537,.T.);
#8537 = EDGE_LOOP('',(#8538,#8561,#8587,#8588));
#8538 = ORIENTED_EDGE('',*,*,#8539,.F.);
#8539 = EDGE_CURVE('',#8540,#3961,#8542,.T.);
#8540 = VERTEX_POINT('',#8541);
#8541 = CARTESIAN_POINT('',(-17.13801589528,-29.15,171.27));
#8542 = SURFACE_CURVE('',#8543,(#8547,#8554),.PCURVE_S1.);
#8543 = LINE('',#8544,#8545);
#8544 = CARTESIAN_POINT('',(-17.13801589528,-29.15,171.47));
#8545 = VECTOR('',#8546,1.);
#8546 = DIRECTION('',(0.,0.,-1.));
#8547 = PCURVE('',#4007,#8548);
#8548 = DEFINITIONAL_REPRESENTATION('',(#8549),#8553);
#8549 = LINE('',#8550,#8551);
#8550 = CARTESIAN_POINT('',(0.,0.));
#8551 = VECTOR('',#8552,1.);
#8552 = DIRECTION('',(0.,1.));
#8553 = ( GEOMETRIC_REPRESENTATION_CONTEXT(2) 
PARAMETRIC_REPRESENTATION_CONTEXT() REPRESENTATION_CONTEXT('2D SPACE',''
  ) );
#8554 = PCURVE('',#3975,#8555);
#8555 = DEFINITIONAL_REPRESENTATION('',(#8556),#8560);
#8556 = LINE('',#8557,#8558);
#8557 = CARTESIAN_POINT('',(12.011984104714,-1.8));
#8558 = VECTOR('',#8559,1.);
#8559 = DIRECTION('',(0.,1.));
#8560 = ( GEOMETRIC_REPRESENTATION_CONTEXT(2) 
PARAMETRIC_REPRESENTATION_CONTEXT() REPRESENTATION_CONTEXT('2D SPACE',''
  ) );
#8561 = ORIENTED_EDGE('',*,*,#8562,.T.);
#8562 = EDGE_CURVE('',#8540,#8493,#8563,.T.);
#8563 = SURFACE_CURVE('',#8564,(#8569,#8576),.PCURVE_S1.);
#8564 = CIRCLE('',#8565,5.4);
#8565 = AXIS2_PLACEMENT_3D('',#8566,#8567,#8568);
#8566 = CARTESIAN_POINT('',(-17.13801589528,-23.75,171.27));
#8567 = DIRECTION('',(0.,0.,-1.));
#8568 = DIRECTION('',(0.,-1.,0.));
#8569 = PCURVE('',#4007,#8570);
#8570 = DEFINITIONAL_REPRESENTATION('',(#8571),#8575);
#8571 = LINE('',#8572,#8573);
#8572 = CARTESIAN_POINT('',(0.,0.2));
#8573 = VECTOR('',#8574,1.);
#8574 = DIRECTION('',(1.,0.));
#8575 = ( GEOMETRIC_REPRESENTATION_CONTEXT(2) 
PARAMETRIC_REPRESENTATION_CONTEXT() REPRESENTATION_CONTEXT('2D SPACE',''
  ) );
#8576 = PCURVE('',#7883,#8577);
#8577 = DEFINITIONAL_REPRESENTATION('',(#8578),#8586);
#8578 = ( BOUNDED_CURVE() B_SPLINE_CURVE(2,(#8579,#8580,#8581,#8582,
#8583,#8584,#8585),.UNSPECIFIED.,.T.,.F.) B_SPLINE_CURVE_WITH_KNOTS((1,2
    ,2,2,2,1),(-2.094395102393,0.,2.094395102393,4.188790204786,
6.28318530718,8.377580409573),.UNSPECIFIED.) CURVE() 
GEOMETRIC_REPRESENTATION_ITEM() RATIONAL_B_SPLINE_CURVE((1.,0.5,1.,0.5,
1.,0.5,1.)) REPRESENTATION_ITEM('') );
#8579 = CARTESIAN_POINT('',(-17.13801589528,-29.15));
#8580 = CARTESIAN_POINT('',(-26.49109025615,-29.15));
#8581 = CARTESIAN_POINT('',(-21.81455307572,-21.05));
#8582 = CARTESIAN_POINT('',(-17.13801589528,-12.95));
#8583 = CARTESIAN_POINT('',(-12.46147871485,-21.05));
#8584 = CARTESIAN_POINT('',(-7.784941534414,-29.15));
#8585 = CARTESIAN_POINT('',(-17.13801589528,-29.15));
#8586 = ( GEOMETRIC_REPRESENTATION_CONTEXT(2) 
PARAMETRIC_REPRESENTATION_CONTEXT() REPRESENTATION_CONTEXT('2D SPACE',''
  ) );
#8587 = ORIENTED_EDGE('',*,*,#8513,.T.);
#8588 = ORIENTED_EDGE('',*,*,#3986,.F.);
#8589 = ADVANCED_FACE('',(#8590),#3975,.F.);
#8590 = FACE_BOUND('',#8591,.F.);
#8591 = EDGE_LOOP('',(#8592,#8593,#8594,#8595));
#8592 = ORIENTED_EDGE('',*,*,#7821,.F.);
#8593 = ORIENTED_EDGE('',*,*,#3960,.T.);
#8594 = ORIENTED_EDGE('',*,*,#8539,.F.);
#8595 = ORIENTED_EDGE('',*,*,#8596,.F.);
#8596 = EDGE_CURVE('',#7822,#8540,#8597,.T.);
#8597 = SURFACE_CURVE('',#8598,(#8602,#8608),.PCURVE_S1.);
#8598 = LINE('',#8599,#8600);
#8599 = CARTESIAN_POINT('',(-14.575,-29.15,171.27));
#8600 = VECTOR('',#8601,1.);
#8601 = DIRECTION('',(-1.,0.,0.));
#8602 = PCURVE('',#3975,#8603);
#8603 = DEFINITIONAL_REPRESENTATION('',(#8604),#8607);
#8604 = B_SPLINE_CURVE_WITH_KNOTS('',1,(#8605,#8606),.UNSPECIFIED.,.F.,
  .F.,(2,2),(-31.71301589528,2.563015895286),.PIECEWISE_BEZIER_KNOTS.);
#8605 = CARTESIAN_POINT('',(46.288015895286,-1.6));
#8606 = CARTESIAN_POINT('',(12.011984104714,-1.6));
#8607 = ( GEOMETRIC_REPRESENTATION_CONTEXT(2) 
PARAMETRIC_REPRESENTATION_CONTEXT() REPRESENTATION_CONTEXT('2D SPACE',''
  ) );
#8608 = PCURVE('',#7883,#8609);
#8609 = DEFINITIONAL_REPRESENTATION('',(#8610),#8613);
#8610 = B_SPLINE_CURVE_WITH_KNOTS('',1,(#8611,#8612),.UNSPECIFIED.,.F.,
  .F.,(2,2),(-31.71301589528,2.563015895286),.PIECEWISE_BEZIER_KNOTS.);
#8611 = CARTESIAN_POINT('',(17.138015895286,-29.15));
#8612 = CARTESIAN_POINT('',(-17.13801589528,-29.15));
#8613 = ( GEOMETRIC_REPRESENTATION_CONTEXT(2) 
PARAMETRIC_REPRESENTATION_CONTEXT() REPRESENTATION_CONTEXT('2D SPACE',''
  ) );
#8614 = ADVANCED_FACE('',(#8615),#4437,.F.);
#8615 = FACE_BOUND('',#8616,.F.);
#8616 = EDGE_LOOP('',(#8617,#8618,#8619,#8620));
#8617 = ORIENTED_EDGE('',*,*,#7091,.F.);
#8618 = ORIENTED_EDGE('',*,*,#4421,.T.);
#8619 = ORIENTED_EDGE('',*,*,#5361,.T.);
#8620 = ORIENTED_EDGE('',*,*,#8621,.F.);
#8621 = EDGE_CURVE('',#7092,#5336,#8622,.T.);
#8622 = SURFACE_CURVE('',#8623,(#8627,#8633),.PCURVE_S1.);
#8623 = LINE('',#8624,#8625);
#8624 = CARTESIAN_POINT('',(28.,-28.,159.27));
#8625 = VECTOR('',#8626,1.);
#8626 = DIRECTION('',(0.,1.,0.));
#8627 = PCURVE('',#4437,#8628);
#8628 = DEFINITIONAL_REPRESENTATION('',(#8629),#8632);
#8629 = B_SPLINE_CURVE_WITH_KNOTS('',1,(#8630,#8631),.UNSPECIFIED.,.F.,
  .F.,(2,2),(0.,56.),.PIECEWISE_BEZIER_KNOTS.);
#8630 = CARTESIAN_POINT('',(0.,1.));
#8631 = CARTESIAN_POINT('',(61.,1.));
#8632 = ( GEOMETRIC_REPRESENTATION_CONTEXT(2) 
PARAMETRIC_REPRESENTATION_CONTEXT() REPRESENTATION_CONTEXT('2D SPACE',''
  ) );
#8633 = PCURVE('',#5350,#8634);
#8634 = DEFINITIONAL_REPRESENTATION('',(#8635),#8639);
#8635 = LINE('',#8636,#8637);
#8636 = CARTESIAN_POINT('',(0.,0.));
#8637 = VECTOR('',#8638,1.);
#8638 = DIRECTION('',(1.,0.));
#8639 = ( GEOMETRIC_REPRESENTATION_CONTEXT(2) 
PARAMETRIC_REPRESENTATION_CONTEXT() REPRESENTATION_CONTEXT('2D SPACE',''
  ) );
#8640 = ADVANCED_FACE('',(#8641),#4505,.T.);
#8641 = FACE_BOUND('',#8642,.T.);
#8642 = EDGE_LOOP('',(#8643,#8644,#8645,#8646,#8647,#8648,#8649,#8650));
#8643 = ORIENTED_EDGE('',*,*,#6889,.T.);
#8644 = ORIENTED_EDGE('',*,*,#6988,.T.);
#8645 = ORIENTED_EDGE('',*,*,#4489,.F.);
#8646 = ORIENTED_EDGE('',*,*,#5826,.T.);
#8647 = ORIENTED_EDGE('',*,*,#6497,.T.);
#8648 = ORIENTED_EDGE('',*,*,#6596,.T.);
#8649 = ORIENTED_EDGE('',*,*,#6693,.T.);
#8650 = ORIENTED_EDGE('',*,*,#6792,.T.);
#8651 = ADVANCED_FACE('',(#8652,#8727),#4555,.T.);
#8652 = FACE_BOUND('',#8653,.T.);
#8653 = EDGE_LOOP('',(#8654,#8684,#8705,#8706));
#8654 = ORIENTED_EDGE('',*,*,#8655,.T.);
#8655 = EDGE_CURVE('',#8656,#8658,#8660,.T.);
#8656 = VERTEX_POINT('',#8657);
#8657 = CARTESIAN_POINT('',(20.25,-8.5,138.42));
#8658 = VERTEX_POINT('',#8659);
#8659 = CARTESIAN_POINT('',(20.25,-20.5,138.42));
#8660 = SURFACE_CURVE('',#8661,(#8665,#8672),.PCURVE_S1.);
#8661 = LINE('',#8662,#8663);
#8662 = CARTESIAN_POINT('',(20.25,-8.5,138.42));
#8663 = VECTOR('',#8664,1.);
#8664 = DIRECTION('',(0.,-1.,0.));
#8665 = PCURVE('',#4555,#8666);
#8666 = DEFINITIONAL_REPRESENTATION('',(#8667),#8671);
#8667 = LINE('',#8668,#8669);
#8668 = CARTESIAN_POINT('',(-6.375,6.));
#8669 = VECTOR('',#8670,1.);
#8670 = DIRECTION('',(0.,-1.));
#8671 = ( GEOMETRIC_REPRESENTATION_CONTEXT(2) 
PARAMETRIC_REPRESENTATION_CONTEXT() REPRESENTATION_CONTEXT('2D SPACE',''
  ) );
#8672 = PCURVE('',#8673,#8678);
#8673 = PLANE('',#8674);
#8674 = AXIS2_PLACEMENT_3D('',#8675,#8676,#8677);
#8675 = CARTESIAN_POINT('',(20.25,-8.5,126.42));
#8676 = DIRECTION('',(1.,0.,-0.));
#8677 = DIRECTION('',(0.,-1.,0.));
#8678 = DEFINITIONAL_REPRESENTATION('',(#8679),#8683);
#8679 = LINE('',#8680,#8681);
#8680 = CARTESIAN_POINT('',(0.,-12.));
#8681 = VECTOR('',#8682,1.);
#8682 = DIRECTION('',(1.,0.));
#8683 = ( GEOMETRIC_REPRESENTATION_CONTEXT(2) 
PARAMETRIC_REPRESENTATION_CONTEXT() REPRESENTATION_CONTEXT('2D SPACE',''
  ) );
#8684 = ORIENTED_EDGE('',*,*,#8685,.T.);
#8685 = EDGE_CURVE('',#8658,#4539,#8686,.T.);
#8686 = SURFACE_CURVE('',#8687,(#8691,#8698),.PCURVE_S1.);
#8687 = LINE('',#8688,#8689);
#8688 = CARTESIAN_POINT('',(20.25,-20.5,138.42));
#8689 = VECTOR('',#8690,1.);
#8690 = DIRECTION('',(1.,0.,0.));
#8691 = PCURVE('',#4555,#8692);
#8692 = DEFINITIONAL_REPRESENTATION('',(#8693),#8697);
#8693 = LINE('',#8694,#8695);
#8694 = CARTESIAN_POINT('',(-6.375,-6.));
#8695 = VECTOR('',#8696,1.);
#8696 = DIRECTION('',(1.,0.));
#8697 = ( GEOMETRIC_REPRESENTATION_CONTEXT(2) 
PARAMETRIC_REPRESENTATION_CONTEXT() REPRESENTATION_CONTEXT('2D SPACE',''
  ) );
#8698 = PCURVE('',#4581,#8699);
#8699 = DEFINITIONAL_REPRESENTATION('',(#8700),#8704);
#8700 = LINE('',#8701,#8702);
#8701 = CARTESIAN_POINT('',(-0.125289796744,20.16736432251));
#8702 = VECTOR('',#8703,1.);
#8703 = DIRECTION('',(0.913650885576,-0.406499765421));
#8704 = ( GEOMETRIC_REPRESENTATION_CONTEXT(2) 
PARAMETRIC_REPRESENTATION_CONTEXT() REPRESENTATION_CONTEXT('2D SPACE',''
  ) );
#8705 = ORIENTED_EDGE('',*,*,#4538,.T.);
#8706 = ORIENTED_EDGE('',*,*,#8707,.T.);
#8707 = EDGE_CURVE('',#4541,#8656,#8708,.T.);
#8708 = SURFACE_CURVE('',#8709,(#8713,#8720),.PCURVE_S1.);
#8709 = LINE('',#8710,#8711);
#8710 = CARTESIAN_POINT('',(33.,-8.5,138.42));
#8711 = VECTOR('',#8712,1.);
#8712 = DIRECTION('',(-1.,0.,0.));
#8713 = PCURVE('',#4555,#8714);
#8714 = DEFINITIONAL_REPRESENTATION('',(#8715),#8719);
#8715 = LINE('',#8716,#8717);
#8716 = CARTESIAN_POINT('',(6.375,6.));
#8717 = VECTOR('',#8718,1.);
#8718 = DIRECTION('',(-1.,0.));
#8719 = ( GEOMETRIC_REPRESENTATION_CONTEXT(2) 
PARAMETRIC_REPRESENTATION_CONTEXT() REPRESENTATION_CONTEXT('2D SPACE',''
  ) );
#8720 = PCURVE('',#4953,#8721);
#8721 = DEFINITIONAL_REPRESENTATION('',(#8722),#8726);
#8722 = LINE('',#8723,#8724);
#8723 = CARTESIAN_POINT('',(0.,-12.));
#8724 = VECTOR('',#8725,1.);
#8725 = DIRECTION('',(1.,0.));
#8726 = ( GEOMETRIC_REPRESENTATION_CONTEXT(2) 
PARAMETRIC_REPRESENTATION_CONTEXT() REPRESENTATION_CONTEXT('2D SPACE',''
  ) );
#8727 = FACE_BOUND('',#8728,.T.);
#8728 = EDGE_LOOP('',(#8729));
#8729 = ORIENTED_EDGE('',*,*,#8730,.T.);
#8730 = EDGE_CURVE('',#8731,#8731,#8733,.T.);
#8731 = VERTEX_POINT('',#8732);
#8732 = CARTESIAN_POINT('',(24.75,-14.5,138.42));
#8733 = SURFACE_CURVE('',#8734,(#8739,#8750),.PCURVE_S1.);
#8734 = CIRCLE('',#8735,1.75);
#8735 = AXIS2_PLACEMENT_3D('',#8736,#8737,#8738);
#8736 = CARTESIAN_POINT('',(23.,-14.5,138.42));
#8737 = DIRECTION('',(0.,0.,-1.));
#8738 = DIRECTION('',(1.,0.,0.));
#8739 = PCURVE('',#4555,#8740);
#8740 = DEFINITIONAL_REPRESENTATION('',(#8741),#8749);
#8741 = ( BOUNDED_CURVE() B_SPLINE_CURVE(2,(#8742,#8743,#8744,#8745,
#8746,#8747,#8748),.UNSPECIFIED.,.T.,.F.) B_SPLINE_CURVE_WITH_KNOTS((1,2
    ,2,2,2,1),(-2.094395102393,0.,2.094395102393,4.188790204786,
6.28318530718,8.377580409573),.UNSPECIFIED.) CURVE() 
GEOMETRIC_REPRESENTATION_ITEM() RATIONAL_B_SPLINE_CURVE((1.,0.5,1.,0.5,
1.,0.5,1.)) REPRESENTATION_ITEM('') );
#8742 = CARTESIAN_POINT('',(-1.875,0.));
#8743 = CARTESIAN_POINT('',(-1.875,-3.031088913246));
#8744 = CARTESIAN_POINT('',(-4.5,-1.515544456623));
#8745 = CARTESIAN_POINT('',(-7.125,-4.286263797016E-16));
#8746 = CARTESIAN_POINT('',(-4.5,1.515544456623));
#8747 = CARTESIAN_POINT('',(-1.875,3.031088913246));
#8748 = CARTESIAN_POINT('',(-1.875,0.));
#8749 = ( GEOMETRIC_REPRESENTATION_CONTEXT(2) 
PARAMETRIC_REPRESENTATION_CONTEXT() REPRESENTATION_CONTEXT('2D SPACE',''
  ) );
#8750 = PCURVE('',#8751,#8756);
#8751 = CYLINDRICAL_SURFACE('',#8752,1.75);
#8752 = AXIS2_PLACEMENT_3D('',#8753,#8754,#8755);
#8753 = CARTESIAN_POINT('',(23.,-14.5,134.42));
#8754 = DIRECTION('',(-0.,-0.,-1.));
#8755 = DIRECTION('',(1.,0.,0.));
#8756 = DEFINITIONAL_REPRESENTATION('',(#8757),#8761);
#8757 = LINE('',#8758,#8759);
#8758 = CARTESIAN_POINT('',(-6.28318530718,-4.));
#8759 = VECTOR('',#8760,1.);
#8760 = DIRECTION('',(1.,-0.));
#8761 = ( GEOMETRIC_REPRESENTATION_CONTEXT(2) 
PARAMETRIC_REPRESENTATION_CONTEXT() REPRESENTATION_CONTEXT('2D SPACE',''
  ) );
#8762 = ADVANCED_FACE('',(#8763),#4581,.T.);
#8763 = FACE_BOUND('',#8764,.T.);
#8764 = EDGE_LOOP('',(#8765,#8792,#8813,#8814,#8815,#8816));
#8765 = ORIENTED_EDGE('',*,*,#8766,.F.);
#8766 = EDGE_CURVE('',#8767,#8769,#8771,.T.);
#8767 = VERTEX_POINT('',#8768);
#8768 = CARTESIAN_POINT('',(30.3,-20.5,113.67));
#8769 = VERTEX_POINT('',#8770);
#8770 = CARTESIAN_POINT('',(20.25,-20.5,126.42));
#8771 = SURFACE_CURVE('',#8772,(#8775,#8781),.PCURVE_S1.);
#8772 = B_SPLINE_CURVE_WITH_KNOTS('',1,(#8773,#8774),.UNSPECIFIED.,.F.,
  .F.,(2,2),(0.,1.),.PIECEWISE_BEZIER_KNOTS.);
#8773 = CARTESIAN_POINT('',(30.3,-20.5,113.67));
#8774 = CARTESIAN_POINT('',(20.25,-20.5,126.42));
#8775 = PCURVE('',#4581,#8776);
#8776 = DEFINITIONAL_REPRESENTATION('',(#8777),#8780);
#8777 = B_SPLINE_CURVE_WITH_KNOTS('',1,(#8778,#8779),.UNSPECIFIED.,.F.,
  .F.,(2,2),(0.,1.),.PIECEWISE_BEZIER_KNOTS.);
#8778 = CARTESIAN_POINT('',(-1.003967590868,-6.530817737963));
#8779 = CARTESIAN_POINT('',(-5.003286981791,9.203553695603));
#8780 = ( GEOMETRIC_REPRESENTATION_CONTEXT(2) 
PARAMETRIC_REPRESENTATION_CONTEXT() REPRESENTATION_CONTEXT('2D SPACE',''
  ) );
#8781 = PCURVE('',#8782,#8787);
#8782 = PLANE('',#8783);
#8783 = AXIS2_PLACEMENT_3D('',#8784,#8785,#8786);
#8784 = CARTESIAN_POINT('',(20.25,-8.5,126.42));
#8785 = DIRECTION('',(-0.785355547621,-0.,-0.619044961066));
#8786 = DIRECTION('',(0.,-1.,0.));
#8787 = DEFINITIONAL_REPRESENTATION('',(#8788),#8791);
#8788 = B_SPLINE_CURVE_WITH_KNOTS('',1,(#8789,#8790),.UNSPECIFIED.,.F.,
  .F.,(2,2),(0.,1.),.PIECEWISE_BEZIER_KNOTS.);
#8789 = CARTESIAN_POINT('',(12.,-16.23468509087));
#8790 = CARTESIAN_POINT('',(12.,0.));
#8791 = ( GEOMETRIC_REPRESENTATION_CONTEXT(2) 
PARAMETRIC_REPRESENTATION_CONTEXT() REPRESENTATION_CONTEXT('2D SPACE',''
  ) );
#8792 = ORIENTED_EDGE('',*,*,#8793,.T.);
#8793 = EDGE_CURVE('',#8767,#4594,#8794,.T.);
#8794 = SURFACE_CURVE('',#8795,(#8799,#8806),.PCURVE_S1.);
#8795 = LINE('',#8796,#8797);
#8796 = CARTESIAN_POINT('',(30.3,-20.5,113.67));
#8797 = VECTOR('',#8798,1.);
#8798 = DIRECTION('',(1.,0.,0.));
#8799 = PCURVE('',#4581,#8800);
#8800 = DEFINITIONAL_REPRESENTATION('',(#8801),#8805);
#8801 = LINE('',#8802,#8803);
#8802 = CARTESIAN_POINT('',(-1.003967590868,-6.530817737963));
#8803 = VECTOR('',#8804,1.);
#8804 = DIRECTION('',(0.913650885576,-0.406499765421));
#8805 = ( GEOMETRIC_REPRESENTATION_CONTEXT(2) 
PARAMETRIC_REPRESENTATION_CONTEXT() REPRESENTATION_CONTEXT('2D SPACE',''
  ) );
#8806 = PCURVE('',#4808,#8807);
#8807 = DEFINITIONAL_REPRESENTATION('',(#8808),#8812);
#8808 = LINE('',#8809,#8810);
#8809 = CARTESIAN_POINT('',(0.,0.));
#8810 = VECTOR('',#8811,1.);
#8811 = DIRECTION('',(3.331483023264E-02,0.999444906979));
#8812 = ( GEOMETRIC_REPRESENTATION_CONTEXT(2) 
PARAMETRIC_REPRESENTATION_CONTEXT() REPRESENTATION_CONTEXT('2D SPACE',''
  ) );
#8813 = ORIENTED_EDGE('',*,*,#4593,.T.);
#8814 = ORIENTED_EDGE('',*,*,#4566,.F.);
#8815 = ORIENTED_EDGE('',*,*,#8685,.F.);
#8816 = ORIENTED_EDGE('',*,*,#8817,.F.);
#8817 = EDGE_CURVE('',#8769,#8658,#8818,.T.);
#8818 = SURFACE_CURVE('',#8819,(#8823,#8830),.PCURVE_S1.);
#8819 = LINE('',#8820,#8821);
#8820 = CARTESIAN_POINT('',(20.25,-20.5,126.42));
#8821 = VECTOR('',#8822,1.);
#8822 = DIRECTION('',(0.,0.,1.));
#8823 = PCURVE('',#4581,#8824);
#8824 = DEFINITIONAL_REPRESENTATION('',(#8825),#8829);
#8825 = LINE('',#8826,#8827);
#8826 = CARTESIAN_POINT('',(-5.003286981791,9.203553695603));
#8827 = VECTOR('',#8828,1.);
#8828 = DIRECTION('',(0.406499765421,0.913650885576));
#8829 = ( GEOMETRIC_REPRESENTATION_CONTEXT(2) 
PARAMETRIC_REPRESENTATION_CONTEXT() REPRESENTATION_CONTEXT('2D SPACE',''
  ) );
#8830 = PCURVE('',#8673,#8831);
#8831 = DEFINITIONAL_REPRESENTATION('',(#8832),#8836);
#8832 = LINE('',#8833,#8834);
#8833 = CARTESIAN_POINT('',(12.,0.));
#8834 = VECTOR('',#8835,1.);
#8835 = DIRECTION('',(0.,-1.));
#8836 = ( GEOMETRIC_REPRESENTATION_CONTEXT(2) 
PARAMETRIC_REPRESENTATION_CONTEXT() REPRESENTATION_CONTEXT('2D SPACE',''
  ) );
#8837 = ADVANCED_FACE('',(#8838),#4953,.F.);
#8838 = FACE_BOUND('',#8839,.F.);
#8839 = EDGE_LOOP('',(#8840,#8863,#8883,#8904,#8905,#8906));
#8840 = ORIENTED_EDGE('',*,*,#8841,.F.);
#8841 = EDGE_CURVE('',#8842,#8656,#8844,.T.);
#8842 = VERTEX_POINT('',#8843);
#8843 = CARTESIAN_POINT('',(20.25,-8.5,126.42));
#8844 = SURFACE_CURVE('',#8845,(#8849,#8856),.PCURVE_S1.);
#8845 = LINE('',#8846,#8847);
#8846 = CARTESIAN_POINT('',(20.25,-8.5,126.42));
#8847 = VECTOR('',#8848,1.);
#8848 = DIRECTION('',(0.,0.,1.));
#8849 = PCURVE('',#4953,#8850);
#8850 = DEFINITIONAL_REPRESENTATION('',(#8851),#8855);
#8851 = LINE('',#8852,#8853);
#8852 = CARTESIAN_POINT('',(12.75,0.));
#8853 = VECTOR('',#8854,1.);
#8854 = DIRECTION('',(0.,-1.));
#8855 = ( GEOMETRIC_REPRESENTATION_CONTEXT(2) 
PARAMETRIC_REPRESENTATION_CONTEXT() REPRESENTATION_CONTEXT('2D SPACE',''
  ) );
#8856 = PCURVE('',#8673,#8857);
#8857 = DEFINITIONAL_REPRESENTATION('',(#8858),#8862);
#8858 = LINE('',#8859,#8860);
#8859 = CARTESIAN_POINT('',(0.,0.));
#8860 = VECTOR('',#8861,1.);
#8861 = DIRECTION('',(0.,-1.));
#8862 = ( GEOMETRIC_REPRESENTATION_CONTEXT(2) 
PARAMETRIC_REPRESENTATION_CONTEXT() REPRESENTATION_CONTEXT('2D SPACE',''
  ) );
#8863 = ORIENTED_EDGE('',*,*,#8864,.F.);
#8864 = EDGE_CURVE('',#8865,#8842,#8867,.T.);
#8865 = VERTEX_POINT('',#8866);
#8866 = CARTESIAN_POINT('',(30.3,-8.5,113.67));
#8867 = SURFACE_CURVE('',#8868,(#8871,#8877),.PCURVE_S1.);
#8868 = B_SPLINE_CURVE_WITH_KNOTS('',1,(#8869,#8870),.UNSPECIFIED.,.F.,
  .F.,(2,2),(0.,1.),.PIECEWISE_BEZIER_KNOTS.);
#8869 = CARTESIAN_POINT('',(30.3,-8.5,113.67));
#8870 = CARTESIAN_POINT('',(20.25,-8.5,126.42));
#8871 = PCURVE('',#4953,#8872);
#8872 = DEFINITIONAL_REPRESENTATION('',(#8873),#8876);
#8873 = B_SPLINE_CURVE_WITH_KNOTS('',1,(#8874,#8875),.UNSPECIFIED.,.F.,
  .F.,(2,2),(0.,1.),.PIECEWISE_BEZIER_KNOTS.);
#8874 = CARTESIAN_POINT('',(2.7,12.75));
#8875 = CARTESIAN_POINT('',(12.75,0.));
#8876 = ( GEOMETRIC_REPRESENTATION_CONTEXT(2) 
PARAMETRIC_REPRESENTATION_CONTEXT() REPRESENTATION_CONTEXT('2D SPACE',''
  ) );
#8877 = PCURVE('',#8782,#8878);
#8878 = DEFINITIONAL_REPRESENTATION('',(#8879),#8882);
#8879 = B_SPLINE_CURVE_WITH_KNOTS('',1,(#8880,#8881),.UNSPECIFIED.,.F.,
  .F.,(2,2),(0.,1.),.PIECEWISE_BEZIER_KNOTS.);
#8880 = CARTESIAN_POINT('',(0.,-16.23468509087));
#8881 = CARTESIAN_POINT('',(0.,0.));
#8882 = ( GEOMETRIC_REPRESENTATION_CONTEXT(2) 
PARAMETRIC_REPRESENTATION_CONTEXT() REPRESENTATION_CONTEXT('2D SPACE',''
  ) );
#8883 = ORIENTED_EDGE('',*,*,#8884,.F.);
#8884 = EDGE_CURVE('',#4794,#8865,#8885,.T.);
#8885 = SURFACE_CURVE('',#8886,(#8890,#8897),.PCURVE_S1.);
#8886 = LINE('',#8887,#8888);
#8887 = CARTESIAN_POINT('',(30.7,-8.5,113.67));
#8888 = VECTOR('',#8889,1.);
#8889 = DIRECTION('',(-1.,0.,0.));
#8890 = PCURVE('',#4953,#8891);
#8891 = DEFINITIONAL_REPRESENTATION('',(#8892),#8896);
#8892 = LINE('',#8893,#8894);
#8893 = CARTESIAN_POINT('',(2.3,12.75));
#8894 = VECTOR('',#8895,1.);
#8895 = DIRECTION('',(1.,0.));
#8896 = ( GEOMETRIC_REPRESENTATION_CONTEXT(2) 
PARAMETRIC_REPRESENTATION_CONTEXT() REPRESENTATION_CONTEXT('2D SPACE',''
  ) );
#8897 = PCURVE('',#4808,#8898);
#8898 = DEFINITIONAL_REPRESENTATION('',(#8899),#8903);
#8899 = LINE('',#8900,#8901);
#8900 = CARTESIAN_POINT('',(12.006664815843,2.299329511977E-17));
#8901 = VECTOR('',#8902,1.);
#8902 = DIRECTION('',(-3.331483023264E-02,-0.999444906979));
#8903 = ( GEOMETRIC_REPRESENTATION_CONTEXT(2) 
PARAMETRIC_REPRESENTATION_CONTEXT() REPRESENTATION_CONTEXT('2D SPACE',''
  ) );
#8904 = ORIENTED_EDGE('',*,*,#4819,.T.);
#8905 = ORIENTED_EDGE('',*,*,#5024,.T.);
#8906 = ORIENTED_EDGE('',*,*,#8707,.T.);
#8907 = ADVANCED_FACE('',(#8908),#4808,.T.);
#8908 = FACE_BOUND('',#8909,.T.);
#8909 = EDGE_LOOP('',(#8910,#8911,#8932,#8933));
#8910 = ORIENTED_EDGE('',*,*,#8793,.F.);
#8911 = ORIENTED_EDGE('',*,*,#8912,.F.);
#8912 = EDGE_CURVE('',#8865,#8767,#8913,.T.);
#8913 = SURFACE_CURVE('',#8914,(#8918,#8925),.PCURVE_S1.);
#8914 = LINE('',#8915,#8916);
#8915 = CARTESIAN_POINT('',(30.3,-8.5,113.67));
#8916 = VECTOR('',#8917,1.);
#8917 = DIRECTION('',(0.,-1.,0.));
#8918 = PCURVE('',#4808,#8919);
#8919 = DEFINITIONAL_REPRESENTATION('',(#8920),#8924);
#8920 = LINE('',#8921,#8922);
#8921 = CARTESIAN_POINT('',(11.99333888375,-0.399777962792));
#8922 = VECTOR('',#8923,1.);
#8923 = DIRECTION('',(-0.999444906979,3.331483023264E-02));
#8924 = ( GEOMETRIC_REPRESENTATION_CONTEXT(2) 
PARAMETRIC_REPRESENTATION_CONTEXT() REPRESENTATION_CONTEXT('2D SPACE',''
  ) );
#8925 = PCURVE('',#8782,#8926);
#8926 = DEFINITIONAL_REPRESENTATION('',(#8927),#8931);
#8927 = LINE('',#8928,#8929);
#8928 = CARTESIAN_POINT('',(0.,-16.23468509087));
#8929 = VECTOR('',#8930,1.);
#8930 = DIRECTION('',(1.,0.));
#8931 = ( GEOMETRIC_REPRESENTATION_CONTEXT(2) 
PARAMETRIC_REPRESENTATION_CONTEXT() REPRESENTATION_CONTEXT('2D SPACE',''
  ) );
#8932 = ORIENTED_EDGE('',*,*,#8884,.F.);
#8933 = ORIENTED_EDGE('',*,*,#4793,.T.);
#8934 = ADVANCED_FACE('',(#8935),#5350,.T.);
#8935 = FACE_BOUND('',#8936,.T.);
#8936 = EDGE_LOOP('',(#8937,#8938,#8939,#9064,#9091,#9113,#9140,#9263));
#8937 = ORIENTED_EDGE('',*,*,#8621,.F.);
#8938 = ORIENTED_EDGE('',*,*,#7147,.F.);
#8939 = ORIENTED_EDGE('',*,*,#8940,.T.);
#8940 = EDGE_CURVE('',#7148,#8941,#8943,.T.);
#8941 = VERTEX_POINT('',#8942);
#8942 = CARTESIAN_POINT('',(28.,-19.3933982822,168.77));
#8943 = SURFACE_CURVE('',#8944,(#8982,#9023),.PCURVE_S1.);
#8944 = B_SPLINE_CURVE_WITH_KNOTS('',8,(#8945,#8946,#8947,#8948,#8949,
    #8950,#8951,#8952,#8953,#8954,#8955,#8956,#8957,#8958,#8959,#8960,
    #8961,#8962,#8963,#8964,#8965,#8966,#8967,#8968,#8969,#8970,#8971,
    #8972,#8973,#8974,#8975,#8976,#8977,#8978,#8979,#8980,#8981),
  .UNSPECIFIED.,.F.,.F.,(9,7,7,7,7,9),(0.,1.408572559025E-02,
    0.241687192212,0.487009409438,0.738895568804,1.),.UNSPECIFIED.);
#8945 = CARTESIAN_POINT('',(28.,-28.,162.68421356237));
#8946 = CARTESIAN_POINT('',(28.,-27.98409020103,162.6954634891));
#8947 = CARTESIAN_POINT('',(28.,-27.96818254095,162.70671190342));
#8948 = CARTESIAN_POINT('',(28.,-27.95227917068,162.71795728438));
#8949 = CARTESIAN_POINT('',(28.,-27.93637561885,162.72920279372));
#8950 = CARTESIAN_POINT('',(28.,-27.92047751811,162.74044444857));
#8951 = CARTESIAN_POINT('',(28.,-27.90458023554,162.75168552487));
#8952 = CARTESIAN_POINT('',(28.,-27.88868624918,162.76292427041));
#8953 = CARTESIAN_POINT('',(28.,-27.61601550301,162.95573160406));
#8954 = CARTESIAN_POINT('',(28.,-27.35992204004,163.13681702834));
#8955 = CARTESIAN_POINT('',(28.,-27.10452687979,163.31740867803));
#8956 = CARTESIAN_POINT('',(28.,-26.84984261821,163.49749764646));
#8957 = CARTESIAN_POINT('',(28.,-26.59588195544,163.67707495326));
#8958 = CARTESIAN_POINT('',(28.,-26.34265769588,163.85613154436));
#8959 = CARTESIAN_POINT('',(28.,-26.09018274809,164.03465829202));
#8960 = CARTESIAN_POINT('',(28.,-25.56715948815,164.40449158584));
#8961 = CARTESIAN_POINT('',(28.,-25.2967344581,164.59571095839));
#8962 = CARTESIAN_POINT('',(28.,-25.02721135072,164.78629257531));
#8963 = CARTESIAN_POINT('',(28.,-24.75860653564,164.97622486151));
#8964 = CARTESIAN_POINT('',(28.,-24.49093643619,165.16549620395));
#8965 = CARTESIAN_POINT('',(28.,-24.22421752934,165.35409495165));
#8966 = CARTESIAN_POINT('',(28.,-23.95846634575,165.54200941568));
#8967 = CARTESIAN_POINT('',(28.,-23.42184838229,165.92145561655));
#8968 = CARTESIAN_POINT('',(28.,-23.15103490663,166.11294966162));
#8969 = CARTESIAN_POINT('',(28.,-22.88127701463,166.30369729634));
#8970 = CARTESIAN_POINT('',(28.,-22.61259260833,166.49368586203));
#8971 = CARTESIAN_POINT('',(28.,-22.34499951996,166.68290274941));
#8972 = CARTESIAN_POINT('',(28.,-22.07851551197,166.87133539854));
#8973 = CARTESIAN_POINT('',(28.,-21.81315827697,167.05897129885));
#8974 = CARTESIAN_POINT('',(28.,-21.27506320752,167.43946197138));
#8975 = CARTESIAN_POINT('',(28.,-21.00241056389,167.6322565046));
#8976 = CARTESIAN_POINT('',(28.,-20.73100715804,167.82416769331));
#8977 = CARTESIAN_POINT('',(28.,-20.46087238108,168.01518182593));
#8978 = CARTESIAN_POINT('',(28.,-20.19202536407,168.20528537476));
#8979 = CARTESIAN_POINT('',(28.,-19.92448497799,168.394464996));
#8980 = CARTESIAN_POINT('',(28.,-19.65826983375,168.58270752975));
#8981 = CARTESIAN_POINT('',(28.,-19.3933982822,168.77));
#8982 = PCURVE('',#5350,#8983);
#8983 = DEFINITIONAL_REPRESENTATION('',(#8984),#9022);
#8984 = B_SPLINE_CURVE_WITH_KNOTS('',8,(#8985,#8986,#8987,#8988,#8989,
    #8990,#8991,#8992,#8993,#8994,#8995,#8996,#8997,#8998,#8999,#9000,
    #9001,#9002,#9003,#9004,#9005,#9006,#9007,#9008,#9009,#9010,#9011,
    #9012,#9013,#9014,#9015,#9016,#9017,#9018,#9019,#9020,#9021),
  .UNSPECIFIED.,.F.,.F.,(9,7,7,7,7,9),(0.,1.408572559025E-02,
    0.241687192212,0.487009409438,0.738895568804,1.),.UNSPECIFIED.);
#8985 = CARTESIAN_POINT('',(0.,-3.414213562373));
#8986 = CARTESIAN_POINT('',(1.59097989656E-02,-3.425463489109));
#8987 = CARTESIAN_POINT('',(3.181745904262E-02,-3.436711903422));
#8988 = CARTESIAN_POINT('',(4.772082931743E-02,-3.447957284389));
#8989 = CARTESIAN_POINT('',(6.362438114302E-02,-3.459202793726));
#8990 = CARTESIAN_POINT('',(7.952248188326E-02,-3.470444448571));
#8991 = CARTESIAN_POINT('',(9.541976445053E-02,-3.481685524875));
#8992 = CARTESIAN_POINT('',(0.111313750811,-3.492924270411));
#8993 = CARTESIAN_POINT('',(0.383984496989,-3.685731604065));
#8994 = CARTESIAN_POINT('',(0.640077959952,-3.866817028343));
#8995 = CARTESIAN_POINT('',(0.895473120203,-4.047408678039));
#8996 = CARTESIAN_POINT('',(1.15015738179,-4.227497646469));
#8997 = CARTESIAN_POINT('',(1.404118044552,-4.407074953263));
#8998 = CARTESIAN_POINT('',(1.657342304118,-4.586131544362));
#8999 = CARTESIAN_POINT('',(1.909817251903,-4.764658292021));
#9000 = CARTESIAN_POINT('',(2.432840511849,-5.134491585847));
#9001 = CARTESIAN_POINT('',(2.703265541895,-5.325710958395));
#9002 = CARTESIAN_POINT('',(2.972788649278,-5.516292575312));
#9003 = CARTESIAN_POINT('',(3.241393464353,-5.706224861511));
#9004 = CARTESIAN_POINT('',(3.509063563806,-5.895496203955));
#9005 = CARTESIAN_POINT('',(3.775782470654,-6.084094951658));
#9006 = CARTESIAN_POINT('',(4.041533654246,-6.272009415684));
#9007 = CARTESIAN_POINT('',(4.578151617707,-6.651455616554));
#9008 = CARTESIAN_POINT('',(4.848965093363,-6.842949661627));
#9009 = CARTESIAN_POINT('',(5.118722985367,-7.033697296342));
#9010 = CARTESIAN_POINT('',(5.38740739167,-7.223685862038));
#9011 = CARTESIAN_POINT('',(5.655000480031,-7.412902749416));
#9012 = CARTESIAN_POINT('',(5.921484488021,-7.601335398544));
#9013 = CARTESIAN_POINT('',(6.186841723022,-7.78897129885));
#9014 = CARTESIAN_POINT('',(6.724936792474,-8.169461971382));
#9015 = CARTESIAN_POINT('',(6.99758943611,-8.362256504606));
#9016 = CARTESIAN_POINT('',(7.26899284196,-8.554167693319));
#9017 = CARTESIAN_POINT('',(7.539127618913,-8.745181825937));
#9018 = CARTESIAN_POINT('',(7.807974635922,-8.935285374766));
#9019 = CARTESIAN_POINT('',(8.075515022007,-9.124464996008));
#9020 = CARTESIAN_POINT('',(8.34173016625,-9.312707529757));
#9021 = CARTESIAN_POINT('',(8.606601717798,-9.5));
#9022 = ( GEOMETRIC_REPRESENTATION_CONTEXT(2) 
PARAMETRIC_REPRESENTATION_CONTEXT() REPRESENTATION_CONTEXT('2D SPACE',''
  ) );
#9023 = PCURVE('',#7278,#9024);
#9024 = DEFINITIONAL_REPRESENTATION('',(#9025),#9063);
#9025 = B_SPLINE_CURVE_WITH_KNOTS('',8,(#9026,#9027,#9028,#9029,#9030,
    #9031,#9032,#9033,#9034,#9035,#9036,#9037,#9038,#9039,#9040,#9041,
    #9042,#9043,#9044,#9045,#9046,#9047,#9048,#9049,#9050,#9051,#9052,
    #9053,#9054,#9055,#9056,#9057,#9058,#9059,#9060,#9061,#9062),
  .UNSPECIFIED.,.F.,.F.,(9,7,7,7,7,9),(0.,1.408572559025E-02,
    0.241687192212,0.487009409438,0.738895568804,1.),.UNSPECIFIED.);
#9026 = CARTESIAN_POINT('',(40.022243975506,6.517062629527E-02));
#9027 = CARTESIAN_POINT('',(40.033614437217,6.68987122333E-02));
#9028 = CARTESIAN_POINT('',(40.044989413658,6.862656585016E-02));
#9029 = CARTESIAN_POINT('',(40.056373482299,7.035395351851E-02));
#9030 = CARTESIAN_POINT('',(40.067757123433,7.20813609065E-02));
#9031 = CARTESIAN_POINT('',(40.079152324156,7.380817621008E-02));
#9032 = CARTESIAN_POINT('',(40.090549204717,7.553490264558E-02));
#9033 = CARTESIAN_POINT('',(40.101953056258,7.726127105464E-02));
#9034 = CARTESIAN_POINT('',(40.297714525586,0.106878143223));
#9035 = CARTESIAN_POINT('',(40.483511010879,0.134694428842));
#9036 = CARTESIAN_POINT('',(40.670760240739,0.162434866419));
#9037 = CARTESIAN_POINT('',(40.859470459168,0.190098087811));
#9038 = CARTESIAN_POINT('',(41.049649562783,0.217682713555));
#9039 = CARTESIAN_POINT('',(41.24130510081,0.24518735287));
#9040 = CARTESIAN_POINT('',(41.434444275088,0.272610603655));
#9041 = CARTESIAN_POINT('',(41.838857214575,0.329420192685));
#9042 = CARTESIAN_POINT('',(42.050372058005,0.358793140308));
#9043 = CARTESIAN_POINT('',(42.263627055538,0.388068123157));
#9044 = CARTESIAN_POINT('',(42.478630201325,0.417243363197));
#9045 = CARTESIAN_POINT('',(42.695388898494,0.446317076567));
#9046 = CARTESIAN_POINT('',(42.913909959148,0.475287473574));
#9047 = CARTESIAN_POINT('',(43.134199604365,0.504152758696));
#9048 = CARTESIAN_POINT('',(43.58426895599,0.562438973296));
#9049 = CARTESIAN_POINT('',(43.814144824366,0.591854112992));
#9050 = CARTESIAN_POINT('',(44.045897150838,0.621154597609));
#9051 = CARTESIAN_POINT('',(44.279531234899,0.650338482667));
#9052 = CARTESIAN_POINT('',(44.51505159403,0.679403831268));
#9053 = CARTESIAN_POINT('',(44.752461963692,0.708348714099));
#9054 = CARTESIAN_POINT('',(44.991765297331,0.737171209427));
#9055 = CARTESIAN_POINT('',(45.4829893701,0.795617863898));
#9056 = CARTESIAN_POINT('',(45.735051327158,0.825232769809));
#9057 = CARTESIAN_POINT('',(45.989152031833,0.854711986372));
#9058 = CARTESIAN_POINT('',(46.245292870435,0.884053407369));
#9059 = CARTESIAN_POINT('',(46.503474221301,0.91325495483));
#9060 = CARTESIAN_POINT('',(46.763695454795,0.94231457903));
#9061 = CARTESIAN_POINT('',(47.025954933311,0.971230258496));
#9062 = CARTESIAN_POINT('',(47.290250011267,1.));
#9063 = ( GEOMETRIC_REPRESENTATION_CONTEXT(2) 
PARAMETRIC_REPRESENTATION_CONTEXT() REPRESENTATION_CONTEXT('2D SPACE',''
  ) );
#9064 = ORIENTED_EDGE('',*,*,#9065,.F.);
#9065 = EDGE_CURVE('',#9066,#8941,#9068,.T.);
#9066 = VERTEX_POINT('',#9067);
#9067 = CARTESIAN_POINT('',(28.,-19.3933982822,171.27));
#9068 = SURFACE_CURVE('',#9069,(#9073,#9080),.PCURVE_S1.);
#9069 = LINE('',#9070,#9071);
#9070 = CARTESIAN_POINT('',(28.,-19.3933982822,165.51497474683));
#9071 = VECTOR('',#9072,1.);
#9072 = DIRECTION('',(0.,0.,-1.));
#9073 = PCURVE('',#5350,#9074);
#9074 = DEFINITIONAL_REPRESENTATION('',(#9075),#9079);
#9075 = LINE('',#9076,#9077);
#9076 = CARTESIAN_POINT('',(8.606601717798,-6.244974746831));
#9077 = VECTOR('',#9078,1.);
#9078 = DIRECTION('',(0.,1.));
#9079 = ( GEOMETRIC_REPRESENTATION_CONTEXT(2) 
PARAMETRIC_REPRESENTATION_CONTEXT() REPRESENTATION_CONTEXT('2D SPACE',''
  ) );
#9080 = PCURVE('',#9081,#9086);
#9081 = PLANE('',#9082);
#9082 = AXIS2_PLACEMENT_3D('',#9083,#9084,#9085);
#9083 = CARTESIAN_POINT('',(-4.897300288829E-15,-47.3933982822,168.77));
#9084 = DIRECTION('',(-0.707106781187,0.707106781187,0.));
#9085 = DIRECTION('',(0.707106781187,0.707106781187,0.));
#9086 = DEFINITIONAL_REPRESENTATION('',(#9087),#9090);
#9087 = B_SPLINE_CURVE_WITH_KNOTS('',1,(#9088,#9089),.UNSPECIFIED.,.F.,
  .F.,(2,2),(-5.755025253169,-3.255025253169),.PIECEWISE_BEZIER_KNOTS.);
#9088 = CARTESIAN_POINT('',(39.597979746447,-2.5));
#9089 = CARTESIAN_POINT('',(39.597979746447,0.));
#9090 = ( GEOMETRIC_REPRESENTATION_CONTEXT(2) 
PARAMETRIC_REPRESENTATION_CONTEXT() REPRESENTATION_CONTEXT('2D SPACE',''
  ) );
#9091 = ORIENTED_EDGE('',*,*,#9092,.F.);
#9092 = EDGE_CURVE('',#9093,#9066,#9095,.T.);
#9093 = VERTEX_POINT('',#9094);
#9094 = CARTESIAN_POINT('',(28.,19.393398282202,171.27));
#9095 = SURFACE_CURVE('',#9096,(#9100,#9106),.PCURVE_S1.);
#9096 = LINE('',#9097,#9098);
#9097 = CARTESIAN_POINT('',(28.,-14.,171.27));
#9098 = VECTOR('',#9099,1.);
#9099 = DIRECTION('',(0.,-1.,0.));
#9100 = PCURVE('',#5350,#9101);
#9101 = DEFINITIONAL_REPRESENTATION('',(#9102),#9105);
#9102 = B_SPLINE_CURVE_WITH_KNOTS('',1,(#9103,#9104),.UNSPECIFIED.,.F.,
  .F.,(2,2),(-42.,14.),.PIECEWISE_BEZIER_KNOTS.);
#9103 = CARTESIAN_POINT('',(56.,-12.));
#9104 = CARTESIAN_POINT('',(0.,-12.));
#9105 = ( GEOMETRIC_REPRESENTATION_CONTEXT(2) 
PARAMETRIC_REPRESENTATION_CONTEXT() REPRESENTATION_CONTEXT('2D SPACE',''
  ) );
#9106 = PCURVE('',#7883,#9107);
#9107 = DEFINITIONAL_REPRESENTATION('',(#9108),#9112);
#9108 = LINE('',#9109,#9110);
#9109 = CARTESIAN_POINT('',(28.,-14.));
#9110 = VECTOR('',#9111,1.);
#9111 = DIRECTION('',(0.,-1.));
#9112 = ( GEOMETRIC_REPRESENTATION_CONTEXT(2) 
PARAMETRIC_REPRESENTATION_CONTEXT() REPRESENTATION_CONTEXT('2D SPACE',''
  ) );
#9113 = ORIENTED_EDGE('',*,*,#9114,.F.);
#9114 = EDGE_CURVE('',#9115,#9093,#9117,.T.);
#9115 = VERTEX_POINT('',#9116);
#9116 = CARTESIAN_POINT('',(28.,19.393398282202,168.77));
#9117 = SURFACE_CURVE('',#9118,(#9122,#9129),.PCURVE_S1.);
#9118 = LINE('',#9119,#9120);
#9119 = CARTESIAN_POINT('',(28.,19.393398282202,165.51497474683));
#9120 = VECTOR('',#9121,1.);
#9121 = DIRECTION('',(0.,0.,1.));
#9122 = PCURVE('',#5350,#9123);
#9123 = DEFINITIONAL_REPRESENTATION('',(#9124),#9128);
#9124 = LINE('',#9125,#9126);
#9125 = CARTESIAN_POINT('',(47.393398282202,-6.244974746831));
#9126 = VECTOR('',#9127,1.);
#9127 = DIRECTION('',(0.,-1.));
#9128 = ( GEOMETRIC_REPRESENTATION_CONTEXT(2) 
PARAMETRIC_REPRESENTATION_CONTEXT() REPRESENTATION_CONTEXT('2D SPACE',''
  ) );
#9129 = PCURVE('',#9130,#9135);
#9130 = PLANE('',#9131);
#9131 = AXIS2_PLACEMENT_3D('',#9132,#9133,#9134);
#9132 = CARTESIAN_POINT('',(47.393398282202,-2.376014251686E-15,168.77)
  );
#9133 = DIRECTION('',(-0.707106781187,-0.707106781187,0.));
#9134 = DIRECTION('',(-0.707106781187,0.707106781187,0.));
#9135 = DEFINITIONAL_REPRESENTATION('',(#9136),#9139);
#9136 = B_SPLINE_CURVE_WITH_KNOTS('',1,(#9137,#9138),.UNSPECIFIED.,.F.,
  .F.,(2,2),(3.255025253169,5.755025253169),.PIECEWISE_BEZIER_KNOTS.);
#9137 = CARTESIAN_POINT('',(27.426406871193,0.));
#9138 = CARTESIAN_POINT('',(27.426406871193,-2.5));
#9139 = ( GEOMETRIC_REPRESENTATION_CONTEXT(2) 
PARAMETRIC_REPRESENTATION_CONTEXT() REPRESENTATION_CONTEXT('2D SPACE',''
  ) );
#9140 = ORIENTED_EDGE('',*,*,#9141,.F.);
#9141 = EDGE_CURVE('',#5167,#9115,#9142,.T.);
#9142 = SURFACE_CURVE('',#9143,(#9181,#9222),.PCURVE_S1.);
#9143 = B_SPLINE_CURVE_WITH_KNOTS('',8,(#9144,#9145,#9146,#9147,#9148,
    #9149,#9150,#9151,#9152,#9153,#9154,#9155,#9156,#9157,#9158,#9159,
    #9160,#9161,#9162,#9163,#9164,#9165,#9166,#9167,#9168,#9169,#9170,
    #9171,#9172,#9173,#9174,#9175,#9176,#9177,#9178,#9179,#9180),
  .UNSPECIFIED.,.F.,.F.,(9,7,7,7,7,9),(0.,1.408572559029E-02,
    0.241687192212,0.487009409438,0.738895568804,1.),.UNSPECIFIED.);
#9144 = CARTESIAN_POINT('',(28.,28.,162.68421356237));
#9145 = CARTESIAN_POINT('',(28.,27.984090201035,162.6954634891));
#9146 = CARTESIAN_POINT('',(28.,27.968182540956,162.70671190342));
#9147 = CARTESIAN_POINT('',(28.,27.952279170684,162.71795728438));
#9148 = CARTESIAN_POINT('',(28.,27.936375618855,162.72920279372));
#9149 = CARTESIAN_POINT('',(28.,27.920477518118,162.74044444856));
#9150 = CARTESIAN_POINT('',(28.,27.904580235549,162.75168552487));
#9151 = CARTESIAN_POINT('',(28.,27.888686249189,162.76292427041));
#9152 = CARTESIAN_POINT('',(28.,27.616015503011,162.95573160406));
#9153 = CARTESIAN_POINT('',(28.,27.359922040048,163.13681702834));
#9154 = CARTESIAN_POINT('',(28.,27.104526879797,163.31740867803));
#9155 = CARTESIAN_POINT('',(28.,26.84984261821,163.49749764646));
#9156 = CARTESIAN_POINT('',(28.,26.595881955448,163.67707495326));
#9157 = CARTESIAN_POINT('',(28.,26.342657695882,163.85613154436));
#9158 = CARTESIAN_POINT('',(28.,26.090182748097,164.03465829202));
#9159 = CARTESIAN_POINT('',(28.,25.567159488151,164.40449158584));
#9160 = CARTESIAN_POINT('',(28.,25.296734458105,164.59571095839));
#9161 = CARTESIAN_POINT('',(28.,25.027211350722,164.78629257531));
#9162 = CARTESIAN_POINT('',(28.,24.758606535647,164.97622486151));
#9163 = CARTESIAN_POINT('',(28.,24.490936436194,165.16549620395));
#9164 = CARTESIAN_POINT('',(28.,24.224217529346,165.35409495165));
#9165 = CARTESIAN_POINT('',(28.,23.958466345754,165.54200941568));
#9166 = CARTESIAN_POINT('',(28.,23.421848382293,165.92145561655));
#9167 = CARTESIAN_POINT('',(28.,23.151034906637,166.11294966162));
#9168 = CARTESIAN_POINT('',(28.,22.881277014633,166.30369729634));
#9169 = CARTESIAN_POINT('',(28.,22.61259260833,166.49368586203));
#9170 = CARTESIAN_POINT('',(28.,22.344999519969,166.68290274941));
#9171 = CARTESIAN_POINT('',(28.,22.078515511979,166.87133539854));
#9172 = CARTESIAN_POINT('',(28.,21.813158276978,167.05897129885));
#9173 = CARTESIAN_POINT('',(28.,21.275063207526,167.43946197138));
#9174 = CARTESIAN_POINT('',(28.,21.00241056389,167.6322565046));
#9175 = CARTESIAN_POINT('',(28.,20.73100715804,167.82416769331));
#9176 = CARTESIAN_POINT('',(28.,20.460872381087,168.01518182593));
#9177 = CARTESIAN_POINT('',(28.,20.192025364078,168.20528537476));
#9178 = CARTESIAN_POINT('',(28.,19.924484977993,168.394464996));
#9179 = CARTESIAN_POINT('',(28.,19.65826983375,168.58270752975));
#9180 = CARTESIAN_POINT('',(28.,19.393398282202,168.77));
#9181 = PCURVE('',#5350,#9182);
#9182 = DEFINITIONAL_REPRESENTATION('',(#9183),#9221);
#9183 = B_SPLINE_CURVE_WITH_KNOTS('',8,(#9184,#9185,#9186,#9187,#9188,
    #9189,#9190,#9191,#9192,#9193,#9194,#9195,#9196,#9197,#9198,#9199,
    #9200,#9201,#9202,#9203,#9204,#9205,#9206,#9207,#9208,#9209,#9210,
    #9211,#9212,#9213,#9214,#9215,#9216,#9217,#9218,#9219,#9220),
  .UNSPECIFIED.,.F.,.F.,(9,7,7,7,7,9),(0.,1.408572559029E-02,
    0.241687192212,0.487009409438,0.738895568804,1.),.UNSPECIFIED.);
#9184 = CARTESIAN_POINT('',(56.,-3.414213562373));
#9185 = CARTESIAN_POINT('',(55.984090201035,-3.425463489109));
#9186 = CARTESIAN_POINT('',(55.968182540956,-3.436711903423));
#9187 = CARTESIAN_POINT('',(55.952279170684,-3.447957284386));
#9188 = CARTESIAN_POINT('',(55.936375618855,-3.459202793729));
#9189 = CARTESIAN_POINT('',(55.920477518118,-3.470444448569));
#9190 = CARTESIAN_POINT('',(55.904580235549,-3.481685524875));
#9191 = CARTESIAN_POINT('',(55.888686249189,-3.492924270411));
#9192 = CARTESIAN_POINT('',(55.616015503011,-3.685731604065));
#9193 = CARTESIAN_POINT('',(55.359922040048,-3.866817028343));
#9194 = CARTESIAN_POINT('',(55.104526879797,-4.047408678039));
#9195 = CARTESIAN_POINT('',(54.84984261821,-4.227497646469));
#9196 = CARTESIAN_POINT('',(54.595881955448,-4.407074953263));
#9197 = CARTESIAN_POINT('',(54.342657695882,-4.586131544362));
#9198 = CARTESIAN_POINT('',(54.090182748097,-4.764658292021));
#9199 = CARTESIAN_POINT('',(53.567159488151,-5.134491585847));
#9200 = CARTESIAN_POINT('',(53.296734458105,-5.325710958395));
#9201 = CARTESIAN_POINT('',(53.027211350722,-5.516292575312));
#9202 = CARTESIAN_POINT('',(52.758606535647,-5.706224861511));
#9203 = CARTESIAN_POINT('',(52.490936436194,-5.895496203955));
#9204 = CARTESIAN_POINT('',(52.224217529346,-6.084094951658));
#9205 = CARTESIAN_POINT('',(51.958466345754,-6.272009415684));
#9206 = CARTESIAN_POINT('',(51.421848382293,-6.651455616554));
#9207 = CARTESIAN_POINT('',(51.151034906637,-6.842949661627));
#9208 = CARTESIAN_POINT('',(50.881277014633,-7.033697296342));
#9209 = CARTESIAN_POINT('',(50.61259260833,-7.223685862038));
#9210 = CARTESIAN_POINT('',(50.344999519969,-7.412902749416));
#9211 = CARTESIAN_POINT('',(50.078515511979,-7.601335398544));
#9212 = CARTESIAN_POINT('',(49.813158276978,-7.78897129885));
#9213 = CARTESIAN_POINT('',(49.275063207526,-8.169461971382));
#9214 = CARTESIAN_POINT('',(49.00241056389,-8.362256504606));
#9215 = CARTESIAN_POINT('',(48.73100715804,-8.554167693319));
#9216 = CARTESIAN_POINT('',(48.460872381087,-8.745181825937));
#9217 = CARTESIAN_POINT('',(48.192025364078,-8.935285374766));
#9218 = CARTESIAN_POINT('',(47.924484977993,-9.124464996008));
#9219 = CARTESIAN_POINT('',(47.65826983375,-9.312707529757));
#9220 = CARTESIAN_POINT('',(47.393398282202,-9.5));
#9221 = ( GEOMETRIC_REPRESENTATION_CONTEXT(2) 
PARAMETRIC_REPRESENTATION_CONTEXT() REPRESENTATION_CONTEXT('2D SPACE',''
  ) );
#9222 = PCURVE('',#5276,#9223);
#9223 = DEFINITIONAL_REPRESENTATION('',(#9224),#9262);
#9224 = B_SPLINE_CURVE_WITH_KNOTS('',8,(#9225,#9226,#9227,#9228,#9229,
    #9230,#9231,#9232,#9233,#9234,#9235,#9236,#9237,#9238,#9239,#9240,
    #9241,#9242,#9243,#9244,#9245,#9246,#9247,#9248,#9249,#9250,#9251,
    #9252,#9253,#9254,#9255,#9256,#9257,#9258,#9259,#9260,#9261),
  .UNSPECIFIED.,.F.,.F.,(9,7,7,7,7,9),(0.,1.408572559029E-02,
    0.241687192212,0.487009409438,0.738895568804,1.),.UNSPECIFIED.);
#9225 = CARTESIAN_POINT('',(40.022243654811,6.517062629527E-02));
#9226 = CARTESIAN_POINT('',(40.010873193101,6.689871223327E-02));
#9227 = CARTESIAN_POINT('',(39.999498216658,6.862656585027E-02));
#9228 = CARTESIAN_POINT('',(39.988114148021,7.035395351834E-02));
#9229 = CARTESIAN_POINT('',(39.976730506881,7.208136090666E-02));
#9230 = CARTESIAN_POINT('',(39.965335306163,7.380817620999E-02));
#9231 = CARTESIAN_POINT('',(39.953938425599,7.553490264561E-02));
#9232 = CARTESIAN_POINT('',(39.94253457406,7.726127105463E-02));
#9233 = CARTESIAN_POINT('',(39.746773104731,0.106878143223));
#9234 = CARTESIAN_POINT('',(39.560976619438,0.134694428842));
#9235 = CARTESIAN_POINT('',(39.373727389579,0.162434866419));
#9236 = CARTESIAN_POINT('',(39.185017171149,0.190098087811));
#9237 = CARTESIAN_POINT('',(38.994838067534,0.217682713555));
#9238 = CARTESIAN_POINT('',(38.803182529507,0.24518735287));
#9239 = CARTESIAN_POINT('',(38.610043355229,0.272610603655));
#9240 = CARTESIAN_POINT('',(38.205630415743,0.329420192685));
#9241 = CARTESIAN_POINT('',(37.994115572312,0.358793140308));
#9242 = CARTESIAN_POINT('',(37.780860574779,0.388068123157));
#9243 = CARTESIAN_POINT('',(37.565857428992,0.417243363197));
#9244 = CARTESIAN_POINT('',(37.349098731823,0.446317076567));
#9245 = CARTESIAN_POINT('',(37.130577671169,0.475287473574));
#9246 = CARTESIAN_POINT('',(36.910288025952,0.504152758696));
#9247 = CARTESIAN_POINT('',(36.460218674328,0.562438973296));
#9248 = CARTESIAN_POINT('',(36.230342805951,0.591854112992));
#9249 = CARTESIAN_POINT('',(35.998590479479,0.621154597609));
#9250 = CARTESIAN_POINT('',(35.764956395418,0.650338482667));
#9251 = CARTESIAN_POINT('',(35.529436036287,0.679403831268));
#9252 = CARTESIAN_POINT('',(35.292025666625,0.708348714099));
#9253 = CARTESIAN_POINT('',(35.052722332986,0.737171209427));
#9254 = CARTESIAN_POINT('',(34.561498260217,0.795617863898));
#9255 = CARTESIAN_POINT('',(34.309436303159,0.825232769809));
#9256 = CARTESIAN_POINT('',(34.055335598484,0.854711986372));
#9257 = CARTESIAN_POINT('',(33.799194759882,0.884053407369));
#9258 = CARTESIAN_POINT('',(33.541013409016,0.91325495483));
#9259 = CARTESIAN_POINT('',(33.280792175522,0.94231457903));
#9260 = CARTESIAN_POINT('',(33.018532697006,0.971230258496));
#9261 = CARTESIAN_POINT('',(32.75423761905,1.));
#9262 = ( GEOMETRIC_REPRESENTATION_CONTEXT(2) 
PARAMETRIC_REPRESENTATION_CONTEXT() REPRESENTATION_CONTEXT('2D SPACE',''
  ) );
#9263 = ORIENTED_EDGE('',*,*,#5335,.T.);
#9264 = ADVANCED_FACE('',(#9265),#5276,.F.);
#9265 = FACE_BOUND('',#9266,.F.);
#9266 = EDGE_LOOP('',(#9267,#9289,#9290,#9291));
#9267 = ORIENTED_EDGE('',*,*,#9268,.F.);
#9268 = EDGE_CURVE('',#9115,#9269,#9271,.T.);
#9269 = VERTEX_POINT('',#9270);
#9270 = CARTESIAN_POINT('',(19.393398282202,28.,168.77));
#9271 = SURFACE_CURVE('',#9272,(#9276,#9282),.PCURVE_S1.);
#9272 = LINE('',#9273,#9274);
#9273 = CARTESIAN_POINT('',(47.393398282202,-2.376014251686E-15,168.77)
  );
#9274 = VECTOR('',#9275,1.);
#9275 = DIRECTION('',(-0.707106781187,0.707106781187,0.));
#9276 = PCURVE('',#5276,#9277);
#9277 = DEFINITIONAL_REPRESENTATION('',(#9278),#9281);
#9278 = B_SPLINE_CURVE_WITH_KNOTS('',1,(#9279,#9280),.UNSPECIFIED.,.F.,
  .F.,(2,2),(0.,67.02438661764),.PIECEWISE_BEZIER_KNOTS.);
#9279 = CARTESIAN_POINT('',(0.,1.));
#9280 = CARTESIAN_POINT('',(80.044487630317,1.));
#9281 = ( GEOMETRIC_REPRESENTATION_CONTEXT(2) 
PARAMETRIC_REPRESENTATION_CONTEXT() REPRESENTATION_CONTEXT('2D SPACE',''
  ) );
#9282 = PCURVE('',#9130,#9283);
#9283 = DEFINITIONAL_REPRESENTATION('',(#9284),#9288);
#9284 = LINE('',#9285,#9286);
#9285 = CARTESIAN_POINT('',(0.,0.));
#9286 = VECTOR('',#9287,1.);
#9287 = DIRECTION('',(1.,0.));
#9288 = ( GEOMETRIC_REPRESENTATION_CONTEXT(2) 
PARAMETRIC_REPRESENTATION_CONTEXT() REPRESENTATION_CONTEXT('2D SPACE',''
  ) );
#9289 = ORIENTED_EDGE('',*,*,#9141,.F.);
#9290 = ORIENTED_EDGE('',*,*,#5166,.T.);
#9291 = ORIENTED_EDGE('',*,*,#9292,.T.);
#9292 = EDGE_CURVE('',#5141,#9269,#9293,.T.);
#9293 = SURFACE_CURVE('',#9294,(#9332,#9373),.PCURVE_S1.);
#9294 = B_SPLINE_CURVE_WITH_KNOTS('',8,(#9295,#9296,#9297,#9298,#9299,
    #9300,#9301,#9302,#9303,#9304,#9305,#9306,#9307,#9308,#9309,#9310,
    #9311,#9312,#9313,#9314,#9315,#9316,#9317,#9318,#9319,#9320,#9321,
    #9322,#9323,#9324,#9325,#9326,#9327,#9328,#9329,#9330,#9331),
  .UNSPECIFIED.,.F.,.F.,(9,7,7,7,7,9),(0.,1.408572559013E-02,
    0.241687192212,0.487009409438,0.738895568804,1.),.UNSPECIFIED.);
#9295 = CARTESIAN_POINT('',(28.,28.,162.68421356237));
#9296 = CARTESIAN_POINT('',(27.984090201034,28.,162.6954634891));
#9297 = CARTESIAN_POINT('',(27.968182540958,28.,162.70671190342));
#9298 = CARTESIAN_POINT('',(27.952279170681,28.,162.71795728438));
#9299 = CARTESIAN_POINT('',(27.936375618859,28.,162.72920279372));
#9300 = CARTESIAN_POINT('',(27.920477518115,28.,162.74044444857));
#9301 = CARTESIAN_POINT('',(27.90458023555,28.,162.75168552487));
#9302 = CARTESIAN_POINT('',(27.888686249189,28.,162.76292427041));
#9303 = CARTESIAN_POINT('',(27.616015503011,28.,162.95573160406));
#9304 = CARTESIAN_POINT('',(27.359922040048,28.,163.13681702834));
#9305 = CARTESIAN_POINT('',(27.104526879797,28.,163.31740867803));
#9306 = CARTESIAN_POINT('',(26.84984261821,28.,163.49749764646));
#9307 = CARTESIAN_POINT('',(26.595881955448,28.,163.67707495326));
#9308 = CARTESIAN_POINT('',(26.342657695882,28.,163.85613154436));
#9309 = CARTESIAN_POINT('',(26.090182748097,28.,164.03465829202));
#9310 = CARTESIAN_POINT('',(25.567159488151,28.,164.40449158584));
#9311 = CARTESIAN_POINT('',(25.296734458105,28.,164.59571095839));
#9312 = CARTESIAN_POINT('',(25.027211350722,28.,164.78629257531));
#9313 = CARTESIAN_POINT('',(24.758606535647,28.,164.97622486151));
#9314 = CARTESIAN_POINT('',(24.490936436194,28.,165.16549620395));
#9315 = CARTESIAN_POINT('',(24.224217529346,28.,165.35409495165));
#9316 = CARTESIAN_POINT('',(23.958466345754,28.,165.54200941568));
#9317 = CARTESIAN_POINT('',(23.421848382293,28.,165.92145561655));
#9318 = CARTESIAN_POINT('',(23.151034906637,28.,166.11294966162));
#9319 = CARTESIAN_POINT('',(22.881277014633,28.,166.30369729634));
#9320 = CARTESIAN_POINT('',(22.61259260833,28.,166.49368586203));
#9321 = CARTESIAN_POINT('',(22.344999519969,28.,166.68290274941));
#9322 = CARTESIAN_POINT('',(22.078515511979,28.,166.87133539854));
#9323 = CARTESIAN_POINT('',(21.813158276978,28.,167.05897129885));
#9324 = CARTESIAN_POINT('',(21.275063207526,28.,167.43946197138));
#9325 = CARTESIAN_POINT('',(21.00241056389,28.,167.6322565046));
#9326 = CARTESIAN_POINT('',(20.73100715804,28.,167.82416769331));
#9327 = CARTESIAN_POINT('',(20.460872381087,28.,168.01518182593));
#9328 = CARTESIAN_POINT('',(20.192025364078,28.,168.20528537476));
#9329 = CARTESIAN_POINT('',(19.924484977993,28.,168.394464996));
#9330 = CARTESIAN_POINT('',(19.65826983375,28.,168.58270752975));
#9331 = CARTESIAN_POINT('',(19.393398282202,28.,168.77));
#9332 = PCURVE('',#5276,#9333);
#9333 = DEFINITIONAL_REPRESENTATION('',(#9334),#9372);
#9334 = B_SPLINE_CURVE_WITH_KNOTS('',8,(#9335,#9336,#9337,#9338,#9339,
    #9340,#9341,#9342,#9343,#9344,#9345,#9346,#9347,#9348,#9349,#9350,
    #9351,#9352,#9353,#9354,#9355,#9356,#9357,#9358,#9359,#9360,#9361,
    #9362,#9363,#9364,#9365,#9366,#9367,#9368,#9369,#9370,#9371),
  .UNSPECIFIED.,.F.,.F.,(9,7,7,7,7,9),(0.,1.408572559013E-02,
    0.241687192212,0.487009409438,0.738895568804,1.),.UNSPECIFIED.);
#9335 = CARTESIAN_POINT('',(40.022243975506,6.517062629527E-02));
#9336 = CARTESIAN_POINT('',(40.033614437217,6.689871223331E-02));
#9337 = CARTESIAN_POINT('',(40.044989413658,6.86265658501E-02));
#9338 = CARTESIAN_POINT('',(40.0563734823,7.035395351865E-02));
#9339 = CARTESIAN_POINT('',(40.067757123432,7.208136090633E-02));
#9340 = CARTESIAN_POINT('',(40.079152324157,7.380817621022E-02));
#9341 = CARTESIAN_POINT('',(40.090549204717,7.553490264552E-02));
#9342 = CARTESIAN_POINT('',(40.101953056258,7.726127105466E-02));
#9343 = CARTESIAN_POINT('',(40.297714525586,0.106878143223));
#9344 = CARTESIAN_POINT('',(40.483511010879,0.134694428842));
#9345 = CARTESIAN_POINT('',(40.670760240739,0.162434866419));
#9346 = CARTESIAN_POINT('',(40.859470459168,0.190098087811));
#9347 = CARTESIAN_POINT('',(41.049649562783,0.217682713555));
#9348 = CARTESIAN_POINT('',(41.24130510081,0.24518735287));
#9349 = CARTESIAN_POINT('',(41.434444275088,0.272610603655));
#9350 = CARTESIAN_POINT('',(41.838857214575,0.329420192685));
#9351 = CARTESIAN_POINT('',(42.050372058005,0.358793140308));
#9352 = CARTESIAN_POINT('',(42.263627055538,0.388068123157));
#9353 = CARTESIAN_POINT('',(42.478630201325,0.417243363197));
#9354 = CARTESIAN_POINT('',(42.695388898494,0.446317076567));
#9355 = CARTESIAN_POINT('',(42.913909959148,0.475287473574));
#9356 = CARTESIAN_POINT('',(43.134199604365,0.504152758696));
#9357 = CARTESIAN_POINT('',(43.58426895599,0.562438973296));
#9358 = CARTESIAN_POINT('',(43.814144824367,0.591854112992));
#9359 = CARTESIAN_POINT('',(44.045897150838,0.621154597609));
#9360 = CARTESIAN_POINT('',(44.279531234899,0.650338482667));
#9361 = CARTESIAN_POINT('',(44.51505159403,0.679403831268));
#9362 = CARTESIAN_POINT('',(44.752461963692,0.708348714099));
#9363 = CARTESIAN_POINT('',(44.991765297331,0.737171209427));
#9364 = CARTESIAN_POINT('',(45.4829893701,0.795617863898));
#9365 = CARTESIAN_POINT('',(45.735051327158,0.825232769809));
#9366 = CARTESIAN_POINT('',(45.989152031833,0.854711986372));
#9367 = CARTESIAN_POINT('',(46.245292870435,0.884053407369));
#9368 = CARTESIAN_POINT('',(46.503474221301,0.91325495483));
#9369 = CARTESIAN_POINT('',(46.763695454795,0.94231457903));
#9370 = CARTESIAN_POINT('',(47.025954933311,0.971230258496));
#9371 = CARTESIAN_POINT('',(47.290250011267,1.));
#9372 = ( GEOMETRIC_REPRESENTATION_CONTEXT(2) 
PARAMETRIC_REPRESENTATION_CONTEXT() REPRESENTATION_CONTEXT('2D SPACE',''
  ) );
#9373 = PCURVE('',#5155,#9374);
#9374 = DEFINITIONAL_REPRESENTATION('',(#9375),#9413);
#9375 = B_SPLINE_CURVE_WITH_KNOTS('',8,(#9376,#9377,#9378,#9379,#9380,
    #9381,#9382,#9383,#9384,#9385,#9386,#9387,#9388,#9389,#9390,#9391,
    #9392,#9393,#9394,#9395,#9396,#9397,#9398,#9399,#9400,#9401,#9402,
    #9403,#9404,#9405,#9406,#9407,#9408,#9409,#9410,#9411,#9412),
  .UNSPECIFIED.,.F.,.F.,(9,7,7,7,7,9),(0.,1.408572559013E-02,
    0.241687192212,0.487009409438,0.738895568804,1.),.UNSPECIFIED.);
#9376 = CARTESIAN_POINT('',(0.,-3.414213562373));
#9377 = CARTESIAN_POINT('',(1.590979896569E-02,-3.425463489109));
#9378 = CARTESIAN_POINT('',(3.18174590421E-02,-3.436711903422));
#9379 = CARTESIAN_POINT('',(4.77208293187E-02,-3.447957284389));
#9380 = CARTESIAN_POINT('',(6.362438114135E-02,-3.459202793725));
#9381 = CARTESIAN_POINT('',(7.952248188456E-02,-3.470444448572));
#9382 = CARTESIAN_POINT('',(9.541976444994E-02,-3.481685524875));
#9383 = CARTESIAN_POINT('',(0.111313750811,-3.492924270411));
#9384 = CARTESIAN_POINT('',(0.383984496989,-3.685731604065));
#9385 = CARTESIAN_POINT('',(0.640077959952,-3.866817028343));
#9386 = CARTESIAN_POINT('',(0.895473120203,-4.047408678039));
#9387 = CARTESIAN_POINT('',(1.15015738179,-4.227497646469));
#9388 = CARTESIAN_POINT('',(1.404118044552,-4.407074953263));
#9389 = CARTESIAN_POINT('',(1.657342304118,-4.586131544362));
#9390 = CARTESIAN_POINT('',(1.909817251903,-4.764658292021));
#9391 = CARTESIAN_POINT('',(2.432840511849,-5.134491585847));
#9392 = CARTESIAN_POINT('',(2.703265541895,-5.325710958395));
#9393 = CARTESIAN_POINT('',(2.972788649278,-5.516292575312));
#9394 = CARTESIAN_POINT('',(3.241393464353,-5.706224861511));
#9395 = CARTESIAN_POINT('',(3.509063563806,-5.895496203955));
#9396 = CARTESIAN_POINT('',(3.775782470654,-6.084094951658));
#9397 = CARTESIAN_POINT('',(4.041533654246,-6.272009415684));
#9398 = CARTESIAN_POINT('',(4.578151617707,-6.651455616554));
#9399 = CARTESIAN_POINT('',(4.848965093363,-6.842949661627));
#9400 = CARTESIAN_POINT('',(5.118722985367,-7.033697296342));
#9401 = CARTESIAN_POINT('',(5.38740739167,-7.223685862038));
#9402 = CARTESIAN_POINT('',(5.655000480031,-7.412902749416));
#9403 = CARTESIAN_POINT('',(5.921484488021,-7.601335398544));
#9404 = CARTESIAN_POINT('',(6.186841723022,-7.78897129885));
#9405 = CARTESIAN_POINT('',(6.724936792474,-8.169461971382));
#9406 = CARTESIAN_POINT('',(6.99758943611,-8.362256504606));
#9407 = CARTESIAN_POINT('',(7.26899284196,-8.554167693319));
#9408 = CARTESIAN_POINT('',(7.539127618913,-8.745181825937));
#9409 = CARTESIAN_POINT('',(7.807974635922,-8.935285374766));
#9410 = CARTESIAN_POINT('',(8.075515022007,-9.124464996008));
#9411 = CARTESIAN_POINT('',(8.34173016625,-9.312707529757));
#9412 = CARTESIAN_POINT('',(8.606601717798,-9.5));
#9413 = ( GEOMETRIC_REPRESENTATION_CONTEXT(2) 
PARAMETRIC_REPRESENTATION_CONTEXT() REPRESENTATION_CONTEXT('2D SPACE',''
  ) );
#9414 = ADVANCED_FACE('',(#9415),#5155,.T.);
#9415 = FACE_BOUND('',#9416,.T.);
#9416 = EDGE_LOOP('',(#9417,#9437,#9438,#9439,#9461,#9483,#9510,#9633));
#9417 = ORIENTED_EDGE('',*,*,#9418,.F.);
#9418 = EDGE_CURVE('',#5080,#5726,#9419,.T.);
#9419 = SURFACE_CURVE('',#9420,(#9424,#9431),.PCURVE_S1.);
#9420 = LINE('',#9421,#9422);
#9421 = CARTESIAN_POINT('',(28.,28.,159.27));
#9422 = VECTOR('',#9423,1.);
#9423 = DIRECTION('',(-1.,0.,0.));
#9424 = PCURVE('',#5155,#9425);
#9425 = DEFINITIONAL_REPRESENTATION('',(#9426),#9430);
#9426 = LINE('',#9427,#9428);
#9427 = CARTESIAN_POINT('',(0.,-0.));
#9428 = VECTOR('',#9429,1.);
#9429 = DIRECTION('',(1.,0.));
#9430 = ( GEOMETRIC_REPRESENTATION_CONTEXT(2) 
PARAMETRIC_REPRESENTATION_CONTEXT() REPRESENTATION_CONTEXT('2D SPACE',''
  ) );
#9431 = PCURVE('',#5117,#9432);
#9432 = DEFINITIONAL_REPRESENTATION('',(#9433),#9436);
#9433 = B_SPLINE_CURVE_WITH_KNOTS('',1,(#9434,#9435),.UNSPECIFIED.,.F.,
  .F.,(2,2),(0.,56.),.PIECEWISE_BEZIER_KNOTS.);
#9434 = CARTESIAN_POINT('',(0.,1.));
#9435 = CARTESIAN_POINT('',(61.,1.));
#9436 = ( GEOMETRIC_REPRESENTATION_CONTEXT(2) 
PARAMETRIC_REPRESENTATION_CONTEXT() REPRESENTATION_CONTEXT('2D SPACE',''
  ) );
#9437 = ORIENTED_EDGE('',*,*,#5140,.F.);
#9438 = ORIENTED_EDGE('',*,*,#9292,.T.);
#9439 = ORIENTED_EDGE('',*,*,#9440,.F.);
#9440 = EDGE_CURVE('',#9441,#9269,#9443,.T.);
#9441 = VERTEX_POINT('',#9442);
#9442 = CARTESIAN_POINT('',(19.393398282202,28.,171.27));
#9443 = SURFACE_CURVE('',#9444,(#9448,#9455),.PCURVE_S1.);
#9444 = LINE('',#9445,#9446);
#9445 = CARTESIAN_POINT('',(19.393398282202,28.,165.51497474683));
#9446 = VECTOR('',#9447,1.);
#9447 = DIRECTION('',(0.,-0.,-1.));
#9448 = PCURVE('',#5155,#9449);
#9449 = DEFINITIONAL_REPRESENTATION('',(#9450),#9454);
#9450 = LINE('',#9451,#9452);
#9451 = CARTESIAN_POINT('',(8.606601717798,-6.244974746831));
#9452 = VECTOR('',#9453,1.);
#9453 = DIRECTION('',(0.,1.));
#9454 = ( GEOMETRIC_REPRESENTATION_CONTEXT(2) 
PARAMETRIC_REPRESENTATION_CONTEXT() REPRESENTATION_CONTEXT('2D SPACE',''
  ) );
#9455 = PCURVE('',#9130,#9456);
#9456 = DEFINITIONAL_REPRESENTATION('',(#9457),#9460);
#9457 = B_SPLINE_CURVE_WITH_KNOTS('',1,(#9458,#9459),.UNSPECIFIED.,.F.,
  .F.,(2,2),(-5.755025253169,-3.255025253169),.PIECEWISE_BEZIER_KNOTS.);
#9458 = CARTESIAN_POINT('',(39.597979746447,-2.5));
#9459 = CARTESIAN_POINT('',(39.597979746447,0.));
#9460 = ( GEOMETRIC_REPRESENTATION_CONTEXT(2) 
PARAMETRIC_REPRESENTATION_CONTEXT() REPRESENTATION_CONTEXT('2D SPACE',''
  ) );
#9461 = ORIENTED_EDGE('',*,*,#9462,.F.);
#9462 = EDGE_CURVE('',#9463,#9441,#9465,.T.);
#9463 = VERTEX_POINT('',#9464);
#9464 = CARTESIAN_POINT('',(-19.3933982822,28.,171.27));
#9465 = SURFACE_CURVE('',#9466,(#9470,#9476),.PCURVE_S1.);
#9466 = LINE('',#9467,#9468);
#9467 = CARTESIAN_POINT('',(14.,28.,171.27));
#9468 = VECTOR('',#9469,1.);
#9469 = DIRECTION('',(1.,0.,-0.));
#9470 = PCURVE('',#5155,#9471);
#9471 = DEFINITIONAL_REPRESENTATION('',(#9472),#9475);
#9472 = B_SPLINE_CURVE_WITH_KNOTS('',1,(#9473,#9474),.UNSPECIFIED.,.F.,
  .F.,(2,2),(-42.,14.),.PIECEWISE_BEZIER_KNOTS.);
#9473 = CARTESIAN_POINT('',(56.,-12.));
#9474 = CARTESIAN_POINT('',(0.,-12.));
#9475 = ( GEOMETRIC_REPRESENTATION_CONTEXT(2) 
PARAMETRIC_REPRESENTATION_CONTEXT() REPRESENTATION_CONTEXT('2D SPACE',''
  ) );
#9476 = PCURVE('',#7883,#9477);
#9477 = DEFINITIONAL_REPRESENTATION('',(#9478),#9482);
#9478 = LINE('',#9479,#9480);
#9479 = CARTESIAN_POINT('',(14.,28.));
#9480 = VECTOR('',#9481,1.);
#9481 = DIRECTION('',(1.,0.));
#9482 = ( GEOMETRIC_REPRESENTATION_CONTEXT(2) 
PARAMETRIC_REPRESENTATION_CONTEXT() REPRESENTATION_CONTEXT('2D SPACE',''
  ) );
#9483 = ORIENTED_EDGE('',*,*,#9484,.F.);
#9484 = EDGE_CURVE('',#9485,#9463,#9487,.T.);
#9485 = VERTEX_POINT('',#9486);
#9486 = CARTESIAN_POINT('',(-19.3933982822,28.,168.77));
#9487 = SURFACE_CURVE('',#9488,(#9492,#9499),.PCURVE_S1.);
#9488 = LINE('',#9489,#9490);
#9489 = CARTESIAN_POINT('',(-19.3933982822,28.,165.51497474683));
#9490 = VECTOR('',#9491,1.);
#9491 = DIRECTION('',(0.,0.,1.));
#9492 = PCURVE('',#5155,#9493);
#9493 = DEFINITIONAL_REPRESENTATION('',(#9494),#9498);
#9494 = LINE('',#9495,#9496);
#9495 = CARTESIAN_POINT('',(47.393398282202,-6.244974746831));
#9496 = VECTOR('',#9497,1.);
#9497 = DIRECTION('',(0.,-1.));
#9498 = ( GEOMETRIC_REPRESENTATION_CONTEXT(2) 
PARAMETRIC_REPRESENTATION_CONTEXT() REPRESENTATION_CONTEXT('2D SPACE',''
  ) );
#9499 = PCURVE('',#9500,#9505);
#9500 = PLANE('',#9501);
#9501 = AXIS2_PLACEMENT_3D('',#9502,#9503,#9504);
#9502 = CARTESIAN_POINT('',(4.897300288829E-15,47.393398282202,168.77));
#9503 = DIRECTION('',(0.707106781187,-0.707106781187,0.));
#9504 = DIRECTION('',(-0.707106781187,-0.707106781187,0.));
#9505 = DEFINITIONAL_REPRESENTATION('',(#9506),#9509);
#9506 = B_SPLINE_CURVE_WITH_KNOTS('',1,(#9507,#9508),.UNSPECIFIED.,.F.,
  .F.,(2,2),(3.255025253169,5.755025253169),.PIECEWISE_BEZIER_KNOTS.);
#9507 = CARTESIAN_POINT('',(27.426406871193,0.));
#9508 = CARTESIAN_POINT('',(27.426406871193,-2.5));
#9509 = ( GEOMETRIC_REPRESENTATION_CONTEXT(2) 
PARAMETRIC_REPRESENTATION_CONTEXT() REPRESENTATION_CONTEXT('2D SPACE',''
  ) );
#9510 = ORIENTED_EDGE('',*,*,#9511,.F.);
#9511 = EDGE_CURVE('',#5575,#9485,#9512,.T.);
#9512 = SURFACE_CURVE('',#9513,(#9551,#9592),.PCURVE_S1.);
#9513 = B_SPLINE_CURVE_WITH_KNOTS('',8,(#9514,#9515,#9516,#9517,#9518,
    #9519,#9520,#9521,#9522,#9523,#9524,#9525,#9526,#9527,#9528,#9529,
    #9530,#9531,#9532,#9533,#9534,#9535,#9536,#9537,#9538,#9539,#9540,
    #9541,#9542,#9543,#9544,#9545,#9546,#9547,#9548,#9549,#9550),
  .UNSPECIFIED.,.F.,.F.,(9,7,7,7,7,9),(0.,1.40857255905E-02,
    0.241687192213,0.487009409438,0.738895568804,1.),.UNSPECIFIED.);
#9514 = CARTESIAN_POINT('',(-28.,28.,162.68421356237));
#9515 = CARTESIAN_POINT('',(-27.98409020103,28.,162.6954634891));
#9516 = CARTESIAN_POINT('',(-27.96818254095,28.,162.70671190342));
#9517 = CARTESIAN_POINT('',(-27.95227917068,28.,162.71795728438));
#9518 = CARTESIAN_POINT('',(-27.93637561885,28.,162.72920279373));
#9519 = CARTESIAN_POINT('',(-27.92047751812,28.,162.74044444856));
#9520 = CARTESIAN_POINT('',(-27.90458023554,28.,162.75168552487));
#9521 = CARTESIAN_POINT('',(-27.88868624918,28.,162.76292427041));
#9522 = CARTESIAN_POINT('',(-27.61601550301,28.,162.95573160406));
#9523 = CARTESIAN_POINT('',(-27.35992204004,28.,163.13681702834));
#9524 = CARTESIAN_POINT('',(-27.10452687979,28.,163.31740867803));
#9525 = CARTESIAN_POINT('',(-26.84984261821,28.,163.49749764646));
#9526 = CARTESIAN_POINT('',(-26.59588195544,28.,163.67707495326));
#9527 = CARTESIAN_POINT('',(-26.34265769588,28.,163.85613154436));
#9528 = CARTESIAN_POINT('',(-26.09018274809,28.,164.03465829202));
#9529 = CARTESIAN_POINT('',(-25.56715948815,28.,164.40449158584));
#9530 = CARTESIAN_POINT('',(-25.2967344581,28.,164.59571095839));
#9531 = CARTESIAN_POINT('',(-25.02721135072,28.,164.78629257531));
#9532 = CARTESIAN_POINT('',(-24.75860653564,28.,164.97622486151));
#9533 = CARTESIAN_POINT('',(-24.49093643619,28.,165.16549620395));
#9534 = CARTESIAN_POINT('',(-24.22421752934,28.,165.35409495165));
#9535 = CARTESIAN_POINT('',(-23.95846634575,28.,165.54200941568));
#9536 = CARTESIAN_POINT('',(-23.42184838229,28.,165.92145561655));
#9537 = CARTESIAN_POINT('',(-23.15103490663,28.,166.11294966162));
#9538 = CARTESIAN_POINT('',(-22.88127701463,28.,166.30369729634));
#9539 = CARTESIAN_POINT('',(-22.61259260833,28.,166.49368586203));
#9540 = CARTESIAN_POINT('',(-22.34499951996,28.,166.68290274941));
#9541 = CARTESIAN_POINT('',(-22.07851551197,28.,166.87133539854));
#9542 = CARTESIAN_POINT('',(-21.81315827697,28.,167.05897129885));
#9543 = CARTESIAN_POINT('',(-21.27506320752,28.,167.43946197138));
#9544 = CARTESIAN_POINT('',(-21.00241056389,28.,167.6322565046));
#9545 = CARTESIAN_POINT('',(-20.73100715804,28.,167.82416769331));
#9546 = CARTESIAN_POINT('',(-20.46087238108,28.,168.01518182593));
#9547 = CARTESIAN_POINT('',(-20.19202536407,28.,168.20528537476));
#9548 = CARTESIAN_POINT('',(-19.92448497799,28.,168.394464996));
#9549 = CARTESIAN_POINT('',(-19.65826983375,28.,168.58270752975));
#9550 = CARTESIAN_POINT('',(-19.3933982822,28.,168.77));
#9551 = PCURVE('',#5155,#9552);
#9552 = DEFINITIONAL_REPRESENTATION('',(#9553),#9591);
#9553 = B_SPLINE_CURVE_WITH_KNOTS('',8,(#9554,#9555,#9556,#9557,#9558,
    #9559,#9560,#9561,#9562,#9563,#9564,#9565,#9566,#9567,#9568,#9569,
    #9570,#9571,#9572,#9573,#9574,#9575,#9576,#9577,#9578,#9579,#9580,
    #9581,#9582,#9583,#9584,#9585,#9586,#9587,#9588,#9589,#9590),
  .UNSPECIFIED.,.F.,.F.,(9,7,7,7,7,9),(0.,1.40857255905E-02,
    0.241687192213,0.487009409438,0.738895568804,1.),.UNSPECIFIED.);
#9554 = CARTESIAN_POINT('',(56.,-3.414213562373));
#9555 = CARTESIAN_POINT('',(55.984090201035,-3.425463489109));
#9556 = CARTESIAN_POINT('',(55.968182540955,-3.436711903424));
#9557 = CARTESIAN_POINT('',(55.952279170686,-3.447957284384));
#9558 = CARTESIAN_POINT('',(55.936375618853,-3.459202793732));
#9559 = CARTESIAN_POINT('',(55.92047751812,-3.470444448567));
#9560 = CARTESIAN_POINT('',(55.904580235548,-3.481685524876));
#9561 = CARTESIAN_POINT('',(55.888686249189,-3.492924270411));
#9562 = CARTESIAN_POINT('',(55.616015503011,-3.685731604065));
#9563 = CARTESIAN_POINT('',(55.359922040048,-3.866817028343));
#9564 = CARTESIAN_POINT('',(55.104526879797,-4.047408678039));
#9565 = CARTESIAN_POINT('',(54.84984261821,-4.227497646469));
#9566 = CARTESIAN_POINT('',(54.595881955448,-4.407074953263));
#9567 = CARTESIAN_POINT('',(54.342657695882,-4.586131544362));
#9568 = CARTESIAN_POINT('',(54.090182748097,-4.764658292021));
#9569 = CARTESIAN_POINT('',(53.567159488151,-5.134491585847));
#9570 = CARTESIAN_POINT('',(53.296734458105,-5.325710958395));
#9571 = CARTESIAN_POINT('',(53.027211350722,-5.516292575312));
#9572 = CARTESIAN_POINT('',(52.758606535647,-5.706224861511));
#9573 = CARTESIAN_POINT('',(52.490936436194,-5.895496203955));
#9574 = CARTESIAN_POINT('',(52.224217529346,-6.084094951658));
#9575 = CARTESIAN_POINT('',(51.958466345754,-6.272009415684));
#9576 = CARTESIAN_POINT('',(51.421848382293,-6.651455616554));
#9577 = CARTESIAN_POINT('',(51.151034906637,-6.842949661627));
#9578 = CARTESIAN_POINT('',(50.881277014633,-7.033697296342));
#9579 = CARTESIAN_POINT('',(50.61259260833,-7.223685862038));
#9580 = CARTESIAN_POINT('',(50.344999519969,-7.412902749416));
#9581 = CARTESIAN_POINT('',(50.078515511979,-7.601335398544));
#9582 = CARTESIAN_POINT('',(49.813158276978,-7.78897129885));
#9583 = CARTESIAN_POINT('',(49.275063207526,-8.169461971382));
#9584 = CARTESIAN_POINT('',(49.00241056389,-8.362256504606));
#9585 = CARTESIAN_POINT('',(48.73100715804,-8.554167693319));
#9586 = CARTESIAN_POINT('',(48.460872381087,-8.745181825937));
#9587 = CARTESIAN_POINT('',(48.192025364078,-8.935285374766));
#9588 = CARTESIAN_POINT('',(47.924484977993,-9.124464996008));
#9589 = CARTESIAN_POINT('',(47.65826983375,-9.312707529757));
#9590 = CARTESIAN_POINT('',(47.393398282202,-9.5));
#9591 = ( GEOMETRIC_REPRESENTATION_CONTEXT(2) 
PARAMETRIC_REPRESENTATION_CONTEXT() REPRESENTATION_CONTEXT('2D SPACE',''
  ) );
#9592 = PCURVE('',#5672,#9593);
#9593 = DEFINITIONAL_REPRESENTATION('',(#9594),#9632);
#9594 = B_SPLINE_CURVE_WITH_KNOTS('',8,(#9595,#9596,#9597,#9598,#9599,
    #9600,#9601,#9602,#9603,#9604,#9605,#9606,#9607,#9608,#9609,#9610,
    #9611,#9612,#9613,#9614,#9615,#9616,#9617,#9618,#9619,#9620,#9621,
    #9622,#9623,#9624,#9625,#9626,#9627,#9628,#9629,#9630,#9631),
  .UNSPECIFIED.,.F.,.F.,(9,7,7,7,7,9),(0.,1.40857255905E-02,
    0.241687192213,0.487009409438,0.738895568804,1.),.UNSPECIFIED.);
#9595 = CARTESIAN_POINT('',(40.022243654811,6.517062629527E-02));
#9596 = CARTESIAN_POINT('',(40.010873193101,6.689871223324E-02));
#9597 = CARTESIAN_POINT('',(39.999498216657,6.862656585041E-02));
#9598 = CARTESIAN_POINT('',(39.988114148023,7.035395351802E-02));
#9599 = CARTESIAN_POINT('',(39.976730506878,7.208136090706E-02));
#9600 = CARTESIAN_POINT('',(39.965335306165,7.38081762097E-02));
#9601 = CARTESIAN_POINT('',(39.953938425598,7.553490264573E-02));
#9602 = CARTESIAN_POINT('',(39.94253457406,7.726127105461E-02));
#9603 = CARTESIAN_POINT('',(39.746773104731,0.106878143223));
#9604 = CARTESIAN_POINT('',(39.560976619438,0.134694428842));
#9605 = CARTESIAN_POINT('',(39.373727389579,0.162434866419));
#9606 = CARTESIAN_POINT('',(39.185017171149,0.190098087811));
#9607 = CARTESIAN_POINT('',(38.994838067534,0.217682713555));
#9608 = CARTESIAN_POINT('',(38.803182529507,0.24518735287));
#9609 = CARTESIAN_POINT('',(38.610043355229,0.272610603655));
#9610 = CARTESIAN_POINT('',(38.205630415743,0.329420192685));
#9611 = CARTESIAN_POINT('',(37.994115572312,0.358793140308));
#9612 = CARTESIAN_POINT('',(37.780860574779,0.388068123157));
#9613 = CARTESIAN_POINT('',(37.565857428992,0.417243363197));
#9614 = CARTESIAN_POINT('',(37.349098731823,0.446317076567));
#9615 = CARTESIAN_POINT('',(37.130577671169,0.475287473574));
#9616 = CARTESIAN_POINT('',(36.910288025952,0.504152758696));
#9617 = CARTESIAN_POINT('',(36.460218674327,0.562438973296));
#9618 = CARTESIAN_POINT('',(36.230342805951,0.591854112992));
#9619 = CARTESIAN_POINT('',(35.998590479479,0.621154597609));
#9620 = CARTESIAN_POINT('',(35.764956395418,0.650338482667));
#9621 = CARTESIAN_POINT('',(35.529436036287,0.679403831268));
#9622 = CARTESIAN_POINT('',(35.292025666625,0.708348714099));
#9623 = CARTESIAN_POINT('',(35.052722332986,0.737171209427));
#9624 = CARTESIAN_POINT('',(34.561498260217,0.795617863898));
#9625 = CARTESIAN_POINT('',(34.309436303159,0.825232769809));
#9626 = CARTESIAN_POINT('',(34.055335598484,0.854711986372));
#9627 = CARTESIAN_POINT('',(33.799194759882,0.884053407369));
#9628 = CARTESIAN_POINT('',(33.541013409016,0.91325495483));
#9629 = CARTESIAN_POINT('',(33.280792175522,0.94231457903));
#9630 = CARTESIAN_POINT('',(33.018532697006,0.971230258496));
#9631 = CARTESIAN_POINT('',(32.75423761905,1.));
#9632 = ( GEOMETRIC_REPRESENTATION_CONTEXT(2) 
PARAMETRIC_REPRESENTATION_CONTEXT() REPRESENTATION_CONTEXT('2D SPACE',''
  ) );
#9633 = ORIENTED_EDGE('',*,*,#5725,.T.);
#9634 = ADVANCED_FACE('',(#9635),#5117,.F.);
#9635 = FACE_BOUND('',#9636,.F.);
#9636 = EDGE_LOOP('',(#9637,#9638,#9639,#9640));
#9637 = ORIENTED_EDGE('',*,*,#5079,.F.);
#9638 = ORIENTED_EDGE('',*,*,#5421,.T.);
#9639 = ORIENTED_EDGE('',*,*,#5746,.T.);
#9640 = ORIENTED_EDGE('',*,*,#9418,.F.);
#9641 = ADVANCED_FACE('',(#9642),#5672,.F.);
#9642 = FACE_BOUND('',#9643,.F.);
#9643 = EDGE_LOOP('',(#9644,#9666,#9667,#9668));
#9644 = ORIENTED_EDGE('',*,*,#9645,.F.);
#9645 = EDGE_CURVE('',#9485,#9646,#9648,.T.);
#9646 = VERTEX_POINT('',#9647);
#9647 = CARTESIAN_POINT('',(-28.,19.393398282202,168.77));
#9648 = SURFACE_CURVE('',#9649,(#9653,#9659),.PCURVE_S1.);
#9649 = LINE('',#9650,#9651);
#9650 = CARTESIAN_POINT('',(4.897300288829E-15,47.393398282202,168.77));
#9651 = VECTOR('',#9652,1.);
#9652 = DIRECTION('',(-0.707106781187,-0.707106781187,0.));
#9653 = PCURVE('',#5672,#9654);
#9654 = DEFINITIONAL_REPRESENTATION('',(#9655),#9658);
#9655 = B_SPLINE_CURVE_WITH_KNOTS('',1,(#9656,#9657),.UNSPECIFIED.,.F.,
  .F.,(2,2),(0.,67.02438661764),.PIECEWISE_BEZIER_KNOTS.);
#9656 = CARTESIAN_POINT('',(0.,1.));
#9657 = CARTESIAN_POINT('',(80.044487630317,1.));
#9658 = ( GEOMETRIC_REPRESENTATION_CONTEXT(2) 
PARAMETRIC_REPRESENTATION_CONTEXT() REPRESENTATION_CONTEXT('2D SPACE',''
  ) );
#9659 = PCURVE('',#9500,#9660);
#9660 = DEFINITIONAL_REPRESENTATION('',(#9661),#9665);
#9661 = LINE('',#9662,#9663);
#9662 = CARTESIAN_POINT('',(0.,0.));
#9663 = VECTOR('',#9664,1.);
#9664 = DIRECTION('',(1.,0.));
#9665 = ( GEOMETRIC_REPRESENTATION_CONTEXT(2) 
PARAMETRIC_REPRESENTATION_CONTEXT() REPRESENTATION_CONTEXT('2D SPACE',''
  ) );
#9666 = ORIENTED_EDGE('',*,*,#9511,.F.);
#9667 = ORIENTED_EDGE('',*,*,#5574,.T.);
#9668 = ORIENTED_EDGE('',*,*,#9669,.T.);
#9669 = EDGE_CURVE('',#5549,#9646,#9670,.T.);
#9670 = SURFACE_CURVE('',#9671,(#9709,#9750),.PCURVE_S1.);
#9671 = B_SPLINE_CURVE_WITH_KNOTS('',8,(#9672,#9673,#9674,#9675,#9676,
    #9677,#9678,#9679,#9680,#9681,#9682,#9683,#9684,#9685,#9686,#9687,
    #9688,#9689,#9690,#9691,#9692,#9693,#9694,#9695,#9696,#9697,#9698,
    #9699,#9700,#9701,#9702,#9703,#9704,#9705,#9706,#9707,#9708),
  .UNSPECIFIED.,.F.,.F.,(9,7,7,7,7,9),(0.,1.408572559025E-02,
    0.241687192212,0.487009409438,0.738895568804,1.),.UNSPECIFIED.);
#9672 = CARTESIAN_POINT('',(-28.,28.,162.68421356237));
#9673 = CARTESIAN_POINT('',(-28.,27.984090201034,162.6954634891));
#9674 = CARTESIAN_POINT('',(-28.,27.968182540957,162.70671190342));
#9675 = CARTESIAN_POINT('',(-28.,27.952279170683,162.71795728438));
#9676 = CARTESIAN_POINT('',(-28.,27.936375618857,162.72920279372));
#9677 = CARTESIAN_POINT('',(-28.,27.920477518117,162.74044444857));
#9678 = CARTESIAN_POINT('',(-28.,27.904580235549,162.75168552487));
#9679 = CARTESIAN_POINT('',(-28.,27.888686249189,162.76292427041));
#9680 = CARTESIAN_POINT('',(-28.,27.616015503011,162.95573160406));
#9681 = CARTESIAN_POINT('',(-28.,27.359922040048,163.13681702834));
#9682 = CARTESIAN_POINT('',(-28.,27.104526879797,163.31740867803));
#9683 = CARTESIAN_POINT('',(-28.,26.84984261821,163.49749764646));
#9684 = CARTESIAN_POINT('',(-28.,26.595881955448,163.67707495326));
#9685 = CARTESIAN_POINT('',(-28.,26.342657695882,163.85613154436));
#9686 = CARTESIAN_POINT('',(-28.,26.090182748097,164.03465829202));
#9687 = CARTESIAN_POINT('',(-28.,25.567159488151,164.40449158584));
#9688 = CARTESIAN_POINT('',(-28.,25.296734458105,164.59571095839));
#9689 = CARTESIAN_POINT('',(-28.,25.027211350722,164.78629257531));
#9690 = CARTESIAN_POINT('',(-28.,24.758606535647,164.97622486151));
#9691 = CARTESIAN_POINT('',(-28.,24.490936436194,165.16549620395));
#9692 = CARTESIAN_POINT('',(-28.,24.224217529346,165.35409495165));
#9693 = CARTESIAN_POINT('',(-28.,23.958466345754,165.54200941568));
#9694 = CARTESIAN_POINT('',(-28.,23.421848382293,165.92145561655));
#9695 = CARTESIAN_POINT('',(-28.,23.151034906637,166.11294966162));
#9696 = CARTESIAN_POINT('',(-28.,22.881277014633,166.30369729634));
#9697 = CARTESIAN_POINT('',(-28.,22.61259260833,166.49368586203));
#9698 = CARTESIAN_POINT('',(-28.,22.344999519969,166.68290274941));
#9699 = CARTESIAN_POINT('',(-28.,22.078515511979,166.87133539854));
#9700 = CARTESIAN_POINT('',(-28.,21.813158276978,167.05897129885));
#9701 = CARTESIAN_POINT('',(-28.,21.275063207526,167.43946197138));
#9702 = CARTESIAN_POINT('',(-28.,21.00241056389,167.6322565046));
#9703 = CARTESIAN_POINT('',(-28.,20.73100715804,167.82416769331));
#9704 = CARTESIAN_POINT('',(-28.,20.460872381087,168.01518182593));
#9705 = CARTESIAN_POINT('',(-28.,20.192025364078,168.20528537476));
#9706 = CARTESIAN_POINT('',(-28.,19.924484977993,168.394464996));
#9707 = CARTESIAN_POINT('',(-28.,19.65826983375,168.58270752975));
#9708 = CARTESIAN_POINT('',(-28.,19.393398282202,168.77));
#9709 = PCURVE('',#5672,#9710);
#9710 = DEFINITIONAL_REPRESENTATION('',(#9711),#9749);
#9711 = B_SPLINE_CURVE_WITH_KNOTS('',8,(#9712,#9713,#9714,#9715,#9716,
    #9717,#9718,#9719,#9720,#9721,#9722,#9723,#9724,#9725,#9726,#9727,
    #9728,#9729,#9730,#9731,#9732,#9733,#9734,#9735,#9736,#9737,#9738,
    #9739,#9740,#9741,#9742,#9743,#9744,#9745,#9746,#9747,#9748),
  .UNSPECIFIED.,.F.,.F.,(9,7,7,7,7,9),(0.,1.408572559025E-02,
    0.241687192212,0.487009409438,0.738895568804,1.),.UNSPECIFIED.);
#9712 = CARTESIAN_POINT('',(40.022243975506,6.517062629527E-02));
#9713 = CARTESIAN_POINT('',(40.033614437217,6.68987122333E-02));
#9714 = CARTESIAN_POINT('',(40.044989413658,6.862656585016E-02));
#9715 = CARTESIAN_POINT('',(40.056373482299,7.035395351851E-02));
#9716 = CARTESIAN_POINT('',(40.067757123433,7.20813609065E-02));
#9717 = CARTESIAN_POINT('',(40.079152324156,7.380817621008E-02));
#9718 = CARTESIAN_POINT('',(40.090549204717,7.553490264558E-02));
#9719 = CARTESIAN_POINT('',(40.101953056258,7.726127105464E-02));
#9720 = CARTESIAN_POINT('',(40.297714525586,0.106878143223));
#9721 = CARTESIAN_POINT('',(40.483511010879,0.134694428842));
#9722 = CARTESIAN_POINT('',(40.670760240739,0.162434866419));
#9723 = CARTESIAN_POINT('',(40.859470459168,0.190098087811));
#9724 = CARTESIAN_POINT('',(41.049649562783,0.217682713555));
#9725 = CARTESIAN_POINT('',(41.24130510081,0.24518735287));
#9726 = CARTESIAN_POINT('',(41.434444275088,0.272610603655));
#9727 = CARTESIAN_POINT('',(41.838857214575,0.329420192685));
#9728 = CARTESIAN_POINT('',(42.050372058005,0.358793140308));
#9729 = CARTESIAN_POINT('',(42.263627055538,0.388068123157));
#9730 = CARTESIAN_POINT('',(42.478630201325,0.417243363197));
#9731 = CARTESIAN_POINT('',(42.695388898494,0.446317076567));
#9732 = CARTESIAN_POINT('',(42.913909959148,0.475287473574));
#9733 = CARTESIAN_POINT('',(43.134199604365,0.504152758696));
#9734 = CARTESIAN_POINT('',(43.58426895599,0.562438973296));
#9735 = CARTESIAN_POINT('',(43.814144824366,0.591854112992));
#9736 = CARTESIAN_POINT('',(44.045897150838,0.621154597609));
#9737 = CARTESIAN_POINT('',(44.279531234899,0.650338482667));
#9738 = CARTESIAN_POINT('',(44.51505159403,0.679403831268));
#9739 = CARTESIAN_POINT('',(44.752461963692,0.708348714099));
#9740 = CARTESIAN_POINT('',(44.991765297331,0.737171209427));
#9741 = CARTESIAN_POINT('',(45.4829893701,0.795617863898));
#9742 = CARTESIAN_POINT('',(45.735051327158,0.825232769809));
#9743 = CARTESIAN_POINT('',(45.989152031833,0.854711986372));
#9744 = CARTESIAN_POINT('',(46.245292870435,0.884053407369));
#9745 = CARTESIAN_POINT('',(46.503474221301,0.91325495483));
#9746 = CARTESIAN_POINT('',(46.763695454795,0.94231457903));
#9747 = CARTESIAN_POINT('',(47.025954933311,0.971230258496));
#9748 = CARTESIAN_POINT('',(47.290250011267,1.));
#9749 = ( GEOMETRIC_REPRESENTATION_CONTEXT(2) 
PARAMETRIC_REPRESENTATION_CONTEXT() REPRESENTATION_CONTEXT('2D SPACE',''
  ) );
#9750 = PCURVE('',#5563,#9751);
#9751 = DEFINITIONAL_REPRESENTATION('',(#9752),#9790);
#9752 = B_SPLINE_CURVE_WITH_KNOTS('',8,(#9753,#9754,#9755,#9756,#9757,
    #9758,#9759,#9760,#9761,#9762,#9763,#9764,#9765,#9766,#9767,#9768,
    #9769,#9770,#9771,#9772,#9773,#9774,#9775,#9776,#9777,#9778,#9779,
    #9780,#9781,#9782,#9783,#9784,#9785,#9786,#9787,#9788,#9789),
  .UNSPECIFIED.,.F.,.F.,(9,7,7,7,7,9),(0.,1.408572559025E-02,
    0.241687192212,0.487009409438,0.738895568804,1.),.UNSPECIFIED.);
#9753 = CARTESIAN_POINT('',(0.,-3.414213562373));
#9754 = CARTESIAN_POINT('',(1.59097989656E-02,-3.425463489109));
#9755 = CARTESIAN_POINT('',(3.181745904262E-02,-3.436711903422));
#9756 = CARTESIAN_POINT('',(4.772082931743E-02,-3.447957284389));
#9757 = CARTESIAN_POINT('',(6.362438114302E-02,-3.459202793726));
#9758 = CARTESIAN_POINT('',(7.952248188326E-02,-3.470444448571));
#9759 = CARTESIAN_POINT('',(9.541976445053E-02,-3.481685524875));
#9760 = CARTESIAN_POINT('',(0.111313750811,-3.492924270411));
#9761 = CARTESIAN_POINT('',(0.383984496989,-3.685731604065));
#9762 = CARTESIAN_POINT('',(0.640077959952,-3.866817028343));
#9763 = CARTESIAN_POINT('',(0.895473120203,-4.047408678039));
#9764 = CARTESIAN_POINT('',(1.15015738179,-4.227497646469));
#9765 = CARTESIAN_POINT('',(1.404118044552,-4.407074953263));
#9766 = CARTESIAN_POINT('',(1.657342304118,-4.586131544362));
#9767 = CARTESIAN_POINT('',(1.909817251903,-4.764658292021));
#9768 = CARTESIAN_POINT('',(2.432840511849,-5.134491585847));
#9769 = CARTESIAN_POINT('',(2.703265541895,-5.325710958395));
#9770 = CARTESIAN_POINT('',(2.972788649278,-5.516292575312));
#9771 = CARTESIAN_POINT('',(3.241393464353,-5.706224861511));
#9772 = CARTESIAN_POINT('',(3.509063563806,-5.895496203955));
#9773 = CARTESIAN_POINT('',(3.775782470654,-6.084094951658));
#9774 = CARTESIAN_POINT('',(4.041533654246,-6.272009415684));
#9775 = CARTESIAN_POINT('',(4.578151617707,-6.651455616554));
#9776 = CARTESIAN_POINT('',(4.848965093363,-6.842949661627));
#9777 = CARTESIAN_POINT('',(5.118722985367,-7.033697296342));
#9778 = CARTESIAN_POINT('',(5.38740739167,-7.223685862038));
#9779 = CARTESIAN_POINT('',(5.655000480031,-7.412902749416));
#9780 = CARTESIAN_POINT('',(5.921484488021,-7.601335398544));
#9781 = CARTESIAN_POINT('',(6.186841723022,-7.78897129885));
#9782 = CARTESIAN_POINT('',(6.724936792474,-8.169461971382));
#9783 = CARTESIAN_POINT('',(6.99758943611,-8.362256504606));
#9784 = CARTESIAN_POINT('',(7.26899284196,-8.554167693319));
#9785 = CARTESIAN_POINT('',(7.539127618913,-8.745181825937));
#9786 = CARTESIAN_POINT('',(7.807974635922,-8.935285374766));
#9787 = CARTESIAN_POINT('',(8.075515022007,-9.124464996008));
#9788 = CARTESIAN_POINT('',(8.34173016625,-9.312707529757));
#9789 = CARTESIAN_POINT('',(8.606601717798,-9.5));
#9790 = ( GEOMETRIC_REPRESENTATION_CONTEXT(2) 
PARAMETRIC_REPRESENTATION_CONTEXT() REPRESENTATION_CONTEXT('2D SPACE',''
  ) );
#9791 = ADVANCED_FACE('',(#9792),#5563,.T.);
#9792 = FACE_BOUND('',#9793,.T.);
#9793 = EDGE_LOOP('',(#9794,#9814,#9815,#9816,#9838,#9860,#9887,#10010)
  );
#9794 = ORIENTED_EDGE('',*,*,#9795,.F.);
#9795 = EDGE_CURVE('',#5488,#7743,#9796,.T.);
#9796 = SURFACE_CURVE('',#9797,(#9801,#9808),.PCURVE_S1.);
#9797 = LINE('',#9798,#9799);
#9798 = CARTESIAN_POINT('',(-28.,28.,159.27));
#9799 = VECTOR('',#9800,1.);
#9800 = DIRECTION('',(0.,-1.,0.));
#9801 = PCURVE('',#5563,#9802);
#9802 = DEFINITIONAL_REPRESENTATION('',(#9803),#9807);
#9803 = LINE('',#9804,#9805);
#9804 = CARTESIAN_POINT('',(0.,0.));
#9805 = VECTOR('',#9806,1.);
#9806 = DIRECTION('',(1.,0.));
#9807 = ( GEOMETRIC_REPRESENTATION_CONTEXT(2) 
PARAMETRIC_REPRESENTATION_CONTEXT() REPRESENTATION_CONTEXT('2D SPACE',''
  ) );
#9808 = PCURVE('',#5525,#9809);
#9809 = DEFINITIONAL_REPRESENTATION('',(#9810),#9813);
#9810 = B_SPLINE_CURVE_WITH_KNOTS('',1,(#9811,#9812),.UNSPECIFIED.,.F.,
  .F.,(2,2),(0.,56.),.PIECEWISE_BEZIER_KNOTS.);
#9811 = CARTESIAN_POINT('',(0.,1.));
#9812 = CARTESIAN_POINT('',(61.,1.));
#9813 = ( GEOMETRIC_REPRESENTATION_CONTEXT(2) 
PARAMETRIC_REPRESENTATION_CONTEXT() REPRESENTATION_CONTEXT('2D SPACE',''
  ) );
#9814 = ORIENTED_EDGE('',*,*,#5548,.F.);
#9815 = ORIENTED_EDGE('',*,*,#9669,.T.);
#9816 = ORIENTED_EDGE('',*,*,#9817,.F.);
#9817 = EDGE_CURVE('',#9818,#9646,#9820,.T.);
#9818 = VERTEX_POINT('',#9819);
#9819 = CARTESIAN_POINT('',(-28.,19.393398282202,171.27));
#9820 = SURFACE_CURVE('',#9821,(#9825,#9832),.PCURVE_S1.);
#9821 = LINE('',#9822,#9823);
#9822 = CARTESIAN_POINT('',(-28.,19.393398282202,165.51497474683));
#9823 = VECTOR('',#9824,1.);
#9824 = DIRECTION('',(0.,-0.,-1.));
#9825 = PCURVE('',#5563,#9826);
#9826 = DEFINITIONAL_REPRESENTATION('',(#9827),#9831);
#9827 = LINE('',#9828,#9829);
#9828 = CARTESIAN_POINT('',(8.606601717798,-6.244974746831));
#9829 = VECTOR('',#9830,1.);
#9830 = DIRECTION('',(0.,1.));
#9831 = ( GEOMETRIC_REPRESENTATION_CONTEXT(2) 
PARAMETRIC_REPRESENTATION_CONTEXT() REPRESENTATION_CONTEXT('2D SPACE',''
  ) );
#9832 = PCURVE('',#9500,#9833);
#9833 = DEFINITIONAL_REPRESENTATION('',(#9834),#9837);
#9834 = B_SPLINE_CURVE_WITH_KNOTS('',1,(#9835,#9836),.UNSPECIFIED.,.F.,
  .F.,(2,2),(-5.755025253169,-3.255025253169),.PIECEWISE_BEZIER_KNOTS.);
#9835 = CARTESIAN_POINT('',(39.597979746447,-2.5));
#9836 = CARTESIAN_POINT('',(39.597979746447,0.));
#9837 = ( GEOMETRIC_REPRESENTATION_CONTEXT(2) 
PARAMETRIC_REPRESENTATION_CONTEXT() REPRESENTATION_CONTEXT('2D SPACE',''
  ) );
#9838 = ORIENTED_EDGE('',*,*,#9839,.F.);
#9839 = EDGE_CURVE('',#9840,#9818,#9842,.T.);
#9840 = VERTEX_POINT('',#9841);
#9841 = CARTESIAN_POINT('',(-28.,-19.3933982822,171.27));
#9842 = SURFACE_CURVE('',#9843,(#9847,#9853),.PCURVE_S1.);
#9843 = LINE('',#9844,#9845);
#9844 = CARTESIAN_POINT('',(-28.,14.,171.27));
#9845 = VECTOR('',#9846,1.);
#9846 = DIRECTION('',(-0.,1.,0.));
#9847 = PCURVE('',#5563,#9848);
#9848 = DEFINITIONAL_REPRESENTATION('',(#9849),#9852);
#9849 = B_SPLINE_CURVE_WITH_KNOTS('',1,(#9850,#9851),.UNSPECIFIED.,.F.,
  .F.,(2,2),(-42.,14.),.PIECEWISE_BEZIER_KNOTS.);
#9850 = CARTESIAN_POINT('',(56.,-12.));
#9851 = CARTESIAN_POINT('',(0.,-12.));
#9852 = ( GEOMETRIC_REPRESENTATION_CONTEXT(2) 
PARAMETRIC_REPRESENTATION_CONTEXT() REPRESENTATION_CONTEXT('2D SPACE',''
  ) );
#9853 = PCURVE('',#7883,#9854);
#9854 = DEFINITIONAL_REPRESENTATION('',(#9855),#9859);
#9855 = LINE('',#9856,#9857);
#9856 = CARTESIAN_POINT('',(-28.,14.));
#9857 = VECTOR('',#9858,1.);
#9858 = DIRECTION('',(0.,1.));
#9859 = ( GEOMETRIC_REPRESENTATION_CONTEXT(2) 
PARAMETRIC_REPRESENTATION_CONTEXT() REPRESENTATION_CONTEXT('2D SPACE',''
  ) );
#9860 = ORIENTED_EDGE('',*,*,#9861,.F.);
#9861 = EDGE_CURVE('',#9862,#9840,#9864,.T.);
#9862 = VERTEX_POINT('',#9863);
#9863 = CARTESIAN_POINT('',(-28.,-19.3933982822,168.77));
#9864 = SURFACE_CURVE('',#9865,(#9869,#9876),.PCURVE_S1.);
#9865 = LINE('',#9866,#9867);
#9866 = CARTESIAN_POINT('',(-28.,-19.3933982822,165.51497474683));
#9867 = VECTOR('',#9868,1.);
#9868 = DIRECTION('',(0.,-0.,1.));
#9869 = PCURVE('',#5563,#9870);
#9870 = DEFINITIONAL_REPRESENTATION('',(#9871),#9875);
#9871 = LINE('',#9872,#9873);
#9872 = CARTESIAN_POINT('',(47.393398282202,-6.244974746831));
#9873 = VECTOR('',#9874,1.);
#9874 = DIRECTION('',(0.,-1.));
#9875 = ( GEOMETRIC_REPRESENTATION_CONTEXT(2) 
PARAMETRIC_REPRESENTATION_CONTEXT() REPRESENTATION_CONTEXT('2D SPACE',''
  ) );
#9876 = PCURVE('',#9877,#9882);
#9877 = PLANE('',#9878);
#9878 = AXIS2_PLACEMENT_3D('',#9879,#9880,#9881);
#9879 = CARTESIAN_POINT('',(-47.3933982822,2.376014251686E-15,168.77));
#9880 = DIRECTION('',(0.707106781187,0.707106781187,0.));
#9881 = DIRECTION('',(0.707106781187,-0.707106781187,0.));
#9882 = DEFINITIONAL_REPRESENTATION('',(#9883),#9886);
#9883 = B_SPLINE_CURVE_WITH_KNOTS('',1,(#9884,#9885),.UNSPECIFIED.,.F.,
  .F.,(2,2),(3.255025253169,5.755025253169),.PIECEWISE_BEZIER_KNOTS.);
#9884 = CARTESIAN_POINT('',(27.426406871193,0.));
#9885 = CARTESIAN_POINT('',(27.426406871193,-2.5));
#9886 = ( GEOMETRIC_REPRESENTATION_CONTEXT(2) 
PARAMETRIC_REPRESENTATION_CONTEXT() REPRESENTATION_CONTEXT('2D SPACE',''
  ) );
#9887 = ORIENTED_EDGE('',*,*,#9888,.F.);
#9888 = EDGE_CURVE('',#7592,#9862,#9889,.T.);
#9889 = SURFACE_CURVE('',#9890,(#9928,#9969),.PCURVE_S1.);
#9890 = B_SPLINE_CURVE_WITH_KNOTS('',8,(#9891,#9892,#9893,#9894,#9895,
    #9896,#9897,#9898,#9899,#9900,#9901,#9902,#9903,#9904,#9905,#9906,
    #9907,#9908,#9909,#9910,#9911,#9912,#9913,#9914,#9915,#9916,#9917,
    #9918,#9919,#9920,#9921,#9922,#9923,#9924,#9925,#9926,#9927),
  .UNSPECIFIED.,.F.,.F.,(9,7,7,7,7,9),(0.,1.408572559029E-02,
    0.241687192212,0.487009409438,0.738895568804,1.),.UNSPECIFIED.);
#9891 = CARTESIAN_POINT('',(-28.,-28.,162.68421356237));
#9892 = CARTESIAN_POINT('',(-28.,-27.98409020103,162.6954634891));
#9893 = CARTESIAN_POINT('',(-28.,-27.96818254095,162.70671190342));
#9894 = CARTESIAN_POINT('',(-28.,-27.95227917068,162.71795728438));
#9895 = CARTESIAN_POINT('',(-28.,-27.93637561885,162.72920279372));
#9896 = CARTESIAN_POINT('',(-28.,-27.92047751811,162.74044444856));
#9897 = CARTESIAN_POINT('',(-28.,-27.90458023554,162.75168552487));
#9898 = CARTESIAN_POINT('',(-28.,-27.88868624918,162.76292427041));
#9899 = CARTESIAN_POINT('',(-28.,-27.61601550301,162.95573160406));
#9900 = CARTESIAN_POINT('',(-28.,-27.35992204004,163.13681702834));
#9901 = CARTESIAN_POINT('',(-28.,-27.10452687979,163.31740867803));
#9902 = CARTESIAN_POINT('',(-28.,-26.84984261821,163.49749764646));
#9903 = CARTESIAN_POINT('',(-28.,-26.59588195544,163.67707495326));
#9904 = CARTESIAN_POINT('',(-28.,-26.34265769588,163.85613154436));
#9905 = CARTESIAN_POINT('',(-28.,-26.09018274809,164.03465829202));
#9906 = CARTESIAN_POINT('',(-28.,-25.56715948815,164.40449158584));
#9907 = CARTESIAN_POINT('',(-28.,-25.2967344581,164.59571095839));
#9908 = CARTESIAN_POINT('',(-28.,-25.02721135072,164.78629257531));
#9909 = CARTESIAN_POINT('',(-28.,-24.75860653564,164.97622486151));
#9910 = CARTESIAN_POINT('',(-28.,-24.49093643619,165.16549620395));
#9911 = CARTESIAN_POINT('',(-28.,-24.22421752934,165.35409495165));
#9912 = CARTESIAN_POINT('',(-28.,-23.95846634575,165.54200941568));
#9913 = CARTESIAN_POINT('',(-28.,-23.42184838229,165.92145561655));
#9914 = CARTESIAN_POINT('',(-28.,-23.15103490663,166.11294966162));
#9915 = CARTESIAN_POINT('',(-28.,-22.88127701463,166.30369729634));
#9916 = CARTESIAN_POINT('',(-28.,-22.61259260833,166.49368586203));
#9917 = CARTESIAN_POINT('',(-28.,-22.34499951996,166.68290274941));
#9918 = CARTESIAN_POINT('',(-28.,-22.07851551197,166.87133539854));
#9919 = CARTESIAN_POINT('',(-28.,-21.81315827697,167.05897129885));
#9920 = CARTESIAN_POINT('',(-28.,-21.27506320752,167.43946197138));
#9921 = CARTESIAN_POINT('',(-28.,-21.00241056389,167.6322565046));
#9922 = CARTESIAN_POINT('',(-28.,-20.73100715804,167.82416769331));
#9923 = CARTESIAN_POINT('',(-28.,-20.46087238108,168.01518182593));
#9924 = CARTESIAN_POINT('',(-28.,-20.19202536407,168.20528537476));
#9925 = CARTESIAN_POINT('',(-28.,-19.92448497799,168.394464996));
#9926 = CARTESIAN_POINT('',(-28.,-19.65826983375,168.58270752975));
#9927 = CARTESIAN_POINT('',(-28.,-19.3933982822,168.77));
#9928 = PCURVE('',#5563,#9929);
#9929 = DEFINITIONAL_REPRESENTATION('',(#9930),#9968);
#9930 = B_SPLINE_CURVE_WITH_KNOTS('',8,(#9931,#9932,#9933,#9934,#9935,
    #9936,#9937,#9938,#9939,#9940,#9941,#9942,#9943,#9944,#9945,#9946,
    #9947,#9948,#9949,#9950,#9951,#9952,#9953,#9954,#9955,#9956,#9957,
    #9958,#9959,#9960,#9961,#9962,#9963,#9964,#9965,#9966,#9967),
  .UNSPECIFIED.,.F.,.F.,(9,7,7,7,7,9),(0.,1.408572559029E-02,
    0.241687192212,0.487009409438,0.738895568804,1.),.UNSPECIFIED.);
#9931 = CARTESIAN_POINT('',(56.,-3.414213562373));
#9932 = CARTESIAN_POINT('',(55.984090201035,-3.425463489109));
#9933 = CARTESIAN_POINT('',(55.968182540956,-3.436711903423));
#9934 = CARTESIAN_POINT('',(55.952279170684,-3.447957284386));
#9935 = CARTESIAN_POINT('',(55.936375618855,-3.459202793729));
#9936 = CARTESIAN_POINT('',(55.920477518118,-3.470444448569));
#9937 = CARTESIAN_POINT('',(55.904580235549,-3.481685524875));
#9938 = CARTESIAN_POINT('',(55.888686249189,-3.492924270411));
#9939 = CARTESIAN_POINT('',(55.616015503011,-3.685731604065));
#9940 = CARTESIAN_POINT('',(55.359922040048,-3.866817028343));
#9941 = CARTESIAN_POINT('',(55.104526879797,-4.047408678039));
#9942 = CARTESIAN_POINT('',(54.84984261821,-4.227497646469));
#9943 = CARTESIAN_POINT('',(54.595881955448,-4.407074953263));
#9944 = CARTESIAN_POINT('',(54.342657695882,-4.586131544362));
#9945 = CARTESIAN_POINT('',(54.090182748097,-4.764658292021));
#9946 = CARTESIAN_POINT('',(53.567159488151,-5.134491585847));
#9947 = CARTESIAN_POINT('',(53.296734458105,-5.325710958395));
#9948 = CARTESIAN_POINT('',(53.027211350722,-5.516292575312));
#9949 = CARTESIAN_POINT('',(52.758606535647,-5.706224861511));
#9950 = CARTESIAN_POINT('',(52.490936436194,-5.895496203955));
#9951 = CARTESIAN_POINT('',(52.224217529346,-6.084094951658));
#9952 = CARTESIAN_POINT('',(51.958466345754,-6.272009415684));
#9953 = CARTESIAN_POINT('',(51.421848382293,-6.651455616554));
#9954 = CARTESIAN_POINT('',(51.151034906637,-6.842949661627));
#9955 = CARTESIAN_POINT('',(50.881277014633,-7.033697296342));
#9956 = CARTESIAN_POINT('',(50.61259260833,-7.223685862038));
#9957 = CARTESIAN_POINT('',(50.344999519969,-7.412902749416));
#9958 = CARTESIAN_POINT('',(50.078515511979,-7.601335398544));
#9959 = CARTESIAN_POINT('',(49.813158276978,-7.78897129885));
#9960 = CARTESIAN_POINT('',(49.275063207526,-8.169461971382));
#9961 = CARTESIAN_POINT('',(49.00241056389,-8.362256504606));
#9962 = CARTESIAN_POINT('',(48.73100715804,-8.554167693319));
#9963 = CARTESIAN_POINT('',(48.460872381087,-8.745181825937));
#9964 = CARTESIAN_POINT('',(48.192025364078,-8.935285374766));
#9965 = CARTESIAN_POINT('',(47.924484977993,-9.124464996008));
#9966 = CARTESIAN_POINT('',(47.65826983375,-9.312707529757));
#9967 = CARTESIAN_POINT('',(47.393398282202,-9.5));
#9968 = ( GEOMETRIC_REPRESENTATION_CONTEXT(2) 
PARAMETRIC_REPRESENTATION_CONTEXT() REPRESENTATION_CONTEXT('2D SPACE',''
  ) );
#9969 = PCURVE('',#7689,#9970);
#9970 = DEFINITIONAL_REPRESENTATION('',(#9971),#10009);
#9971 = B_SPLINE_CURVE_WITH_KNOTS('',8,(#9972,#9973,#9974,#9975,#9976,
    #9977,#9978,#9979,#9980,#9981,#9982,#9983,#9984,#9985,#9986,#9987,
    #9988,#9989,#9990,#9991,#9992,#9993,#9994,#9995,#9996,#9997,#9998,
    #9999,#10000,#10001,#10002,#10003,#10004,#10005,#10006,#10007,#10008
    ),.UNSPECIFIED.,.F.,.F.,(9,7,7,7,7,9),(0.,1.408572559029E-02,
    0.241687192212,0.487009409438,0.738895568804,1.),.UNSPECIFIED.);
#9972 = CARTESIAN_POINT('',(40.022243654811,6.517062629527E-02));
#9973 = CARTESIAN_POINT('',(40.010873193101,6.689871223327E-02));
#9974 = CARTESIAN_POINT('',(39.999498216658,6.862656585027E-02));
#9975 = CARTESIAN_POINT('',(39.988114148021,7.035395351834E-02));
#9976 = CARTESIAN_POINT('',(39.976730506881,7.208136090666E-02));
#9977 = CARTESIAN_POINT('',(39.965335306163,7.380817620999E-02));
#9978 = CARTESIAN_POINT('',(39.953938425599,7.553490264561E-02));
#9979 = CARTESIAN_POINT('',(39.94253457406,7.726127105463E-02));
#9980 = CARTESIAN_POINT('',(39.746773104731,0.106878143223));
#9981 = CARTESIAN_POINT('',(39.560976619438,0.134694428842));
#9982 = CARTESIAN_POINT('',(39.373727389579,0.162434866419));
#9983 = CARTESIAN_POINT('',(39.185017171149,0.190098087811));
#9984 = CARTESIAN_POINT('',(38.994838067534,0.217682713555));
#9985 = CARTESIAN_POINT('',(38.803182529507,0.24518735287));
#9986 = CARTESIAN_POINT('',(38.610043355229,0.272610603655));
#9987 = CARTESIAN_POINT('',(38.205630415743,0.329420192685));
#9988 = CARTESIAN_POINT('',(37.994115572312,0.358793140308));
#9989 = CARTESIAN_POINT('',(37.780860574779,0.388068123157));
#9990 = CARTESIAN_POINT('',(37.565857428992,0.417243363197));
#9991 = CARTESIAN_POINT('',(37.349098731823,0.446317076567));
#9992 = CARTESIAN_POINT('',(37.130577671169,0.475287473574));
#9993 = CARTESIAN_POINT('',(36.910288025952,0.504152758696));
#9994 = CARTESIAN_POINT('',(36.460218674328,0.562438973296));
#9995 = CARTESIAN_POINT('',(36.230342805951,0.591854112992));
#9996 = CARTESIAN_POINT('',(35.998590479479,0.621154597609));
#9997 = CARTESIAN_POINT('',(35.764956395418,0.650338482667));
#9998 = CARTESIAN_POINT('',(35.529436036287,0.679403831268));
#9999 = CARTESIAN_POINT('',(35.292025666625,0.708348714099));
#10000 = CARTESIAN_POINT('',(35.052722332986,0.737171209427));
#10001 = CARTESIAN_POINT('',(34.561498260217,0.795617863898));
#10002 = CARTESIAN_POINT('',(34.309436303159,0.825232769809));
#10003 = CARTESIAN_POINT('',(34.055335598484,0.854711986372));
#10004 = CARTESIAN_POINT('',(33.799194759882,0.884053407369));
#10005 = CARTESIAN_POINT('',(33.541013409016,0.91325495483));
#10006 = CARTESIAN_POINT('',(33.280792175522,0.94231457903));
#10007 = CARTESIAN_POINT('',(33.018532697006,0.971230258496));
#10008 = CARTESIAN_POINT('',(32.75423761905,1.));
#10009 = ( GEOMETRIC_REPRESENTATION_CONTEXT(2) 
PARAMETRIC_REPRESENTATION_CONTEXT() REPRESENTATION_CONTEXT('2D SPACE',''
  ) );
#10010 = ORIENTED_EDGE('',*,*,#7742,.T.);
#10011 = ADVANCED_FACE('',(#10012),#5525,.F.);
#10012 = FACE_BOUND('',#10013,.F.);
#10013 = EDGE_LOOP('',(#10014,#10015,#10016,#10017));
#10014 = ORIENTED_EDGE('',*,*,#5487,.F.);
#10015 = ORIENTED_EDGE('',*,*,#5875,.T.);
#10016 = ORIENTED_EDGE('',*,*,#7763,.T.);
#10017 = ORIENTED_EDGE('',*,*,#9795,.F.);
#10018 = ADVANCED_FACE('',(#10019),#5954,.T.);
#10019 = FACE_BOUND('',#10020,.T.);
#10020 = EDGE_LOOP('',(#10021,#10022,#10023,#10024,#10025,#10026,#10027,
    #10028));
#10021 = ORIENTED_EDGE('',*,*,#5938,.F.);
#10022 = ORIENTED_EDGE('',*,*,#7064,.T.);
#10023 = ORIENTED_EDGE('',*,*,#7036,.T.);
#10024 = ORIENTED_EDGE('',*,*,#6961,.T.);
#10025 = ORIENTED_EDGE('',*,*,#6862,.T.);
#10026 = ORIENTED_EDGE('',*,*,#6765,.T.);
#10027 = ORIENTED_EDGE('',*,*,#6666,.T.);
#10028 = ORIENTED_EDGE('',*,*,#6569,.T.);
#10029 = ADVANCED_FACE('',(#10030),#6004,.F.);
#10030 = FACE_BOUND('',#10031,.F.);
#10031 = EDGE_LOOP('',(#10032,#10033,#10034,#10057,#10082,#10110));
#10032 = ORIENTED_EDGE('',*,*,#5987,.T.);
#10033 = ORIENTED_EDGE('',*,*,#6016,.F.);
#10034 = ORIENTED_EDGE('',*,*,#10035,.F.);
#10035 = EDGE_CURVE('',#10036,#6017,#10038,.T.);
#10036 = VERTEX_POINT('',#10037);
#10037 = CARTESIAN_POINT('',(-30.3,-8.5,113.67));
#10038 = SURFACE_CURVE('',#10039,(#10043,#10050),.PCURVE_S1.);
#10039 = LINE('',#10040,#10041);
#10040 = CARTESIAN_POINT('',(-30.3,-8.5,113.67));
#10041 = VECTOR('',#10042,1.);
#10042 = DIRECTION('',(-1.,0.,0.));
#10043 = PCURVE('',#6004,#10044);
#10044 = DEFINITIONAL_REPRESENTATION('',(#10045),#10049);
#10045 = LINE('',#10046,#10047);
#10046 = CARTESIAN_POINT('',(10.05,12.75));
#10047 = VECTOR('',#10048,1.);
#10048 = DIRECTION('',(1.,0.));
#10049 = ( GEOMETRIC_REPRESENTATION_CONTEXT(2) 
PARAMETRIC_REPRESENTATION_CONTEXT() REPRESENTATION_CONTEXT('2D SPACE',''
  ) );
#10050 = PCURVE('',#6231,#10051);
#10051 = DEFINITIONAL_REPRESENTATION('',(#10052),#10056);
#10052 = LINE('',#10053,#10054);
#10053 = CARTESIAN_POINT('',(12.006664815843,2.299329511977E-17));
#10054 = VECTOR('',#10055,1.);
#10055 = DIRECTION('',(-3.331483023264E-02,-0.999444906979));
#10056 = ( GEOMETRIC_REPRESENTATION_CONTEXT(2) 
PARAMETRIC_REPRESENTATION_CONTEXT() REPRESENTATION_CONTEXT('2D SPACE',''
  ) );
#10057 = ORIENTED_EDGE('',*,*,#10058,.T.);
#10058 = EDGE_CURVE('',#10036,#10059,#10061,.T.);
#10059 = VERTEX_POINT('',#10060);
#10060 = CARTESIAN_POINT('',(-20.25,-8.5,126.42));
#10061 = SURFACE_CURVE('',#10062,(#10065,#10071),.PCURVE_S1.);
#10062 = B_SPLINE_CURVE_WITH_KNOTS('',1,(#10063,#10064),.UNSPECIFIED.,
  .F.,.F.,(2,2),(0.,1.),.PIECEWISE_BEZIER_KNOTS.);
#10063 = CARTESIAN_POINT('',(-30.3,-8.5,113.67));
#10064 = CARTESIAN_POINT('',(-20.25,-8.5,126.42));
#10065 = PCURVE('',#6004,#10066);
#10066 = DEFINITIONAL_REPRESENTATION('',(#10067),#10070);
#10067 = B_SPLINE_CURVE_WITH_KNOTS('',1,(#10068,#10069),.UNSPECIFIED.,
  .F.,.F.,(2,2),(0.,1.),.PIECEWISE_BEZIER_KNOTS.);
#10068 = CARTESIAN_POINT('',(10.05,12.75));
#10069 = CARTESIAN_POINT('',(0.,0.));
#10070 = ( GEOMETRIC_REPRESENTATION_CONTEXT(2) 
PARAMETRIC_REPRESENTATION_CONTEXT() REPRESENTATION_CONTEXT('2D SPACE',''
  ) );
#10071 = PCURVE('',#10072,#10077);
#10072 = PLANE('',#10073);
#10073 = AXIS2_PLACEMENT_3D('',#10074,#10075,#10076);
#10074 = CARTESIAN_POINT('',(-20.25,-20.5,126.42));
#10075 = DIRECTION('',(0.785355547621,0.,-0.619044961066));
#10076 = DIRECTION('',(0.,1.,0.));
#10077 = DEFINITIONAL_REPRESENTATION('',(#10078),#10081);
#10078 = B_SPLINE_CURVE_WITH_KNOTS('',1,(#10079,#10080),.UNSPECIFIED.,
  .F.,.F.,(2,2),(0.,1.),.PIECEWISE_BEZIER_KNOTS.);
#10079 = CARTESIAN_POINT('',(12.,-16.23468509087));
#10080 = CARTESIAN_POINT('',(12.,0.));
#10081 = ( GEOMETRIC_REPRESENTATION_CONTEXT(2) 
PARAMETRIC_REPRESENTATION_CONTEXT() REPRESENTATION_CONTEXT('2D SPACE',''
  ) );
#10082 = ORIENTED_EDGE('',*,*,#10083,.T.);
#10083 = EDGE_CURVE('',#10059,#10084,#10086,.T.);
#10084 = VERTEX_POINT('',#10085);
#10085 = CARTESIAN_POINT('',(-20.25,-8.5,138.42));
#10086 = SURFACE_CURVE('',#10087,(#10091,#10098),.PCURVE_S1.);
#10087 = LINE('',#10088,#10089);
#10088 = CARTESIAN_POINT('',(-20.25,-8.5,126.42));
#10089 = VECTOR('',#10090,1.);
#10090 = DIRECTION('',(0.,0.,1.));
#10091 = PCURVE('',#6004,#10092);
#10092 = DEFINITIONAL_REPRESENTATION('',(#10093),#10097);
#10093 = LINE('',#10094,#10095);
#10094 = CARTESIAN_POINT('',(0.,-0.));
#10095 = VECTOR('',#10096,1.);
#10096 = DIRECTION('',(0.,-1.));
#10097 = ( GEOMETRIC_REPRESENTATION_CONTEXT(2) 
PARAMETRIC_REPRESENTATION_CONTEXT() REPRESENTATION_CONTEXT('2D SPACE',''
  ) );
#10098 = PCURVE('',#10099,#10104);
#10099 = PLANE('',#10100);
#10100 = AXIS2_PLACEMENT_3D('',#10101,#10102,#10103);
#10101 = CARTESIAN_POINT('',(-20.25,-20.5,126.42));
#10102 = DIRECTION('',(-1.,0.,0.));
#10103 = DIRECTION('',(0.,1.,0.));
#10104 = DEFINITIONAL_REPRESENTATION('',(#10105),#10109);
#10105 = LINE('',#10106,#10107);
#10106 = CARTESIAN_POINT('',(12.,0.));
#10107 = VECTOR('',#10108,1.);
#10108 = DIRECTION('',(0.,-1.));
#10109 = ( GEOMETRIC_REPRESENTATION_CONTEXT(2) 
PARAMETRIC_REPRESENTATION_CONTEXT() REPRESENTATION_CONTEXT('2D SPACE',''
  ) );
#10110 = ORIENTED_EDGE('',*,*,#10111,.T.);
#10111 = EDGE_CURVE('',#10084,#5988,#10112,.T.);
#10112 = SURFACE_CURVE('',#10113,(#10117,#10124),.PCURVE_S1.);
#10113 = LINE('',#10114,#10115);
#10114 = CARTESIAN_POINT('',(-20.25,-8.5,138.42));
#10115 = VECTOR('',#10116,1.);
#10116 = DIRECTION('',(-1.,0.,0.));
#10117 = PCURVE('',#6004,#10118);
#10118 = DEFINITIONAL_REPRESENTATION('',(#10119),#10123);
#10119 = LINE('',#10120,#10121);
#10120 = CARTESIAN_POINT('',(0.,-12.));
#10121 = VECTOR('',#10122,1.);
#10122 = DIRECTION('',(1.,0.));
#10123 = ( GEOMETRIC_REPRESENTATION_CONTEXT(2) 
PARAMETRIC_REPRESENTATION_CONTEXT() REPRESENTATION_CONTEXT('2D SPACE',''
  ) );
#10124 = PCURVE('',#6482,#10125);
#10125 = DEFINITIONAL_REPRESENTATION('',(#10126),#10130);
#10126 = LINE('',#10127,#10128);
#10127 = CARTESIAN_POINT('',(6.375,6.));
#10128 = VECTOR('',#10129,1.);
#10129 = DIRECTION('',(-1.,0.));
#10130 = ( GEOMETRIC_REPRESENTATION_CONTEXT(2) 
PARAMETRIC_REPRESENTATION_CONTEXT() REPRESENTATION_CONTEXT('2D SPACE',''
  ) );
#10131 = ADVANCED_FACE('',(#10132,#10180),#6482,.T.);
#10132 = FACE_BOUND('',#10133,.T.);
#10133 = EDGE_LOOP('',(#10134,#10135,#10158,#10179));
#10134 = ORIENTED_EDGE('',*,*,#6469,.T.);
#10135 = ORIENTED_EDGE('',*,*,#10136,.T.);
#10136 = EDGE_CURVE('',#6448,#10137,#10139,.T.);
#10137 = VERTEX_POINT('',#10138);
#10138 = CARTESIAN_POINT('',(-20.25,-20.5,138.42));
#10139 = SURFACE_CURVE('',#10140,(#10144,#10151),.PCURVE_S1.);
#10140 = LINE('',#10141,#10142);
#10141 = CARTESIAN_POINT('',(-33.,-20.5,138.42));
#10142 = VECTOR('',#10143,1.);
#10143 = DIRECTION('',(1.,0.,0.));
#10144 = PCURVE('',#6482,#10145);
#10145 = DEFINITIONAL_REPRESENTATION('',(#10146),#10150);
#10146 = LINE('',#10147,#10148);
#10147 = CARTESIAN_POINT('',(-6.375,-6.));
#10148 = VECTOR('',#10149,1.);
#10149 = DIRECTION('',(1.,0.));
#10150 = ( GEOMETRIC_REPRESENTATION_CONTEXT(2) 
PARAMETRIC_REPRESENTATION_CONTEXT() REPRESENTATION_CONTEXT('2D SPACE',''
  ) );
#10151 = PCURVE('',#6376,#10152);
#10152 = DEFINITIONAL_REPRESENTATION('',(#10153),#10157);
#10153 = LINE('',#10154,#10155);
#10154 = CARTESIAN_POINT('',(0.,-12.));
#10155 = VECTOR('',#10156,1.);
#10156 = DIRECTION('',(1.,0.));
#10157 = ( GEOMETRIC_REPRESENTATION_CONTEXT(2) 
PARAMETRIC_REPRESENTATION_CONTEXT() REPRESENTATION_CONTEXT('2D SPACE',''
  ) );
#10158 = ORIENTED_EDGE('',*,*,#10159,.T.);
#10159 = EDGE_CURVE('',#10137,#10084,#10160,.T.);
#10160 = SURFACE_CURVE('',#10161,(#10165,#10172),.PCURVE_S1.);
#10161 = LINE('',#10162,#10163);
#10162 = CARTESIAN_POINT('',(-20.25,-20.5,138.42));
#10163 = VECTOR('',#10164,1.);
#10164 = DIRECTION('',(0.,1.,0.));
#10165 = PCURVE('',#6482,#10166);
#10166 = DEFINITIONAL_REPRESENTATION('',(#10167),#10171);
#10167 = LINE('',#10168,#10169);
#10168 = CARTESIAN_POINT('',(6.375,-6.));
#10169 = VECTOR('',#10170,1.);
#10170 = DIRECTION('',(0.,1.));
#10171 = ( GEOMETRIC_REPRESENTATION_CONTEXT(2) 
PARAMETRIC_REPRESENTATION_CONTEXT() REPRESENTATION_CONTEXT('2D SPACE',''
  ) );
#10172 = PCURVE('',#10099,#10173);
#10173 = DEFINITIONAL_REPRESENTATION('',(#10174),#10178);
#10174 = LINE('',#10175,#10176);
#10175 = CARTESIAN_POINT('',(0.,-12.));
#10176 = VECTOR('',#10177,1.);
#10177 = DIRECTION('',(1.,0.));
#10178 = ( GEOMETRIC_REPRESENTATION_CONTEXT(2) 
PARAMETRIC_REPRESENTATION_CONTEXT() REPRESENTATION_CONTEXT('2D SPACE',''
  ) );
#10179 = ORIENTED_EDGE('',*,*,#10111,.T.);
#10180 = FACE_BOUND('',#10181,.T.);
#10181 = EDGE_LOOP('',(#10182));
#10182 = ORIENTED_EDGE('',*,*,#10183,.T.);
#10183 = EDGE_CURVE('',#10184,#10184,#10186,.T.);
#10184 = VERTEX_POINT('',#10185);
#10185 = CARTESIAN_POINT('',(-21.25,-14.5,138.42));
#10186 = SURFACE_CURVE('',#10187,(#10192,#10203),.PCURVE_S1.);
#10187 = CIRCLE('',#10188,1.75);
#10188 = AXIS2_PLACEMENT_3D('',#10189,#10190,#10191);
#10189 = CARTESIAN_POINT('',(-23.,-14.5,138.42));
#10190 = DIRECTION('',(0.,0.,-1.));
#10191 = DIRECTION('',(1.,0.,0.));
#10192 = PCURVE('',#6482,#10193);
#10193 = DEFINITIONAL_REPRESENTATION('',(#10194),#10202);
#10194 = ( BOUNDED_CURVE() B_SPLINE_CURVE(2,(#10195,#10196,#10197,#10198
    ,#10199,#10200,#10201),.UNSPECIFIED.,.T.,.F.) 
B_SPLINE_CURVE_WITH_KNOTS((1,2,2,2,2,1),(-2.094395102393,0.,
    2.094395102393,4.188790204786,6.28318530718,8.377580409573),
.UNSPECIFIED.) CURVE() GEOMETRIC_REPRESENTATION_ITEM() 
RATIONAL_B_SPLINE_CURVE((1.,0.5,1.,0.5,1.,0.5,1.)) REPRESENTATION_ITEM(
  '') );
#10195 = CARTESIAN_POINT('',(5.375,0.));
#10196 = CARTESIAN_POINT('',(5.375,-3.031088913246));
#10197 = CARTESIAN_POINT('',(2.75,-1.515544456623));
#10198 = CARTESIAN_POINT('',(0.125,-4.286263797016E-16));
#10199 = CARTESIAN_POINT('',(2.75,1.515544456623));
#10200 = CARTESIAN_POINT('',(5.375,3.031088913246));
#10201 = CARTESIAN_POINT('',(5.375,0.));
#10202 = ( GEOMETRIC_REPRESENTATION_CONTEXT(2) 
PARAMETRIC_REPRESENTATION_CONTEXT() REPRESENTATION_CONTEXT('2D SPACE',''
  ) );
#10203 = PCURVE('',#10204,#10209);
#10204 = CYLINDRICAL_SURFACE('',#10205,1.75);
#10205 = AXIS2_PLACEMENT_3D('',#10206,#10207,#10208);
#10206 = CARTESIAN_POINT('',(-23.,-14.5,134.42));
#10207 = DIRECTION('',(-0.,-0.,-1.));
#10208 = DIRECTION('',(1.,0.,0.));
#10209 = DEFINITIONAL_REPRESENTATION('',(#10210),#10214);
#10210 = LINE('',#10211,#10212);
#10211 = CARTESIAN_POINT('',(-6.28318530718,-4.));
#10212 = VECTOR('',#10213,1.);
#10213 = DIRECTION('',(1.,-0.));
#10214 = ( GEOMETRIC_REPRESENTATION_CONTEXT(2) 
PARAMETRIC_REPRESENTATION_CONTEXT() REPRESENTATION_CONTEXT('2D SPACE',''
  ) );
#10215 = ADVANCED_FACE('',(#10216),#6376,.F.);
#10216 = FACE_BOUND('',#10217,.F.);
#10217 = EDGE_LOOP('',(#10218,#10241,#10261,#10282,#10283,#10284));
#10218 = ORIENTED_EDGE('',*,*,#10219,.F.);
#10219 = EDGE_CURVE('',#10220,#10137,#10222,.T.);
#10220 = VERTEX_POINT('',#10221);
#10221 = CARTESIAN_POINT('',(-20.25,-20.5,126.42));
#10222 = SURFACE_CURVE('',#10223,(#10227,#10234),.PCURVE_S1.);
#10223 = LINE('',#10224,#10225);
#10224 = CARTESIAN_POINT('',(-20.25,-20.5,126.42));
#10225 = VECTOR('',#10226,1.);
#10226 = DIRECTION('',(0.,0.,1.));
#10227 = PCURVE('',#6376,#10228);
#10228 = DEFINITIONAL_REPRESENTATION('',(#10229),#10233);
#10229 = LINE('',#10230,#10231);
#10230 = CARTESIAN_POINT('',(12.75,0.));
#10231 = VECTOR('',#10232,1.);
#10232 = DIRECTION('',(0.,-1.));
#10233 = ( GEOMETRIC_REPRESENTATION_CONTEXT(2) 
PARAMETRIC_REPRESENTATION_CONTEXT() REPRESENTATION_CONTEXT('2D SPACE',''
  ) );
#10234 = PCURVE('',#10099,#10235);
#10235 = DEFINITIONAL_REPRESENTATION('',(#10236),#10240);
#10236 = LINE('',#10237,#10238);
#10237 = CARTESIAN_POINT('',(0.,0.));
#10238 = VECTOR('',#10239,1.);
#10239 = DIRECTION('',(0.,-1.));
#10240 = ( GEOMETRIC_REPRESENTATION_CONTEXT(2) 
PARAMETRIC_REPRESENTATION_CONTEXT() REPRESENTATION_CONTEXT('2D SPACE',''
  ) );
#10241 = ORIENTED_EDGE('',*,*,#10242,.F.);
#10242 = EDGE_CURVE('',#10243,#10220,#10245,.T.);
#10243 = VERTEX_POINT('',#10244);
#10244 = CARTESIAN_POINT('',(-30.3,-20.5,113.67));
#10245 = SURFACE_CURVE('',#10246,(#10249,#10255),.PCURVE_S1.);
#10246 = B_SPLINE_CURVE_WITH_KNOTS('',1,(#10247,#10248),.UNSPECIFIED.,
  .F.,.F.,(2,2),(0.,1.),.PIECEWISE_BEZIER_KNOTS.);
#10247 = CARTESIAN_POINT('',(-30.3,-20.5,113.67));
#10248 = CARTESIAN_POINT('',(-20.25,-20.5,126.42));
#10249 = PCURVE('',#6376,#10250);
#10250 = DEFINITIONAL_REPRESENTATION('',(#10251),#10254);
#10251 = B_SPLINE_CURVE_WITH_KNOTS('',1,(#10252,#10253),.UNSPECIFIED.,
  .F.,.F.,(2,2),(0.,1.),.PIECEWISE_BEZIER_KNOTS.);
#10252 = CARTESIAN_POINT('',(2.7,12.75));
#10253 = CARTESIAN_POINT('',(12.75,0.));
#10254 = ( GEOMETRIC_REPRESENTATION_CONTEXT(2) 
PARAMETRIC_REPRESENTATION_CONTEXT() REPRESENTATION_CONTEXT('2D SPACE',''
  ) );
#10255 = PCURVE('',#10072,#10256);
#10256 = DEFINITIONAL_REPRESENTATION('',(#10257),#10260);
#10257 = B_SPLINE_CURVE_WITH_KNOTS('',1,(#10258,#10259),.UNSPECIFIED.,
  .F.,.F.,(2,2),(0.,1.),.PIECEWISE_BEZIER_KNOTS.);
#10258 = CARTESIAN_POINT('',(0.,-16.23468509087));
#10259 = CARTESIAN_POINT('',(0.,0.));
#10260 = ( GEOMETRIC_REPRESENTATION_CONTEXT(2) 
PARAMETRIC_REPRESENTATION_CONTEXT() REPRESENTATION_CONTEXT('2D SPACE',''
  ) );
#10261 = ORIENTED_EDGE('',*,*,#10262,.F.);
#10262 = EDGE_CURVE('',#6217,#10243,#10263,.T.);
#10263 = SURFACE_CURVE('',#10264,(#10268,#10275),.PCURVE_S1.);
#10264 = LINE('',#10265,#10266);
#10265 = CARTESIAN_POINT('',(-30.7,-20.5,113.67));
#10266 = VECTOR('',#10267,1.);
#10267 = DIRECTION('',(1.,0.,0.));
#10268 = PCURVE('',#6376,#10269);
#10269 = DEFINITIONAL_REPRESENTATION('',(#10270),#10274);
#10270 = LINE('',#10271,#10272);
#10271 = CARTESIAN_POINT('',(2.3,12.75));
#10272 = VECTOR('',#10273,1.);
#10273 = DIRECTION('',(1.,0.));
#10274 = ( GEOMETRIC_REPRESENTATION_CONTEXT(2) 
PARAMETRIC_REPRESENTATION_CONTEXT() REPRESENTATION_CONTEXT('2D SPACE',''
  ) );
#10275 = PCURVE('',#6231,#10276);
#10276 = DEFINITIONAL_REPRESENTATION('',(#10277),#10281);
#10277 = LINE('',#10278,#10279);
#10278 = CARTESIAN_POINT('',(0.,0.));
#10279 = VECTOR('',#10280,1.);
#10280 = DIRECTION('',(3.331483023264E-02,0.999444906979));
#10281 = ( GEOMETRIC_REPRESENTATION_CONTEXT(2) 
PARAMETRIC_REPRESENTATION_CONTEXT() REPRESENTATION_CONTEXT('2D SPACE',''
  ) );
#10282 = ORIENTED_EDGE('',*,*,#6242,.T.);
#10283 = ORIENTED_EDGE('',*,*,#6447,.T.);
#10284 = ORIENTED_EDGE('',*,*,#10136,.T.);
#10285 = ADVANCED_FACE('',(#10286),#6231,.T.);
#10286 = FACE_BOUND('',#10287,.T.);
#10287 = EDGE_LOOP('',(#10288,#10289,#10290,#10291));
#10288 = ORIENTED_EDGE('',*,*,#10262,.F.);
#10289 = ORIENTED_EDGE('',*,*,#6216,.T.);
#10290 = ORIENTED_EDGE('',*,*,#10035,.F.);
#10291 = ORIENTED_EDGE('',*,*,#10292,.F.);
#10292 = EDGE_CURVE('',#10243,#10036,#10293,.T.);
#10293 = SURFACE_CURVE('',#10294,(#10298,#10305),.PCURVE_S1.);
#10294 = LINE('',#10295,#10296);
#10295 = CARTESIAN_POINT('',(-30.3,-20.5,113.67));
#10296 = VECTOR('',#10297,1.);
#10297 = DIRECTION('',(0.,1.,0.));
#10298 = PCURVE('',#6231,#10299);
#10299 = DEFINITIONAL_REPRESENTATION('',(#10300),#10304);
#10300 = LINE('',#10301,#10302);
#10301 = CARTESIAN_POINT('',(1.332593209306E-02,0.399777962792));
#10302 = VECTOR('',#10303,1.);
#10303 = DIRECTION('',(0.999444906979,-3.331483023264E-02));
#10304 = ( GEOMETRIC_REPRESENTATION_CONTEXT(2) 
PARAMETRIC_REPRESENTATION_CONTEXT() REPRESENTATION_CONTEXT('2D SPACE',''
  ) );
#10305 = PCURVE('',#10072,#10306);
#10306 = DEFINITIONAL_REPRESENTATION('',(#10307),#10311);
#10307 = LINE('',#10308,#10309);
#10308 = CARTESIAN_POINT('',(0.,-16.23468509087));
#10309 = VECTOR('',#10310,1.);
#10310 = DIRECTION('',(1.,0.));
#10311 = ( GEOMETRIC_REPRESENTATION_CONTEXT(2) 
PARAMETRIC_REPRESENTATION_CONTEXT() REPRESENTATION_CONTEXT('2D SPACE',''
  ) );
#10312 = ADVANCED_FACE('',(#10313),#7401,.F.);
#10313 = FACE_BOUND('',#10314,.F.);
#10314 = EDGE_LOOP('',(#10315,#10316,#10317,#10318));
#10315 = ORIENTED_EDGE('',*,*,#7494,.F.);
#10316 = ORIENTED_EDGE('',*,*,#7468,.T.);
#10317 = ORIENTED_EDGE('',*,*,#7363,.T.);
#10318 = ORIENTED_EDGE('',*,*,#10319,.F.);
#10319 = EDGE_CURVE('',#7495,#7338,#10320,.T.);
#10320 = SURFACE_CURVE('',#10321,(#10325,#10331),.PCURVE_S1.);
#10321 = LINE('',#10322,#10323);
#10322 = CARTESIAN_POINT('',(-28.,-28.,159.27));
#10323 = VECTOR('',#10324,1.);
#10324 = DIRECTION('',(1.,0.,0.));
#10325 = PCURVE('',#7401,#10326);
#10326 = DEFINITIONAL_REPRESENTATION('',(#10327),#10330);
#10327 = B_SPLINE_CURVE_WITH_KNOTS('',1,(#10328,#10329),.UNSPECIFIED.,
  .F.,.F.,(2,2),(0.,56.),.PIECEWISE_BEZIER_KNOTS.);
#10328 = CARTESIAN_POINT('',(0.,1.));
#10329 = CARTESIAN_POINT('',(61.,1.));
#10330 = ( GEOMETRIC_REPRESENTATION_CONTEXT(2) 
PARAMETRIC_REPRESENTATION_CONTEXT() REPRESENTATION_CONTEXT('2D SPACE',''
  ) );
#10331 = PCURVE('',#7352,#10332);
#10332 = DEFINITIONAL_REPRESENTATION('',(#10333),#10337);
#10333 = LINE('',#10334,#10335);
#10334 = CARTESIAN_POINT('',(0.,0.));
#10335 = VECTOR('',#10336,1.);
#10336 = DIRECTION('',(1.,0.));
#10337 = ( GEOMETRIC_REPRESENTATION_CONTEXT(2) 
PARAMETRIC_REPRESENTATION_CONTEXT() REPRESENTATION_CONTEXT('2D SPACE',''
  ) );
#10338 = ADVANCED_FACE('',(#10339),#7352,.T.);
#10339 = FACE_BOUND('',#10340,.T.);
#10340 = EDGE_LOOP('',(#10341,#10342,#10343,#10468,#10490,#10512,#10534,
    #10657));
#10341 = ORIENTED_EDGE('',*,*,#10319,.F.);
#10342 = ORIENTED_EDGE('',*,*,#7570,.F.);
#10343 = ORIENTED_EDGE('',*,*,#10344,.T.);
#10344 = EDGE_CURVE('',#7571,#10345,#10347,.T.);
#10345 = VERTEX_POINT('',#10346);
#10346 = CARTESIAN_POINT('',(-19.3933982822,-28.,168.77));
#10347 = SURFACE_CURVE('',#10348,(#10386,#10427),.PCURVE_S1.);
#10348 = B_SPLINE_CURVE_WITH_KNOTS('',8,(#10349,#10350,#10351,#10352,
    #10353,#10354,#10355,#10356,#10357,#10358,#10359,#10360,#10361,
    #10362,#10363,#10364,#10365,#10366,#10367,#10368,#10369,#10370,
    #10371,#10372,#10373,#10374,#10375,#10376,#10377,#10378,#10379,
    #10380,#10381,#10382,#10383,#10384,#10385),.UNSPECIFIED.,.F.,.F.,(9,
    7,7,7,7,9),(0.,1.408572559013E-02,0.241687192212,0.487009409438,
    0.738895568804,1.),.UNSPECIFIED.);
#10349 = CARTESIAN_POINT('',(-28.,-28.,162.68421356237));
#10350 = CARTESIAN_POINT('',(-27.98409020103,-28.,162.6954634891));
#10351 = CARTESIAN_POINT('',(-27.96818254095,-28.,162.70671190342));
#10352 = CARTESIAN_POINT('',(-27.95227917068,-28.,162.71795728438));
#10353 = CARTESIAN_POINT('',(-27.93637561885,-28.,162.72920279372));
#10354 = CARTESIAN_POINT('',(-27.92047751811,-28.,162.74044444857));
#10355 = CARTESIAN_POINT('',(-27.90458023555,-28.,162.75168552487));
#10356 = CARTESIAN_POINT('',(-27.88868624918,-28.,162.76292427041));
#10357 = CARTESIAN_POINT('',(-27.61601550301,-28.,162.95573160406));
#10358 = CARTESIAN_POINT('',(-27.35992204004,-28.,163.13681702834));
#10359 = CARTESIAN_POINT('',(-27.10452687979,-28.,163.31740867803));
#10360 = CARTESIAN_POINT('',(-26.84984261821,-28.,163.49749764646));
#10361 = CARTESIAN_POINT('',(-26.59588195544,-28.,163.67707495326));
#10362 = CARTESIAN_POINT('',(-26.34265769588,-28.,163.85613154436));
#10363 = CARTESIAN_POINT('',(-26.09018274809,-28.,164.03465829202));
#10364 = CARTESIAN_POINT('',(-25.56715948815,-28.,164.40449158584));
#10365 = CARTESIAN_POINT('',(-25.2967344581,-28.,164.59571095839));
#10366 = CARTESIAN_POINT('',(-25.02721135072,-28.,164.78629257531));
#10367 = CARTESIAN_POINT('',(-24.75860653564,-28.,164.97622486151));
#10368 = CARTESIAN_POINT('',(-24.49093643619,-28.,165.16549620395));
#10369 = CARTESIAN_POINT('',(-24.22421752934,-28.,165.35409495165));
#10370 = CARTESIAN_POINT('',(-23.95846634575,-28.,165.54200941568));
#10371 = CARTESIAN_POINT('',(-23.42184838229,-28.,165.92145561655));
#10372 = CARTESIAN_POINT('',(-23.15103490663,-28.,166.11294966162));
#10373 = CARTESIAN_POINT('',(-22.88127701463,-28.,166.30369729634));
#10374 = CARTESIAN_POINT('',(-22.61259260833,-28.,166.49368586203));
#10375 = CARTESIAN_POINT('',(-22.34499951996,-28.,166.68290274941));
#10376 = CARTESIAN_POINT('',(-22.07851551197,-28.,166.87133539854));
#10377 = CARTESIAN_POINT('',(-21.81315827697,-28.,167.05897129885));
#10378 = CARTESIAN_POINT('',(-21.27506320752,-28.,167.43946197138));
#10379 = CARTESIAN_POINT('',(-21.00241056389,-28.,167.6322565046));
#10380 = CARTESIAN_POINT('',(-20.73100715804,-28.,167.82416769331));
#10381 = CARTESIAN_POINT('',(-20.46087238108,-28.,168.01518182593));
#10382 = CARTESIAN_POINT('',(-20.19202536407,-28.,168.20528537476));
#10383 = CARTESIAN_POINT('',(-19.92448497799,-28.,168.394464996));
#10384 = CARTESIAN_POINT('',(-19.65826983375,-28.,168.58270752975));
#10385 = CARTESIAN_POINT('',(-19.3933982822,-28.,168.77));
#10386 = PCURVE('',#7352,#10387);
#10387 = DEFINITIONAL_REPRESENTATION('',(#10388),#10426);
#10388 = B_SPLINE_CURVE_WITH_KNOTS('',8,(#10389,#10390,#10391,#10392,
    #10393,#10394,#10395,#10396,#10397,#10398,#10399,#10400,#10401,
    #10402,#10403,#10404,#10405,#10406,#10407,#10408,#10409,#10410,
    #10411,#10412,#10413,#10414,#10415,#10416,#10417,#10418,#10419,
    #10420,#10421,#10422,#10423,#10424,#10425),.UNSPECIFIED.,.F.,.F.,(9,
    7,7,7,7,9),(0.,1.408572559013E-02,0.241687192212,0.487009409438,
    0.738895568804,1.),.UNSPECIFIED.);
#10389 = CARTESIAN_POINT('',(0.,-3.414213562373));
#10390 = CARTESIAN_POINT('',(1.590979896569E-02,-3.425463489109));
#10391 = CARTESIAN_POINT('',(3.18174590421E-02,-3.436711903422));
#10392 = CARTESIAN_POINT('',(4.77208293187E-02,-3.447957284389));
#10393 = CARTESIAN_POINT('',(6.362438114135E-02,-3.459202793725));
#10394 = CARTESIAN_POINT('',(7.952248188456E-02,-3.470444448572));
#10395 = CARTESIAN_POINT('',(9.541976444994E-02,-3.481685524875));
#10396 = CARTESIAN_POINT('',(0.111313750811,-3.492924270411));
#10397 = CARTESIAN_POINT('',(0.383984496989,-3.685731604065));
#10398 = CARTESIAN_POINT('',(0.640077959952,-3.866817028343));
#10399 = CARTESIAN_POINT('',(0.895473120203,-4.047408678039));
#10400 = CARTESIAN_POINT('',(1.15015738179,-4.227497646469));
#10401 = CARTESIAN_POINT('',(1.404118044552,-4.407074953263));
#10402 = CARTESIAN_POINT('',(1.657342304118,-4.586131544362));
#10403 = CARTESIAN_POINT('',(1.909817251903,-4.764658292021));
#10404 = CARTESIAN_POINT('',(2.432840511849,-5.134491585847));
#10405 = CARTESIAN_POINT('',(2.703265541895,-5.325710958395));
#10406 = CARTESIAN_POINT('',(2.972788649278,-5.516292575312));
#10407 = CARTESIAN_POINT('',(3.241393464353,-5.706224861511));
#10408 = CARTESIAN_POINT('',(3.509063563806,-5.895496203955));
#10409 = CARTESIAN_POINT('',(3.775782470654,-6.084094951658));
#10410 = CARTESIAN_POINT('',(4.041533654246,-6.272009415684));
#10411 = CARTESIAN_POINT('',(4.578151617707,-6.651455616554));
#10412 = CARTESIAN_POINT('',(4.848965093363,-6.842949661627));
#10413 = CARTESIAN_POINT('',(5.118722985367,-7.033697296342));
#10414 = CARTESIAN_POINT('',(5.38740739167,-7.223685862038));
#10415 = CARTESIAN_POINT('',(5.655000480031,-7.412902749416));
#10416 = CARTESIAN_POINT('',(5.921484488021,-7.601335398544));
#10417 = CARTESIAN_POINT('',(6.186841723022,-7.78897129885));
#10418 = CARTESIAN_POINT('',(6.724936792474,-8.169461971382));
#10419 = CARTESIAN_POINT('',(6.99758943611,-8.362256504606));
#10420 = CARTESIAN_POINT('',(7.26899284196,-8.554167693319));
#10421 = CARTESIAN_POINT('',(7.539127618913,-8.745181825937));
#10422 = CARTESIAN_POINT('',(7.807974635922,-8.935285374766));
#10423 = CARTESIAN_POINT('',(8.075515022007,-9.124464996008));
#10424 = CARTESIAN_POINT('',(8.34173016625,-9.312707529757));
#10425 = CARTESIAN_POINT('',(8.606601717798,-9.5));
#10426 = ( GEOMETRIC_REPRESENTATION_CONTEXT(2) 
PARAMETRIC_REPRESENTATION_CONTEXT() REPRESENTATION_CONTEXT('2D SPACE',''
  ) );
#10427 = PCURVE('',#7689,#10428);
#10428 = DEFINITIONAL_REPRESENTATION('',(#10429),#10467);
#10429 = B_SPLINE_CURVE_WITH_KNOTS('',8,(#10430,#10431,#10432,#10433,
    #10434,#10435,#10436,#10437,#10438,#10439,#10440,#10441,#10442,
    #10443,#10444,#10445,#10446,#10447,#10448,#10449,#10450,#10451,
    #10452,#10453,#10454,#10455,#10456,#10457,#10458,#10459,#10460,
    #10461,#10462,#10463,#10464,#10465,#10466),.UNSPECIFIED.,.F.,.F.,(9,
    7,7,7,7,9),(0.,1.408572559013E-02,0.241687192212,0.487009409438,
    0.738895568804,1.),.UNSPECIFIED.);
#10430 = CARTESIAN_POINT('',(40.022243975506,6.517062629527E-02));
#10431 = CARTESIAN_POINT('',(40.033614437217,6.689871223331E-02));
#10432 = CARTESIAN_POINT('',(40.044989413658,6.86265658501E-02));
#10433 = CARTESIAN_POINT('',(40.0563734823,7.035395351865E-02));
#10434 = CARTESIAN_POINT('',(40.067757123432,7.208136090633E-02));
#10435 = CARTESIAN_POINT('',(40.079152324157,7.380817621022E-02));
#10436 = CARTESIAN_POINT('',(40.090549204717,7.553490264552E-02));
#10437 = CARTESIAN_POINT('',(40.101953056258,7.726127105466E-02));
#10438 = CARTESIAN_POINT('',(40.297714525586,0.106878143223));
#10439 = CARTESIAN_POINT('',(40.483511010879,0.134694428842));
#10440 = CARTESIAN_POINT('',(40.670760240739,0.162434866419));
#10441 = CARTESIAN_POINT('',(40.859470459168,0.190098087811));
#10442 = CARTESIAN_POINT('',(41.049649562783,0.217682713555));
#10443 = CARTESIAN_POINT('',(41.24130510081,0.24518735287));
#10444 = CARTESIAN_POINT('',(41.434444275088,0.272610603655));
#10445 = CARTESIAN_POINT('',(41.838857214575,0.329420192685));
#10446 = CARTESIAN_POINT('',(42.050372058005,0.358793140308));
#10447 = CARTESIAN_POINT('',(42.263627055538,0.388068123157));
#10448 = CARTESIAN_POINT('',(42.478630201325,0.417243363197));
#10449 = CARTESIAN_POINT('',(42.695388898494,0.446317076567));
#10450 = CARTESIAN_POINT('',(42.913909959148,0.475287473574));
#10451 = CARTESIAN_POINT('',(43.134199604365,0.504152758696));
#10452 = CARTESIAN_POINT('',(43.58426895599,0.562438973296));
#10453 = CARTESIAN_POINT('',(43.814144824367,0.591854112992));
#10454 = CARTESIAN_POINT('',(44.045897150838,0.621154597609));
#10455 = CARTESIAN_POINT('',(44.279531234899,0.650338482667));
#10456 = CARTESIAN_POINT('',(44.51505159403,0.679403831268));
#10457 = CARTESIAN_POINT('',(44.752461963692,0.708348714099));
#10458 = CARTESIAN_POINT('',(44.991765297331,0.737171209427));
#10459 = CARTESIAN_POINT('',(45.4829893701,0.795617863898));
#10460 = CARTESIAN_POINT('',(45.735051327158,0.825232769809));
#10461 = CARTESIAN_POINT('',(45.989152031833,0.854711986372));
#10462 = CARTESIAN_POINT('',(46.245292870435,0.884053407369));
#10463 = CARTESIAN_POINT('',(46.503474221301,0.91325495483));
#10464 = CARTESIAN_POINT('',(46.763695454795,0.94231457903));
#10465 = CARTESIAN_POINT('',(47.025954933311,0.971230258496));
#10466 = CARTESIAN_POINT('',(47.290250011267,1.));
#10467 = ( GEOMETRIC_REPRESENTATION_CONTEXT(2) 
PARAMETRIC_REPRESENTATION_CONTEXT() REPRESENTATION_CONTEXT('2D SPACE',''
  ) );
#10468 = ORIENTED_EDGE('',*,*,#10469,.F.);
#10469 = EDGE_CURVE('',#10470,#10345,#10472,.T.);
#10470 = VERTEX_POINT('',#10471);
#10471 = CARTESIAN_POINT('',(-19.3933982822,-28.,171.27));
#10472 = SURFACE_CURVE('',#10473,(#10477,#10484),.PCURVE_S1.);
#10473 = LINE('',#10474,#10475);
#10474 = CARTESIAN_POINT('',(-19.3933982822,-28.,165.51497474683));
#10475 = VECTOR('',#10476,1.);
#10476 = DIRECTION('',(0.,0.,-1.));
#10477 = PCURVE('',#7352,#10478);
#10478 = DEFINITIONAL_REPRESENTATION('',(#10479),#10483);
#10479 = LINE('',#10480,#10481);
#10480 = CARTESIAN_POINT('',(8.606601717798,-6.244974746831));
#10481 = VECTOR('',#10482,1.);
#10482 = DIRECTION('',(0.,1.));
#10483 = ( GEOMETRIC_REPRESENTATION_CONTEXT(2) 
PARAMETRIC_REPRESENTATION_CONTEXT() REPRESENTATION_CONTEXT('2D SPACE',''
  ) );
#10484 = PCURVE('',#9877,#10485);
#10485 = DEFINITIONAL_REPRESENTATION('',(#10486),#10489);
#10486 = B_SPLINE_CURVE_WITH_KNOTS('',1,(#10487,#10488),.UNSPECIFIED.,
  .F.,.F.,(2,2),(-5.755025253169,-3.255025253169),
  .PIECEWISE_BEZIER_KNOTS.);
#10487 = CARTESIAN_POINT('',(39.597979746447,-2.5));
#10488 = CARTESIAN_POINT('',(39.597979746447,0.));
#10489 = ( GEOMETRIC_REPRESENTATION_CONTEXT(2) 
PARAMETRIC_REPRESENTATION_CONTEXT() REPRESENTATION_CONTEXT('2D SPACE',''
  ) );
#10490 = ORIENTED_EDGE('',*,*,#10491,.F.);
#10491 = EDGE_CURVE('',#10492,#10470,#10494,.T.);
#10492 = VERTEX_POINT('',#10493);
#10493 = CARTESIAN_POINT('',(19.393398282202,-28.,171.27));
#10494 = SURFACE_CURVE('',#10495,(#10499,#10505),.PCURVE_S1.);
#10495 = LINE('',#10496,#10497);
#10496 = CARTESIAN_POINT('',(-14.,-28.,171.27));
#10497 = VECTOR('',#10498,1.);
#10498 = DIRECTION('',(-1.,0.,0.));
#10499 = PCURVE('',#7352,#10500);
#10500 = DEFINITIONAL_REPRESENTATION('',(#10501),#10504);
#10501 = B_SPLINE_CURVE_WITH_KNOTS('',1,(#10502,#10503),.UNSPECIFIED.,
  .F.,.F.,(2,2),(-42.,14.),.PIECEWISE_BEZIER_KNOTS.);
#10502 = CARTESIAN_POINT('',(56.,-12.));
#10503 = CARTESIAN_POINT('',(0.,-12.));
#10504 = ( GEOMETRIC_REPRESENTATION_CONTEXT(2) 
PARAMETRIC_REPRESENTATION_CONTEXT() REPRESENTATION_CONTEXT('2D SPACE',''
  ) );
#10505 = PCURVE('',#7883,#10506);
#10506 = DEFINITIONAL_REPRESENTATION('',(#10507),#10511);
#10507 = LINE('',#10508,#10509);
#10508 = CARTESIAN_POINT('',(-14.,-28.));
#10509 = VECTOR('',#10510,1.);
#10510 = DIRECTION('',(-1.,0.));
#10511 = ( GEOMETRIC_REPRESENTATION_CONTEXT(2) 
PARAMETRIC_REPRESENTATION_CONTEXT() REPRESENTATION_CONTEXT('2D SPACE',''
  ) );
#10512 = ORIENTED_EDGE('',*,*,#10513,.F.);
#10513 = EDGE_CURVE('',#10514,#10492,#10516,.T.);
#10514 = VERTEX_POINT('',#10515);
#10515 = CARTESIAN_POINT('',(19.393398282202,-28.,168.77));
#10516 = SURFACE_CURVE('',#10517,(#10521,#10528),.PCURVE_S1.);
#10517 = LINE('',#10518,#10519);
#10518 = CARTESIAN_POINT('',(19.393398282202,-28.,165.51497474683));
#10519 = VECTOR('',#10520,1.);
#10520 = DIRECTION('',(0.,-0.,1.));
#10521 = PCURVE('',#7352,#10522);
#10522 = DEFINITIONAL_REPRESENTATION('',(#10523),#10527);
#10523 = LINE('',#10524,#10525);
#10524 = CARTESIAN_POINT('',(47.393398282202,-6.244974746831));
#10525 = VECTOR('',#10526,1.);
#10526 = DIRECTION('',(0.,-1.));
#10527 = ( GEOMETRIC_REPRESENTATION_CONTEXT(2) 
PARAMETRIC_REPRESENTATION_CONTEXT() REPRESENTATION_CONTEXT('2D SPACE',''
  ) );
#10528 = PCURVE('',#9081,#10529);
#10529 = DEFINITIONAL_REPRESENTATION('',(#10530),#10533);
#10530 = B_SPLINE_CURVE_WITH_KNOTS('',1,(#10531,#10532),.UNSPECIFIED.,
  .F.,.F.,(2,2),(3.255025253169,5.755025253169),
  .PIECEWISE_BEZIER_KNOTS.);
#10531 = CARTESIAN_POINT('',(27.426406871193,0.));
#10532 = CARTESIAN_POINT('',(27.426406871193,-2.5));
#10533 = ( GEOMETRIC_REPRESENTATION_CONTEXT(2) 
PARAMETRIC_REPRESENTATION_CONTEXT() REPRESENTATION_CONTEXT('2D SPACE',''
  ) );
#10534 = ORIENTED_EDGE('',*,*,#10535,.F.);
#10535 = EDGE_CURVE('',#7169,#10514,#10536,.T.);
#10536 = SURFACE_CURVE('',#10537,(#10575,#10616),.PCURVE_S1.);
#10537 = B_SPLINE_CURVE_WITH_KNOTS('',8,(#10538,#10539,#10540,#10541,
    #10542,#10543,#10544,#10545,#10546,#10547,#10548,#10549,#10550,
    #10551,#10552,#10553,#10554,#10555,#10556,#10557,#10558,#10559,
    #10560,#10561,#10562,#10563,#10564,#10565,#10566,#10567,#10568,
    #10569,#10570,#10571,#10572,#10573,#10574),.UNSPECIFIED.,.F.,.F.,(9,
    7,7,7,7,9),(0.,1.40857255905E-02,0.241687192213,0.487009409438,
    0.738895568804,1.),.UNSPECIFIED.);
#10538 = CARTESIAN_POINT('',(28.,-28.,162.68421356237));
#10539 = CARTESIAN_POINT('',(27.984090201035,-28.,162.6954634891));
#10540 = CARTESIAN_POINT('',(27.968182540955,-28.,162.70671190342));
#10541 = CARTESIAN_POINT('',(27.952279170686,-28.,162.71795728438));
#10542 = CARTESIAN_POINT('',(27.936375618853,-28.,162.72920279373));
#10543 = CARTESIAN_POINT('',(27.92047751812,-28.,162.74044444856));
#10544 = CARTESIAN_POINT('',(27.904580235548,-28.,162.75168552487));
#10545 = CARTESIAN_POINT('',(27.888686249189,-28.,162.76292427041));
#10546 = CARTESIAN_POINT('',(27.616015503011,-28.,162.95573160406));
#10547 = CARTESIAN_POINT('',(27.359922040048,-28.,163.13681702834));
#10548 = CARTESIAN_POINT('',(27.104526879797,-28.,163.31740867803));
#10549 = CARTESIAN_POINT('',(26.84984261821,-28.,163.49749764646));
#10550 = CARTESIAN_POINT('',(26.595881955448,-28.,163.67707495326));
#10551 = CARTESIAN_POINT('',(26.342657695882,-28.,163.85613154436));
#10552 = CARTESIAN_POINT('',(26.090182748097,-28.,164.03465829202));
#10553 = CARTESIAN_POINT('',(25.567159488151,-28.,164.40449158584));
#10554 = CARTESIAN_POINT('',(25.296734458105,-28.,164.59571095839));
#10555 = CARTESIAN_POINT('',(25.027211350722,-28.,164.78629257531));
#10556 = CARTESIAN_POINT('',(24.758606535647,-28.,164.97622486151));
#10557 = CARTESIAN_POINT('',(24.490936436194,-28.,165.16549620395));
#10558 = CARTESIAN_POINT('',(24.224217529346,-28.,165.35409495165));
#10559 = CARTESIAN_POINT('',(23.958466345754,-28.,165.54200941568));
#10560 = CARTESIAN_POINT('',(23.421848382293,-28.,165.92145561655));
#10561 = CARTESIAN_POINT('',(23.151034906637,-28.,166.11294966162));
#10562 = CARTESIAN_POINT('',(22.881277014633,-28.,166.30369729634));
#10563 = CARTESIAN_POINT('',(22.61259260833,-28.,166.49368586203));
#10564 = CARTESIAN_POINT('',(22.344999519969,-28.,166.68290274941));
#10565 = CARTESIAN_POINT('',(22.078515511979,-28.,166.87133539854));
#10566 = CARTESIAN_POINT('',(21.813158276978,-28.,167.05897129885));
#10567 = CARTESIAN_POINT('',(21.275063207526,-28.,167.43946197138));
#10568 = CARTESIAN_POINT('',(21.00241056389,-28.,167.6322565046));
#10569 = CARTESIAN_POINT('',(20.73100715804,-28.,167.82416769331));
#10570 = CARTESIAN_POINT('',(20.460872381087,-28.,168.01518182593));
#10571 = CARTESIAN_POINT('',(20.192025364078,-28.,168.20528537476));
#10572 = CARTESIAN_POINT('',(19.924484977993,-28.,168.394464996));
#10573 = CARTESIAN_POINT('',(19.65826983375,-28.,168.58270752975));
#10574 = CARTESIAN_POINT('',(19.393398282202,-28.,168.77));
#10575 = PCURVE('',#7352,#10576);
#10576 = DEFINITIONAL_REPRESENTATION('',(#10577),#10615);
#10577 = B_SPLINE_CURVE_WITH_KNOTS('',8,(#10578,#10579,#10580,#10581,
    #10582,#10583,#10584,#10585,#10586,#10587,#10588,#10589,#10590,
    #10591,#10592,#10593,#10594,#10595,#10596,#10597,#10598,#10599,
    #10600,#10601,#10602,#10603,#10604,#10605,#10606,#10607,#10608,
    #10609,#10610,#10611,#10612,#10613,#10614),.UNSPECIFIED.,.F.,.F.,(9,
    7,7,7,7,9),(0.,1.40857255905E-02,0.241687192213,0.487009409438,
    0.738895568804,1.),.UNSPECIFIED.);
#10578 = CARTESIAN_POINT('',(56.,-3.414213562373));
#10579 = CARTESIAN_POINT('',(55.984090201035,-3.425463489109));
#10580 = CARTESIAN_POINT('',(55.968182540955,-3.436711903424));
#10581 = CARTESIAN_POINT('',(55.952279170686,-3.447957284384));
#10582 = CARTESIAN_POINT('',(55.936375618853,-3.459202793732));
#10583 = CARTESIAN_POINT('',(55.92047751812,-3.470444448567));
#10584 = CARTESIAN_POINT('',(55.904580235548,-3.481685524876));
#10585 = CARTESIAN_POINT('',(55.888686249189,-3.492924270411));
#10586 = CARTESIAN_POINT('',(55.616015503011,-3.685731604065));
#10587 = CARTESIAN_POINT('',(55.359922040048,-3.866817028343));
#10588 = CARTESIAN_POINT('',(55.104526879797,-4.047408678039));
#10589 = CARTESIAN_POINT('',(54.84984261821,-4.227497646469));
#10590 = CARTESIAN_POINT('',(54.595881955448,-4.407074953263));
#10591 = CARTESIAN_POINT('',(54.342657695882,-4.586131544362));
#10592 = CARTESIAN_POINT('',(54.090182748097,-4.764658292021));
#10593 = CARTESIAN_POINT('',(53.567159488151,-5.134491585847));
#10594 = CARTESIAN_POINT('',(53.296734458105,-5.325710958395));
#10595 = CARTESIAN_POINT('',(53.027211350722,-5.516292575312));
#10596 = CARTESIAN_POINT('',(52.758606535647,-5.706224861511));
#10597 = CARTESIAN_POINT('',(52.490936436194,-5.895496203955));
#10598 = CARTESIAN_POINT('',(52.224217529346,-6.084094951658));
#10599 = CARTESIAN_POINT('',(51.958466345754,-6.272009415684));
#10600 = CARTESIAN_POINT('',(51.421848382293,-6.651455616554));
#10601 = CARTESIAN_POINT('',(51.151034906637,-6.842949661627));
#10602 = CARTESIAN_POINT('',(50.881277014633,-7.033697296342));
#10603 = CARTESIAN_POINT('',(50.61259260833,-7.223685862038));
#10604 = CARTESIAN_POINT('',(50.344999519969,-7.412902749416));
#10605 = CARTESIAN_POINT('',(50.078515511979,-7.601335398544));
#10606 = CARTESIAN_POINT('',(49.813158276978,-7.78897129885));
#10607 = CARTESIAN_POINT('',(49.275063207526,-8.169461971382));
#10608 = CARTESIAN_POINT('',(49.00241056389,-8.362256504606));
#10609 = CARTESIAN_POINT('',(48.73100715804,-8.554167693319));
#10610 = CARTESIAN_POINT('',(48.460872381087,-8.745181825937));
#10611 = CARTESIAN_POINT('',(48.192025364078,-8.935285374766));
#10612 = CARTESIAN_POINT('',(47.924484977993,-9.124464996008));
#10613 = CARTESIAN_POINT('',(47.65826983375,-9.312707529757));
#10614 = CARTESIAN_POINT('',(47.393398282202,-9.5));
#10615 = ( GEOMETRIC_REPRESENTATION_CONTEXT(2) 
PARAMETRIC_REPRESENTATION_CONTEXT() REPRESENTATION_CONTEXT('2D SPACE',''
  ) );
#10616 = PCURVE('',#7278,#10617);
#10617 = DEFINITIONAL_REPRESENTATION('',(#10618),#10656);
#10618 = B_SPLINE_CURVE_WITH_KNOTS('',8,(#10619,#10620,#10621,#10622,
    #10623,#10624,#10625,#10626,#10627,#10628,#10629,#10630,#10631,
    #10632,#10633,#10634,#10635,#10636,#10637,#10638,#10639,#10640,
    #10641,#10642,#10643,#10644,#10645,#10646,#10647,#10648,#10649,
    #10650,#10651,#10652,#10653,#10654,#10655),.UNSPECIFIED.,.F.,.F.,(9,
    7,7,7,7,9),(0.,1.40857255905E-02,0.241687192213,0.487009409438,
    0.738895568804,1.),.UNSPECIFIED.);
#10619 = CARTESIAN_POINT('',(40.022243654811,6.517062629527E-02));
#10620 = CARTESIAN_POINT('',(40.010873193101,6.689871223324E-02));
#10621 = CARTESIAN_POINT('',(39.999498216657,6.862656585041E-02));
#10622 = CARTESIAN_POINT('',(39.988114148023,7.035395351802E-02));
#10623 = CARTESIAN_POINT('',(39.976730506878,7.208136090706E-02));
#10624 = CARTESIAN_POINT('',(39.965335306165,7.38081762097E-02));
#10625 = CARTESIAN_POINT('',(39.953938425598,7.553490264573E-02));
#10626 = CARTESIAN_POINT('',(39.94253457406,7.726127105461E-02));
#10627 = CARTESIAN_POINT('',(39.746773104731,0.106878143223));
#10628 = CARTESIAN_POINT('',(39.560976619438,0.134694428842));
#10629 = CARTESIAN_POINT('',(39.373727389579,0.162434866419));
#10630 = CARTESIAN_POINT('',(39.185017171149,0.190098087811));
#10631 = CARTESIAN_POINT('',(38.994838067534,0.217682713555));
#10632 = CARTESIAN_POINT('',(38.803182529507,0.24518735287));
#10633 = CARTESIAN_POINT('',(38.610043355229,0.272610603655));
#10634 = CARTESIAN_POINT('',(38.205630415743,0.329420192685));
#10635 = CARTESIAN_POINT('',(37.994115572312,0.358793140308));
#10636 = CARTESIAN_POINT('',(37.780860574779,0.388068123157));
#10637 = CARTESIAN_POINT('',(37.565857428992,0.417243363197));
#10638 = CARTESIAN_POINT('',(37.349098731823,0.446317076567));
#10639 = CARTESIAN_POINT('',(37.130577671169,0.475287473574));
#10640 = CARTESIAN_POINT('',(36.910288025952,0.504152758696));
#10641 = CARTESIAN_POINT('',(36.460218674327,0.562438973296));
#10642 = CARTESIAN_POINT('',(36.230342805951,0.591854112992));
#10643 = CARTESIAN_POINT('',(35.998590479479,0.621154597609));
#10644 = CARTESIAN_POINT('',(35.764956395418,0.650338482667));
#10645 = CARTESIAN_POINT('',(35.529436036287,0.679403831268));
#10646 = CARTESIAN_POINT('',(35.292025666625,0.708348714099));
#10647 = CARTESIAN_POINT('',(35.052722332986,0.737171209427));
#10648 = CARTESIAN_POINT('',(34.561498260217,0.795617863898));
#10649 = CARTESIAN_POINT('',(34.309436303159,0.825232769809));
#10650 = CARTESIAN_POINT('',(34.055335598484,0.854711986372));
#10651 = CARTESIAN_POINT('',(33.799194759882,0.884053407369));
#10652 = CARTESIAN_POINT('',(33.541013409016,0.91325495483));
#10653 = CARTESIAN_POINT('',(33.280792175522,0.94231457903));
#10654 = CARTESIAN_POINT('',(33.018532697006,0.971230258496));
#10655 = CARTESIAN_POINT('',(32.75423761905,1.));
#10656 = ( GEOMETRIC_REPRESENTATION_CONTEXT(2) 
PARAMETRIC_REPRESENTATION_CONTEXT() REPRESENTATION_CONTEXT('2D SPACE',''
  ) );
#10657 = ORIENTED_EDGE('',*,*,#7337,.T.);
#10658 = ADVANCED_FACE('',(#10659),#7278,.F.);
#10659 = FACE_BOUND('',#10660,.F.);
#10660 = EDGE_LOOP('',(#10661,#10681,#10682,#10683));
#10661 = ORIENTED_EDGE('',*,*,#10662,.F.);
#10662 = EDGE_CURVE('',#10514,#8941,#10663,.T.);
#10663 = SURFACE_CURVE('',#10664,(#10668,#10674),.PCURVE_S1.);
#10664 = LINE('',#10665,#10666);
#10665 = CARTESIAN_POINT('',(-4.897300288829E-15,-47.3933982822,168.77)
  );
#10666 = VECTOR('',#10667,1.);
#10667 = DIRECTION('',(0.707106781187,0.707106781187,0.));
#10668 = PCURVE('',#7278,#10669);
#10669 = DEFINITIONAL_REPRESENTATION('',(#10670),#10673);
#10670 = B_SPLINE_CURVE_WITH_KNOTS('',1,(#10671,#10672),.UNSPECIFIED.,
  .F.,.F.,(2,2),(0.,67.02438661764),.PIECEWISE_BEZIER_KNOTS.);
#10671 = CARTESIAN_POINT('',(0.,1.));
#10672 = CARTESIAN_POINT('',(80.044487630317,1.));
#10673 = ( GEOMETRIC_REPRESENTATION_CONTEXT(2) 
PARAMETRIC_REPRESENTATION_CONTEXT() REPRESENTATION_CONTEXT('2D SPACE',''
  ) );
#10674 = PCURVE('',#9081,#10675);
#10675 = DEFINITIONAL_REPRESENTATION('',(#10676),#10680);
#10676 = LINE('',#10677,#10678);
#10677 = CARTESIAN_POINT('',(0.,0.));
#10678 = VECTOR('',#10679,1.);
#10679 = DIRECTION('',(1.,0.));
#10680 = ( GEOMETRIC_REPRESENTATION_CONTEXT(2) 
PARAMETRIC_REPRESENTATION_CONTEXT() REPRESENTATION_CONTEXT('2D SPACE',''
  ) );
#10681 = ORIENTED_EDGE('',*,*,#10535,.F.);
#10682 = ORIENTED_EDGE('',*,*,#7168,.T.);
#10683 = ORIENTED_EDGE('',*,*,#8940,.T.);
#10684 = ADVANCED_FACE('',(#10685),#7689,.F.);
#10685 = FACE_BOUND('',#10686,.F.);
#10686 = EDGE_LOOP('',(#10687,#10707,#10708,#10709));
#10687 = ORIENTED_EDGE('',*,*,#10688,.F.);
#10688 = EDGE_CURVE('',#9862,#10345,#10689,.T.);
#10689 = SURFACE_CURVE('',#10690,(#10694,#10700),.PCURVE_S1.);
#10690 = LINE('',#10691,#10692);
#10691 = CARTESIAN_POINT('',(-47.3933982822,2.376014251686E-15,168.77));
#10692 = VECTOR('',#10693,1.);
#10693 = DIRECTION('',(0.707106781187,-0.707106781187,0.));
#10694 = PCURVE('',#7689,#10695);
#10695 = DEFINITIONAL_REPRESENTATION('',(#10696),#10699);
#10696 = B_SPLINE_CURVE_WITH_KNOTS('',1,(#10697,#10698),.UNSPECIFIED.,
  .F.,.F.,(2,2),(0.,67.02438661764),.PIECEWISE_BEZIER_KNOTS.);
#10697 = CARTESIAN_POINT('',(0.,1.));
#10698 = CARTESIAN_POINT('',(80.044487630317,1.));
#10699 = ( GEOMETRIC_REPRESENTATION_CONTEXT(2) 
PARAMETRIC_REPRESENTATION_CONTEXT() REPRESENTATION_CONTEXT('2D SPACE',''
  ) );
#10700 = PCURVE('',#9877,#10701);
#10701 = DEFINITIONAL_REPRESENTATION('',(#10702),#10706);
#10702 = LINE('',#10703,#10704);
#10703 = CARTESIAN_POINT('',(0.,0.));
#10704 = VECTOR('',#10705,1.);
#10705 = DIRECTION('',(1.,0.));
#10706 = ( GEOMETRIC_REPRESENTATION_CONTEXT(2) 
PARAMETRIC_REPRESENTATION_CONTEXT() REPRESENTATION_CONTEXT('2D SPACE',''
  ) );
#10707 = ORIENTED_EDGE('',*,*,#9888,.F.);
#10708 = ORIENTED_EDGE('',*,*,#7591,.T.);
#10709 = ORIENTED_EDGE('',*,*,#10344,.T.);
#10710 = ADVANCED_FACE('',(#10711,#10729),#7883,.T.);
#10711 = FACE_BOUND('',#10712,.T.);
#10712 = EDGE_LOOP('',(#10713,#10714,#10715,#10716,#10717,#10718,#10719,
    #10720,#10721,#10722,#10723,#10724,#10725,#10726,#10727,#10728));
#10713 = ORIENTED_EDGE('',*,*,#8596,.F.);
#10714 = ORIENTED_EDGE('',*,*,#7868,.T.);
#10715 = ORIENTED_EDGE('',*,*,#7898,.F.);
#10716 = ORIENTED_EDGE('',*,*,#7946,.F.);
#10717 = ORIENTED_EDGE('',*,*,#8024,.F.);
#10718 = ORIENTED_EDGE('',*,*,#8071,.T.);
#10719 = ORIENTED_EDGE('',*,*,#8096,.F.);
#10720 = ORIENTED_EDGE('',*,*,#8166,.F.);
#10721 = ORIENTED_EDGE('',*,*,#8222,.F.);
#10722 = ORIENTED_EDGE('',*,*,#8269,.T.);
#10723 = ORIENTED_EDGE('',*,*,#8294,.F.);
#10724 = ORIENTED_EDGE('',*,*,#8364,.F.);
#10725 = ORIENTED_EDGE('',*,*,#8420,.F.);
#10726 = ORIENTED_EDGE('',*,*,#8467,.T.);
#10727 = ORIENTED_EDGE('',*,*,#8492,.F.);
#10728 = ORIENTED_EDGE('',*,*,#8562,.F.);
#10729 = FACE_BOUND('',#10730,.T.);
#10730 = EDGE_LOOP('',(#10731,#10732,#10752,#10753,#10773,#10774,#10794,
    #10795));
#10731 = ORIENTED_EDGE('',*,*,#9092,.T.);
#10732 = ORIENTED_EDGE('',*,*,#10733,.T.);
#10733 = EDGE_CURVE('',#9066,#10492,#10734,.T.);
#10734 = SURFACE_CURVE('',#10735,(#10739,#10746),.PCURVE_S1.);
#10735 = LINE('',#10736,#10737);
#10736 = CARTESIAN_POINT('',(11.84834957055,-35.54504871165,171.27));
#10737 = VECTOR('',#10738,1.);
#10738 = DIRECTION('',(-0.707106781187,-0.707106781187,0.));
#10739 = PCURVE('',#7883,#10740);
#10740 = DEFINITIONAL_REPRESENTATION('',(#10741),#10745);
#10741 = LINE('',#10742,#10743);
#10742 = CARTESIAN_POINT('',(11.84834957055,-35.54504871165));
#10743 = VECTOR('',#10744,1.);
#10744 = DIRECTION('',(-0.707106781187,-0.707106781187));
#10745 = ( GEOMETRIC_REPRESENTATION_CONTEXT(2) 
PARAMETRIC_REPRESENTATION_CONTEXT() REPRESENTATION_CONTEXT('2D SPACE',''
  ) );
#10746 = PCURVE('',#9081,#10747);
#10747 = DEFINITIONAL_REPRESENTATION('',(#10748),#10751);
#10748 = B_SPLINE_CURVE_WITH_KNOTS('',1,(#10749,#10750),.UNSPECIFIED.,
  .F.,.F.,(2,2),(-22.84188309203,-10.67031021678),
  .PIECEWISE_BEZIER_KNOTS.);
#10749 = CARTESIAN_POINT('',(39.597979746447,-2.5));
#10750 = CARTESIAN_POINT('',(27.426406871193,-2.5));
#10751 = ( GEOMETRIC_REPRESENTATION_CONTEXT(2) 
PARAMETRIC_REPRESENTATION_CONTEXT() REPRESENTATION_CONTEXT('2D SPACE',''
  ) );
#10752 = ORIENTED_EDGE('',*,*,#10491,.T.);
#10753 = ORIENTED_EDGE('',*,*,#10754,.T.);
#10754 = EDGE_CURVE('',#10470,#9840,#10755,.T.);
#10755 = SURFACE_CURVE('',#10756,(#10760,#10767),.PCURVE_S1.);
#10756 = LINE('',#10757,#10758);
#10757 = CARTESIAN_POINT('',(-35.54504871165,-11.84834957055,171.27));
#10758 = VECTOR('',#10759,1.);
#10759 = DIRECTION('',(-0.707106781187,0.707106781187,0.));
#10760 = PCURVE('',#7883,#10761);
#10761 = DEFINITIONAL_REPRESENTATION('',(#10762),#10766);
#10762 = LINE('',#10763,#10764);
#10763 = CARTESIAN_POINT('',(-35.54504871165,-11.84834957055));
#10764 = VECTOR('',#10765,1.);
#10765 = DIRECTION('',(-0.707106781187,0.707106781187));
#10766 = ( GEOMETRIC_REPRESENTATION_CONTEXT(2) 
PARAMETRIC_REPRESENTATION_CONTEXT() REPRESENTATION_CONTEXT('2D SPACE',''
  ) );
#10767 = PCURVE('',#9877,#10768);
#10768 = DEFINITIONAL_REPRESENTATION('',(#10769),#10772);
#10769 = B_SPLINE_CURVE_WITH_KNOTS('',1,(#10770,#10771),.UNSPECIFIED.,
  .F.,.F.,(2,2),(-22.84188309203,-10.67031021678),
  .PIECEWISE_BEZIER_KNOTS.);
#10770 = CARTESIAN_POINT('',(39.597979746447,-2.5));
#10771 = CARTESIAN_POINT('',(27.426406871193,-2.5));
#10772 = ( GEOMETRIC_REPRESENTATION_CONTEXT(2) 
PARAMETRIC_REPRESENTATION_CONTEXT() REPRESENTATION_CONTEXT('2D SPACE',''
  ) );
#10773 = ORIENTED_EDGE('',*,*,#9839,.T.);
#10774 = ORIENTED_EDGE('',*,*,#10775,.T.);
#10775 = EDGE_CURVE('',#9818,#9463,#10776,.T.);
#10776 = SURFACE_CURVE('',#10777,(#10781,#10788),.PCURVE_S1.);
#10777 = LINE('',#10778,#10779);
#10778 = CARTESIAN_POINT('',(-11.84834957055,35.545048711651,171.27));
#10779 = VECTOR('',#10780,1.);
#10780 = DIRECTION('',(0.707106781187,0.707106781187,-0.));
#10781 = PCURVE('',#7883,#10782);
#10782 = DEFINITIONAL_REPRESENTATION('',(#10783),#10787);
#10783 = LINE('',#10784,#10785);
#10784 = CARTESIAN_POINT('',(-11.84834957055,35.545048711651));
#10785 = VECTOR('',#10786,1.);
#10786 = DIRECTION('',(0.707106781187,0.707106781187));
#10787 = ( GEOMETRIC_REPRESENTATION_CONTEXT(2) 
PARAMETRIC_REPRESENTATION_CONTEXT() REPRESENTATION_CONTEXT('2D SPACE',''
  ) );
#10788 = PCURVE('',#9500,#10789);
#10789 = DEFINITIONAL_REPRESENTATION('',(#10790),#10793);
#10790 = B_SPLINE_CURVE_WITH_KNOTS('',1,(#10791,#10792),.UNSPECIFIED.,
  .F.,.F.,(2,2),(-22.84188309203,-10.67031021678),
  .PIECEWISE_BEZIER_KNOTS.);
#10791 = CARTESIAN_POINT('',(39.597979746447,-2.5));
#10792 = CARTESIAN_POINT('',(27.426406871193,-2.5));
#10793 = ( GEOMETRIC_REPRESENTATION_CONTEXT(2) 
PARAMETRIC_REPRESENTATION_CONTEXT() REPRESENTATION_CONTEXT('2D SPACE',''
  ) );
#10794 = ORIENTED_EDGE('',*,*,#9462,.T.);
#10795 = ORIENTED_EDGE('',*,*,#10796,.T.);
#10796 = EDGE_CURVE('',#9441,#9093,#10797,.T.);
#10797 = SURFACE_CURVE('',#10798,(#10802,#10809),.PCURVE_S1.);
#10798 = LINE('',#10799,#10800);
#10799 = CARTESIAN_POINT('',(35.545048711651,11.84834957055,171.27));
#10800 = VECTOR('',#10801,1.);
#10801 = DIRECTION('',(0.707106781187,-0.707106781187,0.));
#10802 = PCURVE('',#7883,#10803);
#10803 = DEFINITIONAL_REPRESENTATION('',(#10804),#10808);
#10804 = LINE('',#10805,#10806);
#10805 = CARTESIAN_POINT('',(35.545048711651,11.84834957055));
#10806 = VECTOR('',#10807,1.);
#10807 = DIRECTION('',(0.707106781187,-0.707106781187));
#10808 = ( GEOMETRIC_REPRESENTATION_CONTEXT(2) 
PARAMETRIC_REPRESENTATION_CONTEXT() REPRESENTATION_CONTEXT('2D SPACE',''
  ) );
#10809 = PCURVE('',#9130,#10810);
#10810 = DEFINITIONAL_REPRESENTATION('',(#10811),#10814);
#10811 = B_SPLINE_CURVE_WITH_KNOTS('',1,(#10812,#10813),.UNSPECIFIED.,
  .F.,.F.,(2,2),(-22.84188309203,-10.67031021678),
  .PIECEWISE_BEZIER_KNOTS.);
#10812 = CARTESIAN_POINT('',(39.597979746447,-2.5));
#10813 = CARTESIAN_POINT('',(27.426406871193,-2.5));
#10814 = ( GEOMETRIC_REPRESENTATION_CONTEXT(2) 
PARAMETRIC_REPRESENTATION_CONTEXT() REPRESENTATION_CONTEXT('2D SPACE',''
  ) );
#10815 = ADVANCED_FACE('',(#10816),#8673,.F.);
#10816 = FACE_BOUND('',#10817,.F.);
#10817 = EDGE_LOOP('',(#10818,#10819,#10820,#10821));
#10818 = ORIENTED_EDGE('',*,*,#8841,.T.);
#10819 = ORIENTED_EDGE('',*,*,#8655,.T.);
#10820 = ORIENTED_EDGE('',*,*,#8817,.F.);
#10821 = ORIENTED_EDGE('',*,*,#10822,.F.);
#10822 = EDGE_CURVE('',#8842,#8769,#10823,.T.);
#10823 = SURFACE_CURVE('',#10824,(#10828,#10835),.PCURVE_S1.);
#10824 = LINE('',#10825,#10826);
#10825 = CARTESIAN_POINT('',(20.25,-8.5,126.42));
#10826 = VECTOR('',#10827,1.);
#10827 = DIRECTION('',(0.,-1.,0.));
#10828 = PCURVE('',#8673,#10829);
#10829 = DEFINITIONAL_REPRESENTATION('',(#10830),#10834);
#10830 = LINE('',#10831,#10832);
#10831 = CARTESIAN_POINT('',(0.,0.));
#10832 = VECTOR('',#10833,1.);
#10833 = DIRECTION('',(1.,0.));
#10834 = ( GEOMETRIC_REPRESENTATION_CONTEXT(2) 
PARAMETRIC_REPRESENTATION_CONTEXT() REPRESENTATION_CONTEXT('2D SPACE',''
  ) );
#10835 = PCURVE('',#8782,#10836);
#10836 = DEFINITIONAL_REPRESENTATION('',(#10837),#10841);
#10837 = LINE('',#10838,#10839);
#10838 = CARTESIAN_POINT('',(0.,0.));
#10839 = VECTOR('',#10840,1.);
#10840 = DIRECTION('',(1.,0.));
#10841 = ( GEOMETRIC_REPRESENTATION_CONTEXT(2) 
PARAMETRIC_REPRESENTATION_CONTEXT() REPRESENTATION_CONTEXT('2D SPACE',''
  ) );
#10842 = ADVANCED_FACE('',(#10843),#8751,.F.);
#10843 = FACE_BOUND('',#10844,.T.);
#10844 = EDGE_LOOP('',(#10845,#10874,#10895,#10896));
#10845 = ORIENTED_EDGE('',*,*,#10846,.F.);
#10846 = EDGE_CURVE('',#10847,#10847,#10849,.T.);
#10847 = VERTEX_POINT('',#10848);
#10848 = CARTESIAN_POINT('',(24.75,-14.5,134.42));
#10849 = SURFACE_CURVE('',#10850,(#10855,#10862),.PCURVE_S1.);
#10850 = CIRCLE('',#10851,1.75);
#10851 = AXIS2_PLACEMENT_3D('',#10852,#10853,#10854);
#10852 = CARTESIAN_POINT('',(23.,-14.5,134.42));
#10853 = DIRECTION('',(0.,0.,1.));
#10854 = DIRECTION('',(1.,0.,0.));
#10855 = PCURVE('',#8751,#10856);
#10856 = DEFINITIONAL_REPRESENTATION('',(#10857),#10861);
#10857 = LINE('',#10858,#10859);
#10858 = CARTESIAN_POINT('',(-0.,0.));
#10859 = VECTOR('',#10860,1.);
#10860 = DIRECTION('',(-1.,0.));
#10861 = ( GEOMETRIC_REPRESENTATION_CONTEXT(2) 
PARAMETRIC_REPRESENTATION_CONTEXT() REPRESENTATION_CONTEXT('2D SPACE',''
  ) );
#10862 = PCURVE('',#10863,#10868);
#10863 = PLANE('',#10864);
#10864 = AXIS2_PLACEMENT_3D('',#10865,#10866,#10867);
#10865 = CARTESIAN_POINT('',(23.,-14.5,134.42));
#10866 = DIRECTION('',(0.,0.,1.));
#10867 = DIRECTION('',(1.,0.,-0.));
#10868 = DEFINITIONAL_REPRESENTATION('',(#10869),#10873);
#10869 = CIRCLE('',#10870,1.75);
#10870 = AXIS2_PLACEMENT_2D('',#10871,#10872);
#10871 = CARTESIAN_POINT('',(3.552713678801E-15,-1.7763568394E-15));
#10872 = DIRECTION('',(1.,0.));
#10873 = ( GEOMETRIC_REPRESENTATION_CONTEXT(2) 
PARAMETRIC_REPRESENTATION_CONTEXT() REPRESENTATION_CONTEXT('2D SPACE',''
  ) );
#10874 = ORIENTED_EDGE('',*,*,#10875,.T.);
#10875 = EDGE_CURVE('',#10847,#8731,#10876,.T.);
#10876 = SEAM_CURVE('',#10877,(#10881,#10888),.PCURVE_S1.);
#10877 = LINE('',#10878,#10879);
#10878 = CARTESIAN_POINT('',(24.75,-14.5,134.42));
#10879 = VECTOR('',#10880,1.);
#10880 = DIRECTION('',(0.,0.,1.));
#10881 = PCURVE('',#8751,#10882);
#10882 = DEFINITIONAL_REPRESENTATION('',(#10883),#10887);
#10883 = LINE('',#10884,#10885);
#10884 = CARTESIAN_POINT('',(-6.28318530718,0.));
#10885 = VECTOR('',#10886,1.);
#10886 = DIRECTION('',(-0.,-1.));
#10887 = ( GEOMETRIC_REPRESENTATION_CONTEXT(2) 
PARAMETRIC_REPRESENTATION_CONTEXT() REPRESENTATION_CONTEXT('2D SPACE',''
  ) );
#10888 = PCURVE('',#8751,#10889);
#10889 = DEFINITIONAL_REPRESENTATION('',(#10890),#10894);
#10890 = LINE('',#10891,#10892);
#10891 = CARTESIAN_POINT('',(-0.,0.));
#10892 = VECTOR('',#10893,1.);
#10893 = DIRECTION('',(-0.,-1.));
#10894 = ( GEOMETRIC_REPRESENTATION_CONTEXT(2) 
PARAMETRIC_REPRESENTATION_CONTEXT() REPRESENTATION_CONTEXT('2D SPACE',''
  ) );
#10895 = ORIENTED_EDGE('',*,*,#8730,.F.);
#10896 = ORIENTED_EDGE('',*,*,#10875,.F.);
#10897 = ADVANCED_FACE('',(#10898),#8782,.T.);
#10898 = FACE_BOUND('',#10899,.T.);
#10899 = EDGE_LOOP('',(#10900,#10901,#10902,#10903));
#10900 = ORIENTED_EDGE('',*,*,#8912,.T.);
#10901 = ORIENTED_EDGE('',*,*,#8766,.T.);
#10902 = ORIENTED_EDGE('',*,*,#10822,.F.);
#10903 = ORIENTED_EDGE('',*,*,#8864,.F.);
#10904 = ADVANCED_FACE('',(#10905),#9130,.T.);
#10905 = FACE_BOUND('',#10906,.T.);
#10906 = EDGE_LOOP('',(#10907,#10908,#10909,#10910));
#10907 = ORIENTED_EDGE('',*,*,#9268,.F.);
#10908 = ORIENTED_EDGE('',*,*,#9114,.T.);
#10909 = ORIENTED_EDGE('',*,*,#10796,.F.);
#10910 = ORIENTED_EDGE('',*,*,#9440,.T.);
#10911 = ADVANCED_FACE('',(#10912),#9081,.T.);
#10912 = FACE_BOUND('',#10913,.T.);
#10913 = EDGE_LOOP('',(#10914,#10915,#10916,#10917));
#10914 = ORIENTED_EDGE('',*,*,#10662,.F.);
#10915 = ORIENTED_EDGE('',*,*,#10513,.T.);
#10916 = ORIENTED_EDGE('',*,*,#10733,.F.);
#10917 = ORIENTED_EDGE('',*,*,#9065,.T.);
#10918 = ADVANCED_FACE('',(#10919),#9500,.T.);
#10919 = FACE_BOUND('',#10920,.T.);
#10920 = EDGE_LOOP('',(#10921,#10922,#10923,#10924));
#10921 = ORIENTED_EDGE('',*,*,#9645,.F.);
#10922 = ORIENTED_EDGE('',*,*,#9484,.T.);
#10923 = ORIENTED_EDGE('',*,*,#10775,.F.);
#10924 = ORIENTED_EDGE('',*,*,#9817,.T.);
#10925 = ADVANCED_FACE('',(#10926),#9877,.T.);
#10926 = FACE_BOUND('',#10927,.T.);
#10927 = EDGE_LOOP('',(#10928,#10929,#10930,#10931));
#10928 = ORIENTED_EDGE('',*,*,#10688,.F.);
#10929 = ORIENTED_EDGE('',*,*,#9861,.T.);
#10930 = ORIENTED_EDGE('',*,*,#10754,.F.);
#10931 = ORIENTED_EDGE('',*,*,#10469,.T.);
#10932 = ADVANCED_FACE('',(#10933),#10072,.T.);
#10933 = FACE_BOUND('',#10934,.T.);
#10934 = EDGE_LOOP('',(#10935,#10936,#10937,#10958));
#10935 = ORIENTED_EDGE('',*,*,#10292,.T.);
#10936 = ORIENTED_EDGE('',*,*,#10058,.T.);
#10937 = ORIENTED_EDGE('',*,*,#10938,.F.);
#10938 = EDGE_CURVE('',#10220,#10059,#10939,.T.);
#10939 = SURFACE_CURVE('',#10940,(#10944,#10951),.PCURVE_S1.);
#10940 = LINE('',#10941,#10942);
#10941 = CARTESIAN_POINT('',(-20.25,-20.5,126.42));
#10942 = VECTOR('',#10943,1.);
#10943 = DIRECTION('',(0.,1.,0.));
#10944 = PCURVE('',#10072,#10945);
#10945 = DEFINITIONAL_REPRESENTATION('',(#10946),#10950);
#10946 = LINE('',#10947,#10948);
#10947 = CARTESIAN_POINT('',(0.,0.));
#10948 = VECTOR('',#10949,1.);
#10949 = DIRECTION('',(1.,0.));
#10950 = ( GEOMETRIC_REPRESENTATION_CONTEXT(2) 
PARAMETRIC_REPRESENTATION_CONTEXT() REPRESENTATION_CONTEXT('2D SPACE',''
  ) );
#10951 = PCURVE('',#10099,#10952);
#10952 = DEFINITIONAL_REPRESENTATION('',(#10953),#10957);
#10953 = LINE('',#10954,#10955);
#10954 = CARTESIAN_POINT('',(0.,0.));
#10955 = VECTOR('',#10956,1.);
#10956 = DIRECTION('',(1.,0.));
#10957 = ( GEOMETRIC_REPRESENTATION_CONTEXT(2) 
PARAMETRIC_REPRESENTATION_CONTEXT() REPRESENTATION_CONTEXT('2D SPACE',''
  ) );
#10958 = ORIENTED_EDGE('',*,*,#10242,.F.);
#10959 = ADVANCED_FACE('',(#10960),#10099,.F.);
#10960 = FACE_BOUND('',#10961,.F.);
#10961 = EDGE_LOOP('',(#10962,#10963,#10964,#10965));
#10962 = ORIENTED_EDGE('',*,*,#10219,.T.);
#10963 = ORIENTED_EDGE('',*,*,#10159,.T.);
#10964 = ORIENTED_EDGE('',*,*,#10083,.F.);
#10965 = ORIENTED_EDGE('',*,*,#10938,.F.);
#10966 = ADVANCED_FACE('',(#10967),#10204,.F.);
#10967 = FACE_BOUND('',#10968,.T.);
#10968 = EDGE_LOOP('',(#10969,#10998,#11019,#11020));
#10969 = ORIENTED_EDGE('',*,*,#10970,.F.);
#10970 = EDGE_CURVE('',#10971,#10971,#10973,.T.);
#10971 = VERTEX_POINT('',#10972);
#10972 = CARTESIAN_POINT('',(-21.25,-14.5,134.42));
#10973 = SURFACE_CURVE('',#10974,(#10979,#10986),.PCURVE_S1.);
#10974 = CIRCLE('',#10975,1.75);
#10975 = AXIS2_PLACEMENT_3D('',#10976,#10977,#10978);
#10976 = CARTESIAN_POINT('',(-23.,-14.5,134.42));
#10977 = DIRECTION('',(0.,0.,1.));
#10978 = DIRECTION('',(1.,0.,0.));
#10979 = PCURVE('',#10204,#10980);
#10980 = DEFINITIONAL_REPRESENTATION('',(#10981),#10985);
#10981 = LINE('',#10982,#10983);
#10982 = CARTESIAN_POINT('',(-0.,0.));
#10983 = VECTOR('',#10984,1.);
#10984 = DIRECTION('',(-1.,0.));
#10985 = ( GEOMETRIC_REPRESENTATION_CONTEXT(2) 
PARAMETRIC_REPRESENTATION_CONTEXT() REPRESENTATION_CONTEXT('2D SPACE',''
  ) );
#10986 = PCURVE('',#10987,#10992);
#10987 = PLANE('',#10988);
#10988 = AXIS2_PLACEMENT_3D('',#10989,#10990,#10991);
#10989 = CARTESIAN_POINT('',(-23.,-14.5,134.42));
#10990 = DIRECTION('',(0.,0.,1.));
#10991 = DIRECTION('',(1.,0.,-0.));
#10992 = DEFINITIONAL_REPRESENTATION('',(#10993),#10997);
#10993 = CIRCLE('',#10994,1.75);
#10994 = AXIS2_PLACEMENT_2D('',#10995,#10996);
#10995 = CARTESIAN_POINT('',(0.,-1.7763568394E-15));
#10996 = DIRECTION('',(1.,0.));
#10997 = ( GEOMETRIC_REPRESENTATION_CONTEXT(2) 
PARAMETRIC_REPRESENTATION_CONTEXT() REPRESENTATION_CONTEXT('2D SPACE',''
  ) );
#10998 = ORIENTED_EDGE('',*,*,#10999,.T.);
#10999 = EDGE_CURVE('',#10971,#10184,#11000,.T.);
#11000 = SEAM_CURVE('',#11001,(#11005,#11012),.PCURVE_S1.);
#11001 = LINE('',#11002,#11003);
#11002 = CARTESIAN_POINT('',(-21.25,-14.5,134.42));
#11003 = VECTOR('',#11004,1.);
#11004 = DIRECTION('',(0.,0.,1.));
#11005 = PCURVE('',#10204,#11006);
#11006 = DEFINITIONAL_REPRESENTATION('',(#11007),#11011);
#11007 = LINE('',#11008,#11009);
#11008 = CARTESIAN_POINT('',(-6.28318530718,0.));
#11009 = VECTOR('',#11010,1.);
#11010 = DIRECTION('',(-0.,-1.));
#11011 = ( GEOMETRIC_REPRESENTATION_CONTEXT(2) 
PARAMETRIC_REPRESENTATION_CONTEXT() REPRESENTATION_CONTEXT('2D SPACE',''
  ) );
#11012 = PCURVE('',#10204,#11013);
#11013 = DEFINITIONAL_REPRESENTATION('',(#11014),#11018);
#11014 = LINE('',#11015,#11016);
#11015 = CARTESIAN_POINT('',(-0.,0.));
#11016 = VECTOR('',#11017,1.);
#11017 = DIRECTION('',(-0.,-1.));
#11018 = ( GEOMETRIC_REPRESENTATION_CONTEXT(2) 
PARAMETRIC_REPRESENTATION_CONTEXT() REPRESENTATION_CONTEXT('2D SPACE',''
  ) );
#11019 = ORIENTED_EDGE('',*,*,#10183,.F.);
#11020 = ORIENTED_EDGE('',*,*,#10999,.F.);
#11021 = ADVANCED_FACE('',(#11022),#10863,.T.);
#11022 = FACE_BOUND('',#11023,.T.);
#11023 = EDGE_LOOP('',(#11024));
#11024 = ORIENTED_EDGE('',*,*,#10846,.T.);
#11025 = ADVANCED_FACE('',(#11026),#10987,.T.);
#11026 = FACE_BOUND('',#11027,.T.);
#11027 = EDGE_LOOP('',(#11028));
#11028 = ORIENTED_EDGE('',*,*,#10970,.T.);
#11029 = ( GEOMETRIC_REPRESENTATION_CONTEXT(3) 
GLOBAL_UNCERTAINTY_ASSIGNED_CONTEXT((#11033)) 
GLOBAL_UNIT_ASSIGNED_CONTEXT((#11030,#11031,#11032)) 
REPRESENTATION_CONTEXT('Context #1',
  '3D Context with UNIT and UNCERTAINTY') );
#11030 = ( LENGTH_UNIT() NAMED_UNIT(*) SI_UNIT(.MILLI.,.METRE.) );
#11031 = ( NAMED_UNIT(*) PLANE_ANGLE_UNIT() SI_UNIT($,.RADIAN.) );
#11032 = ( NAMED_UNIT(*) SI_UNIT($,.STERADIAN.) SOLID_ANGLE_UNIT() );
#11033 = UNCERTAINTY_MEASURE_WITH_UNIT(LENGTH_MEASURE(1.E-06),#11030,
  'distance_accuracy_value','confusion accuracy');
#11034 = PRODUCT_RELATED_PRODUCT_CATEGORY('part',$,(#7));
ENDSEC;
END-ISO-10303-21;
