ISO-10303-21;
HEADER;
FILE_DESCRIPTION(('Open CASCADE Model'),'2;1');
FILE_NAME('Open CASCADE Shape Model','2026-09-08T13:17:35',('Author'),(
    'Open CASCADE'),'Open CASCADE STEP processor 7.7','Open CASCADE 7.7'
  ,'Unknown');
FILE_SCHEMA(('AUTOMOTIVE_DESIGN { 1 0 10303 214 1 1 1 1 }'));
ENDSEC;
DATA;
#1 = APPLICATION_PROTOCOL_DEFINITION('international standard',
  'automotive_design',2000,#2);
#2 = APPLICATION_CONTEXT(
  'core data for automotive mechanical design processes');
#3 = SHAPE_DEFINITION_REPRESENTATION(#4,#10);
#4 = PRODUCT_DEFINITION_SHAPE('','',#5);
#5 = PRODUCT_DEFINITION('design','',#6,#9);
#6 = PRODUCT_DEFINITION_FORMATION('','',#7);
#7 = PRODUCT('Open CASCADE STEP translator 7.7 6',
  'Open CASCADE STEP translator 7.7 6','',(#8));
#8 = PRODUCT_CONTEXT('',#2,'mechanical');
#9 = PRODUCT_DEFINITION_CONTEXT('part definition',#2,'design');
#10 = ADVANCED_BREP_SHAPE_REPRESENTATION('',(#11,#15),#1896);
#11 = AXIS2_PLACEMENT_3D('',#12,#13,#14);
#12 = CARTESIAN_POINT('',(0.,0.,0.));
#13 = DIRECTION('',(0.,0.,1.));
#14 = DIRECTION('',(1.,0.,-0.));
#15 = MANIFOLD_SOLID_BREP('',#16);
#16 = CLOSED_SHELL('',(#17,#254,#330,#379,#492,#539,#586,#612,#639,#716,
    #1744,#1793,#1842,#1869));
#17 = ADVANCED_FACE('',(#18),#32,.F.);
#18 = FACE_BOUND('',#19,.F.);
#19 = EDGE_LOOP('',(#20,#55,#83,#111,#145,#171,#205,#228));
#20 = ORIENTED_EDGE('',*,*,#21,.F.);
#21 = EDGE_CURVE('',#22,#24,#26,.T.);
#22 = VERTEX_POINT('',#23);
#23 = CARTESIAN_POINT('',(-20.,0.,0.));
#24 = VERTEX_POINT('',#25);
#25 = CARTESIAN_POINT('',(20.,0.,0.));
#26 = SURFACE_CURVE('',#27,(#31,#43),.PCURVE_S1.);
#27 = LINE('',#28,#29);
#28 = CARTESIAN_POINT('',(-20.,0.,0.));
#29 = VECTOR('',#30,1.);
#30 = DIRECTION('',(1.,0.,0.));
#31 = PCURVE('',#32,#37);
#32 = PLANE('',#33);
#33 = AXIS2_PLACEMENT_3D('',#34,#35,#36);
#34 = CARTESIAN_POINT('',(-20.,0.,0.));
#35 = DIRECTION('',(0.,1.,0.));
#36 = DIRECTION('',(1.,0.,0.));
#37 = DEFINITIONAL_REPRESENTATION('',(#38),#42);
#38 = LINE('',#39,#40);
#39 = CARTESIAN_POINT('',(0.,0.));
#40 = VECTOR('',#41,1.);
#41 = DIRECTION('',(1.,0.));
#42 = ( GEOMETRIC_REPRESENTATION_CONTEXT(2) 
PARAMETRIC_REPRESENTATION_CONTEXT() REPRESENTATION_CONTEXT('2D SPACE',''
  ) );
#43 = PCURVE('',#44,#49);
#44 = PLANE('',#45);
#45 = AXIS2_PLACEMENT_3D('',#46,#47,#48);
#46 = CARTESIAN_POINT('',(0.,15.,0.));
#47 = DIRECTION('',(0.,0.,1.));
#48 = DIRECTION('',(1.,0.,-0.));
#49 = DEFINITIONAL_REPRESENTATION('',(#50),#54);
#50 = LINE('',#51,#52);
#51 = CARTESIAN_POINT('',(-20.,-15.));
#52 = VECTOR('',#53,1.);
#53 = DIRECTION('',(1.,0.));
#54 = ( GEOMETRIC_REPRESENTATION_CONTEXT(2) 
PARAMETRIC_REPRESENTATION_CONTEXT() REPRESENTATION_CONTEXT('2D SPACE',''
  ) );
#55 = ORIENTED_EDGE('',*,*,#56,.T.);
#56 = EDGE_CURVE('',#22,#57,#59,.T.);
#57 = VERTEX_POINT('',#58);
#58 = CARTESIAN_POINT('',(-20.,0.,80.));
#59 = SURFACE_CURVE('',#60,(#64,#71),.PCURVE_S1.);
#60 = LINE('',#61,#62);
#61 = CARTESIAN_POINT('',(-20.,0.,0.));
#62 = VECTOR('',#63,1.);
#63 = DIRECTION('',(0.,0.,1.));
#64 = PCURVE('',#32,#65);
#65 = DEFINITIONAL_REPRESENTATION('',(#66),#70);
#66 = LINE('',#67,#68);
#67 = CARTESIAN_POINT('',(0.,0.));
#68 = VECTOR('',#69,1.);
#69 = DIRECTION('',(0.,-1.));
#70 = ( GEOMETRIC_REPRESENTATION_CONTEXT(2) 
PARAMETRIC_REPRESENTATION_CONTEXT() REPRESENTATION_CONTEXT('2D SPACE',''
  ) );
#71 = PCURVE('',#72,#77);
#72 = PLANE('',#73);
#73 = AXIS2_PLACEMENT_3D('',#74,#75,#76);
#74 = CARTESIAN_POINT('',(-20.,30.,0.));
#75 = DIRECTION('',(1.,0.,-0.));
#76 = DIRECTION('',(0.,-1.,0.));
#77 = DEFINITIONAL_REPRESENTATION('',(#78),#82);
#78 = LINE('',#79,#80);
#79 = CARTESIAN_POINT('',(30.,0.));
#80 = VECTOR('',#81,1.);
#81 = DIRECTION('',(0.,-1.));
#82 = ( GEOMETRIC_REPRESENTATION_CONTEXT(2) 
PARAMETRIC_REPRESENTATION_CONTEXT() REPRESENTATION_CONTEXT('2D SPACE',''
  ) );
#83 = ORIENTED_EDGE('',*,*,#84,.T.);
#84 = EDGE_CURVE('',#57,#85,#87,.T.);
#85 = VERTEX_POINT('',#86);
#86 = CARTESIAN_POINT('',(-9.009547224612,0.,80.));
#87 = SURFACE_CURVE('',#88,(#92,#99),.PCURVE_S1.);
#88 = LINE('',#89,#90);
#89 = CARTESIAN_POINT('',(-20.,0.,80.));
#90 = VECTOR('',#91,1.);
#91 = DIRECTION('',(1.,0.,0.));
#92 = PCURVE('',#32,#93);
#93 = DEFINITIONAL_REPRESENTATION('',(#94),#98);
#94 = LINE('',#95,#96);
#95 = CARTESIAN_POINT('',(0.,-80.));
#96 = VECTOR('',#97,1.);
#97 = DIRECTION('',(1.,0.));
#98 = ( GEOMETRIC_REPRESENTATION_CONTEXT(2) 
PARAMETRIC_REPRESENTATION_CONTEXT() REPRESENTATION_CONTEXT('2D SPACE',''
  ) );
#99 = PCURVE('',#100,#105);
#100 = PLANE('',#101);
#101 = AXIS2_PLACEMENT_3D('',#102,#103,#104);
#102 = CARTESIAN_POINT('',(0.,15.,80.));
#103 = DIRECTION('',(0.,0.,1.));
#104 = DIRECTION('',(1.,0.,-0.));
#105 = DEFINITIONAL_REPRESENTATION('',(#106),#110);
#106 = LINE('',#107,#108);
#107 = CARTESIAN_POINT('',(-20.,-15.));
#108 = VECTOR('',#109,1.);
#109 = DIRECTION('',(1.,0.));
#110 = ( GEOMETRIC_REPRESENTATION_CONTEXT(2) 
PARAMETRIC_REPRESENTATION_CONTEXT() REPRESENTATION_CONTEXT('2D SPACE',''
  ) );
#111 = ORIENTED_EDGE('',*,*,#112,.F.);
#112 = EDGE_CURVE('',#113,#85,#115,.T.);
#113 = VERTEX_POINT('',#114);
#114 = CARTESIAN_POINT('',(-8.584728592395,-7.918423988396E-18,10.));
#115 = SURFACE_CURVE('',#116,(#122,#131),.PCURVE_S1.);
#116 = B_SPLINE_CURVE_WITH_KNOTS('',4,(#117,#118,#119,#120,#121),
  .UNSPECIFIED.,.F.,.F.,(5,5),(0.,1.),.PIECEWISE_BEZIER_KNOTS.);
#117 = CARTESIAN_POINT('',(-8.584728592395,0.,10.));
#118 = CARTESIAN_POINT('',(-8.690874065158,0.,27.500000330247));
#119 = CARTESIAN_POINT('',(-8.797060135408,0.,45.00000043443));
#120 = CARTESIAN_POINT('',(-8.903285044782,0.,62.500000321619));
#121 = CARTESIAN_POINT('',(-9.009547224612,0.,80.));
#122 = PCURVE('',#32,#123);
#123 = DEFINITIONAL_REPRESENTATION('',(#124),#130);
#124 = B_SPLINE_CURVE_WITH_KNOTS('',4,(#125,#126,#127,#128,#129),
  .UNSPECIFIED.,.F.,.F.,(5,5),(0.,1.),.PIECEWISE_BEZIER_KNOTS.);
#125 = CARTESIAN_POINT('',(11.415271407605,-10.));
#126 = CARTESIAN_POINT('',(11.309125934842,-27.50000033024));
#127 = CARTESIAN_POINT('',(11.202939864592,-45.00000043443));
#128 = CARTESIAN_POINT('',(11.096714955218,-62.50000032161));
#129 = CARTESIAN_POINT('',(10.990452775388,-80.));
#130 = ( GEOMETRIC_REPRESENTATION_CONTEXT(2) 
PARAMETRIC_REPRESENTATION_CONTEXT() REPRESENTATION_CONTEXT('2D SPACE',''
  ) );
#131 = PCURVE('',#132,#137);
#132 = B_SPLINE_SURFACE_WITH_KNOTS('',1,1,(
    (#133,#134)
    ,(#135,#136
    )),.UNSPECIFIED.,.F.,.F.,.F.,(2,2),(2,2),(0.,6.090155991434),(0.,1.)
  ,.PIECEWISE_BEZIER_KNOTS.);
#133 = CARTESIAN_POINT('',(-8.293466456472,-0.5,10.));
#134 = CARTESIAN_POINT('',(-8.729564430431,-0.5,80.5));
#135 = CARTESIAN_POINT('',(-11.29346645647,4.65,10.));
#136 = CARTESIAN_POINT('',(-11.72956443043,4.8,80.5));
#137 = DEFINITIONAL_REPRESENTATION('',(#138),#144);
#138 = B_SPLINE_CURVE_WITH_KNOTS('',4,(#139,#140,#141,#142,#143),
  .UNSPECIFIED.,.F.,.F.,(5,5),(0.,1.),.PIECEWISE_BEZIER_KNOTS.);
#139 = CARTESIAN_POINT('',(0.591277280722,0.));
#140 = CARTESIAN_POINT('',(0.587002398421,0.248226955039));
#141 = CARTESIAN_POINT('',(0.582809933921,0.496453906871));
#142 = CARTESIAN_POINT('',(0.578696317722,0.744680855626));
#143 = CARTESIAN_POINT('',(0.57465836502,0.992907801418));
#144 = ( GEOMETRIC_REPRESENTATION_CONTEXT(2) 
PARAMETRIC_REPRESENTATION_CONTEXT() REPRESENTATION_CONTEXT('2D SPACE',''
  ) );
#145 = ORIENTED_EDGE('',*,*,#146,.T.);
#146 = EDGE_CURVE('',#113,#147,#149,.T.);
#147 = VERTEX_POINT('',#148);
#148 = CARTESIAN_POINT('',(8.584728592395,-3.481404228326E-16,10.));
#149 = SURFACE_CURVE('',#150,(#154,#160),.PCURVE_S1.);
#150 = LINE('',#151,#152);
#151 = CARTESIAN_POINT('',(-14.14673322823,0.,10.));
#152 = VECTOR('',#153,1.);
#153 = DIRECTION('',(1.,0.,-0.));
#154 = PCURVE('',#32,#155);
#155 = DEFINITIONAL_REPRESENTATION('',(#156),#159);
#156 = B_SPLINE_CURVE_WITH_KNOTS('',1,(#157,#158),.UNSPECIFIED.,.F.,.F.,
  (2,2),(4.0758931067,24.341843656839),.PIECEWISE_BEZIER_KNOTS.);
#157 = CARTESIAN_POINT('',(9.929159878464,-10.));
#158 = CARTESIAN_POINT('',(30.195110428603,-10.));
#159 = ( GEOMETRIC_REPRESENTATION_CONTEXT(2) 
PARAMETRIC_REPRESENTATION_CONTEXT() REPRESENTATION_CONTEXT('2D SPACE',''
  ) );
#160 = PCURVE('',#161,#166);
#161 = PLANE('',#162);
#162 = AXIS2_PLACEMENT_3D('',#163,#164,#165);
#163 = CARTESIAN_POINT('',(-8.293466456472,-0.5,10.));
#164 = DIRECTION('',(0.,-0.,1.));
#165 = DIRECTION('',(0.967128665837,0.254287521747,0.));
#166 = DEFINITIONAL_REPRESENTATION('',(#167),#170);
#167 = B_SPLINE_CURVE_WITH_KNOTS('',1,(#168,#169),.UNSPECIFIED.,.F.,.F.,
  (2,2),(4.0758931067,24.341843656839),.PIECEWISE_BEZIER_KNOTS.);
#168 = CARTESIAN_POINT('',(-1.591805260513,0.935528277426));
#169 = CARTESIAN_POINT('',(18.007976456961,-4.217850063819));
#170 = ( GEOMETRIC_REPRESENTATION_CONTEXT(2) 
PARAMETRIC_REPRESENTATION_CONTEXT() REPRESENTATION_CONTEXT('2D SPACE',''
  ) );
#171 = ORIENTED_EDGE('',*,*,#172,.T.);
#172 = EDGE_CURVE('',#147,#173,#175,.T.);
#173 = VERTEX_POINT('',#174);
#174 = CARTESIAN_POINT('',(9.009547224612,0.,80.));
#175 = SURFACE_CURVE('',#176,(#182,#191),.PCURVE_S1.);
#176 = B_SPLINE_CURVE_WITH_KNOTS('',4,(#177,#178,#179,#180,#181),
  .UNSPECIFIED.,.F.,.F.,(5,5),(0.,1.),.PIECEWISE_BEZIER_KNOTS.);
#177 = CARTESIAN_POINT('',(8.584728592395,0.,10.));
#178 = CARTESIAN_POINT('',(8.690874065158,0.,27.500000330247));
#179 = CARTESIAN_POINT('',(8.797060135408,0.,45.00000043443));
#180 = CARTESIAN_POINT('',(8.903285044782,0.,62.500000321619));
#181 = CARTESIAN_POINT('',(9.009547224612,0.,80.));
#182 = PCURVE('',#32,#183);
#183 = DEFINITIONAL_REPRESENTATION('',(#184),#190);
#184 = B_SPLINE_CURVE_WITH_KNOTS('',4,(#185,#186,#187,#188,#189),
  .UNSPECIFIED.,.F.,.F.,(5,5),(0.,1.),.PIECEWISE_BEZIER_KNOTS.);
#185 = CARTESIAN_POINT('',(28.584728592395,-10.));
#186 = CARTESIAN_POINT('',(28.690874065158,-27.50000033024));
#187 = CARTESIAN_POINT('',(28.797060135408,-45.00000043443));
#188 = CARTESIAN_POINT('',(28.903285044782,-62.50000032161));
#189 = CARTESIAN_POINT('',(29.009547224612,-80.));
#190 = ( GEOMETRIC_REPRESENTATION_CONTEXT(2) 
PARAMETRIC_REPRESENTATION_CONTEXT() REPRESENTATION_CONTEXT('2D SPACE',''
  ) );
#191 = PCURVE('',#192,#197);
#192 = B_SPLINE_SURFACE_WITH_KNOTS('',1,1,(
    (#193,#194)
    ,(#195,#196
    )),.UNSPECIFIED.,.F.,.F.,.F.,(2,2),(2,2),(0.,6.090155991434),(0.,1.)
  ,.PIECEWISE_BEZIER_KNOTS.);
#193 = CARTESIAN_POINT('',(11.293466456472,4.65,10.));
#194 = CARTESIAN_POINT('',(11.729564430431,4.8,80.5));
#195 = CARTESIAN_POINT('',(8.293466456472,-0.5,10.));
#196 = CARTESIAN_POINT('',(8.729564430431,-0.5,80.5));
#197 = DEFINITIONAL_REPRESENTATION('',(#198),#204);
#198 = B_SPLINE_CURVE_WITH_KNOTS('',4,(#199,#200,#201,#202,#203),
  .UNSPECIFIED.,.F.,.F.,(5,5),(0.,1.),.PIECEWISE_BEZIER_KNOTS.);
#199 = CARTESIAN_POINT('',(5.498878710712,0.));
#200 = CARTESIAN_POINT('',(5.503153593013,0.248226955039));
#201 = CARTESIAN_POINT('',(5.507346057513,0.496453906871));
#202 = CARTESIAN_POINT('',(5.511459673712,0.744680855626));
#203 = CARTESIAN_POINT('',(5.515497626414,0.992907801418));
#204 = ( GEOMETRIC_REPRESENTATION_CONTEXT(2) 
PARAMETRIC_REPRESENTATION_CONTEXT() REPRESENTATION_CONTEXT('2D SPACE',''
  ) );
#205 = ORIENTED_EDGE('',*,*,#206,.T.);
#206 = EDGE_CURVE('',#173,#207,#209,.T.);
#207 = VERTEX_POINT('',#208);
#208 = CARTESIAN_POINT('',(20.,0.,80.));
#209 = SURFACE_CURVE('',#210,(#214,#221),.PCURVE_S1.);
#210 = LINE('',#211,#212);
#211 = CARTESIAN_POINT('',(-20.,0.,80.));
#212 = VECTOR('',#213,1.);
#213 = DIRECTION('',(1.,0.,0.));
#214 = PCURVE('',#32,#215);
#215 = DEFINITIONAL_REPRESENTATION('',(#216),#220);
#216 = LINE('',#217,#218);
#217 = CARTESIAN_POINT('',(0.,-80.));
#218 = VECTOR('',#219,1.);
#219 = DIRECTION('',(1.,0.));
#220 = ( GEOMETRIC_REPRESENTATION_CONTEXT(2) 
PARAMETRIC_REPRESENTATION_CONTEXT() REPRESENTATION_CONTEXT('2D SPACE',''
  ) );
#221 = PCURVE('',#100,#222);
#222 = DEFINITIONAL_REPRESENTATION('',(#223),#227);
#223 = LINE('',#224,#225);
#224 = CARTESIAN_POINT('',(-20.,-15.));
#225 = VECTOR('',#226,1.);
#226 = DIRECTION('',(1.,0.));
#227 = ( GEOMETRIC_REPRESENTATION_CONTEXT(2) 
PARAMETRIC_REPRESENTATION_CONTEXT() REPRESENTATION_CONTEXT('2D SPACE',''
  ) );
#228 = ORIENTED_EDGE('',*,*,#229,.F.);
#229 = EDGE_CURVE('',#24,#207,#230,.T.);
#230 = SURFACE_CURVE('',#231,(#235,#242),.PCURVE_S1.);
#231 = LINE('',#232,#233);
#232 = CARTESIAN_POINT('',(20.,0.,0.));
#233 = VECTOR('',#234,1.);
#234 = DIRECTION('',(0.,0.,1.));
#235 = PCURVE('',#32,#236);
#236 = DEFINITIONAL_REPRESENTATION('',(#237),#241);
#237 = LINE('',#238,#239);
#238 = CARTESIAN_POINT('',(40.,0.));
#239 = VECTOR('',#240,1.);
#240 = DIRECTION('',(0.,-1.));
#241 = ( GEOMETRIC_REPRESENTATION_CONTEXT(2) 
PARAMETRIC_REPRESENTATION_CONTEXT() REPRESENTATION_CONTEXT('2D SPACE',''
  ) );
#242 = PCURVE('',#243,#248);
#243 = PLANE('',#244);
#244 = AXIS2_PLACEMENT_3D('',#245,#246,#247);
#245 = CARTESIAN_POINT('',(20.,0.,0.));
#246 = DIRECTION('',(-1.,0.,0.));
#247 = DIRECTION('',(0.,1.,0.));
#248 = DEFINITIONAL_REPRESENTATION('',(#249),#253);
#249 = LINE('',#250,#251);
#250 = CARTESIAN_POINT('',(0.,0.));
#251 = VECTOR('',#252,1.);
#252 = DIRECTION('',(0.,-1.));
#253 = ( GEOMETRIC_REPRESENTATION_CONTEXT(2) 
PARAMETRIC_REPRESENTATION_CONTEXT() REPRESENTATION_CONTEXT('2D SPACE',''
  ) );
#254 = ADVANCED_FACE('',(#255),#44,.F.);
#255 = FACE_BOUND('',#256,.F.);
#256 = EDGE_LOOP('',(#257,#258,#281,#309));
#257 = ORIENTED_EDGE('',*,*,#21,.T.);
#258 = ORIENTED_EDGE('',*,*,#259,.T.);
#259 = EDGE_CURVE('',#24,#260,#262,.T.);
#260 = VERTEX_POINT('',#261);
#261 = CARTESIAN_POINT('',(20.,30.,0.));
#262 = SURFACE_CURVE('',#263,(#267,#274),.PCURVE_S1.);
#263 = LINE('',#264,#265);
#264 = CARTESIAN_POINT('',(20.,0.,0.));
#265 = VECTOR('',#266,1.);
#266 = DIRECTION('',(0.,1.,0.));
#267 = PCURVE('',#44,#268);
#268 = DEFINITIONAL_REPRESENTATION('',(#269),#273);
#269 = LINE('',#270,#271);
#270 = CARTESIAN_POINT('',(20.,-15.));
#271 = VECTOR('',#272,1.);
#272 = DIRECTION('',(0.,1.));
#273 = ( GEOMETRIC_REPRESENTATION_CONTEXT(2) 
PARAMETRIC_REPRESENTATION_CONTEXT() REPRESENTATION_CONTEXT('2D SPACE',''
  ) );
#274 = PCURVE('',#243,#275);
#275 = DEFINITIONAL_REPRESENTATION('',(#276),#280);
#276 = LINE('',#277,#278);
#277 = CARTESIAN_POINT('',(0.,0.));
#278 = VECTOR('',#279,1.);
#279 = DIRECTION('',(1.,0.));
#280 = ( GEOMETRIC_REPRESENTATION_CONTEXT(2) 
PARAMETRIC_REPRESENTATION_CONTEXT() REPRESENTATION_CONTEXT('2D SPACE',''
  ) );
#281 = ORIENTED_EDGE('',*,*,#282,.T.);
#282 = EDGE_CURVE('',#260,#283,#285,.T.);
#283 = VERTEX_POINT('',#284);
#284 = CARTESIAN_POINT('',(-20.,30.,0.));
#285 = SURFACE_CURVE('',#286,(#290,#297),.PCURVE_S1.);
#286 = LINE('',#287,#288);
#287 = CARTESIAN_POINT('',(20.,30.,0.));
#288 = VECTOR('',#289,1.);
#289 = DIRECTION('',(-1.,0.,0.));
#290 = PCURVE('',#44,#291);
#291 = DEFINITIONAL_REPRESENTATION('',(#292),#296);
#292 = LINE('',#293,#294);
#293 = CARTESIAN_POINT('',(20.,15.));
#294 = VECTOR('',#295,1.);
#295 = DIRECTION('',(-1.,0.));
#296 = ( GEOMETRIC_REPRESENTATION_CONTEXT(2) 
PARAMETRIC_REPRESENTATION_CONTEXT() REPRESENTATION_CONTEXT('2D SPACE',''
  ) );
#297 = PCURVE('',#298,#303);
#298 = PLANE('',#299);
#299 = AXIS2_PLACEMENT_3D('',#300,#301,#302);
#300 = CARTESIAN_POINT('',(20.,30.,0.));
#301 = DIRECTION('',(0.,-1.,0.));
#302 = DIRECTION('',(-1.,0.,0.));
#303 = DEFINITIONAL_REPRESENTATION('',(#304),#308);
#304 = LINE('',#305,#306);
#305 = CARTESIAN_POINT('',(0.,-0.));
#306 = VECTOR('',#307,1.);
#307 = DIRECTION('',(1.,0.));
#308 = ( GEOMETRIC_REPRESENTATION_CONTEXT(2) 
PARAMETRIC_REPRESENTATION_CONTEXT() REPRESENTATION_CONTEXT('2D SPACE',''
  ) );
#309 = ORIENTED_EDGE('',*,*,#310,.T.);
#310 = EDGE_CURVE('',#283,#22,#311,.T.);
#311 = SURFACE_CURVE('',#312,(#316,#323),.PCURVE_S1.);
#312 = LINE('',#313,#314);
#313 = CARTESIAN_POINT('',(-20.,30.,0.));
#314 = VECTOR('',#315,1.);
#315 = DIRECTION('',(0.,-1.,0.));
#316 = PCURVE('',#44,#317);
#317 = DEFINITIONAL_REPRESENTATION('',(#318),#322);
#318 = LINE('',#319,#320);
#319 = CARTESIAN_POINT('',(-20.,15.));
#320 = VECTOR('',#321,1.);
#321 = DIRECTION('',(0.,-1.));
#322 = ( GEOMETRIC_REPRESENTATION_CONTEXT(2) 
PARAMETRIC_REPRESENTATION_CONTEXT() REPRESENTATION_CONTEXT('2D SPACE',''
  ) );
#323 = PCURVE('',#72,#324);
#324 = DEFINITIONAL_REPRESENTATION('',(#325),#329);
#325 = LINE('',#326,#327);
#326 = CARTESIAN_POINT('',(0.,0.));
#327 = VECTOR('',#328,1.);
#328 = DIRECTION('',(1.,0.));
#329 = ( GEOMETRIC_REPRESENTATION_CONTEXT(2) 
PARAMETRIC_REPRESENTATION_CONTEXT() REPRESENTATION_CONTEXT('2D SPACE',''
  ) );
#330 = ADVANCED_FACE('',(#331),#243,.F.);
#331 = FACE_BOUND('',#332,.F.);
#332 = EDGE_LOOP('',(#333,#334,#357,#378));
#333 = ORIENTED_EDGE('',*,*,#229,.T.);
#334 = ORIENTED_EDGE('',*,*,#335,.T.);
#335 = EDGE_CURVE('',#207,#336,#338,.T.);
#336 = VERTEX_POINT('',#337);
#337 = CARTESIAN_POINT('',(20.,30.,80.));
#338 = SURFACE_CURVE('',#339,(#343,#350),.PCURVE_S1.);
#339 = LINE('',#340,#341);
#340 = CARTESIAN_POINT('',(20.,0.,80.));
#341 = VECTOR('',#342,1.);
#342 = DIRECTION('',(0.,1.,0.));
#343 = PCURVE('',#243,#344);
#344 = DEFINITIONAL_REPRESENTATION('',(#345),#349);
#345 = LINE('',#346,#347);
#346 = CARTESIAN_POINT('',(0.,-80.));
#347 = VECTOR('',#348,1.);
#348 = DIRECTION('',(1.,0.));
#349 = ( GEOMETRIC_REPRESENTATION_CONTEXT(2) 
PARAMETRIC_REPRESENTATION_CONTEXT() REPRESENTATION_CONTEXT('2D SPACE',''
  ) );
#350 = PCURVE('',#100,#351);
#351 = DEFINITIONAL_REPRESENTATION('',(#352),#356);
#352 = LINE('',#353,#354);
#353 = CARTESIAN_POINT('',(20.,-15.));
#354 = VECTOR('',#355,1.);
#355 = DIRECTION('',(0.,1.));
#356 = ( GEOMETRIC_REPRESENTATION_CONTEXT(2) 
PARAMETRIC_REPRESENTATION_CONTEXT() REPRESENTATION_CONTEXT('2D SPACE',''
  ) );
#357 = ORIENTED_EDGE('',*,*,#358,.F.);
#358 = EDGE_CURVE('',#260,#336,#359,.T.);
#359 = SURFACE_CURVE('',#360,(#364,#371),.PCURVE_S1.);
#360 = LINE('',#361,#362);
#361 = CARTESIAN_POINT('',(20.,30.,0.));
#362 = VECTOR('',#363,1.);
#363 = DIRECTION('',(0.,0.,1.));
#364 = PCURVE('',#243,#365);
#365 = DEFINITIONAL_REPRESENTATION('',(#366),#370);
#366 = LINE('',#367,#368);
#367 = CARTESIAN_POINT('',(30.,0.));
#368 = VECTOR('',#369,1.);
#369 = DIRECTION('',(0.,-1.));
#370 = ( GEOMETRIC_REPRESENTATION_CONTEXT(2) 
PARAMETRIC_REPRESENTATION_CONTEXT() REPRESENTATION_CONTEXT('2D SPACE',''
  ) );
#371 = PCURVE('',#298,#372);
#372 = DEFINITIONAL_REPRESENTATION('',(#373),#377);
#373 = LINE('',#374,#375);
#374 = CARTESIAN_POINT('',(0.,-0.));
#375 = VECTOR('',#376,1.);
#376 = DIRECTION('',(0.,-1.));
#377 = ( GEOMETRIC_REPRESENTATION_CONTEXT(2) 
PARAMETRIC_REPRESENTATION_CONTEXT() REPRESENTATION_CONTEXT('2D SPACE',''
  ) );
#378 = ORIENTED_EDGE('',*,*,#259,.F.);
#379 = ADVANCED_FACE('',(#380),#100,.T.);
#380 = FACE_BOUND('',#381,.T.);
#381 = EDGE_LOOP('',(#382,#405,#406,#426,#451,#469,#470,#471));
#382 = ORIENTED_EDGE('',*,*,#383,.T.);
#383 = EDGE_CURVE('',#384,#57,#386,.T.);
#384 = VERTEX_POINT('',#385);
#385 = CARTESIAN_POINT('',(-20.,30.,80.));
#386 = SURFACE_CURVE('',#387,(#391,#398),.PCURVE_S1.);
#387 = LINE('',#388,#389);
#388 = CARTESIAN_POINT('',(-20.,30.,80.));
#389 = VECTOR('',#390,1.);
#390 = DIRECTION('',(0.,-1.,0.));
#391 = PCURVE('',#100,#392);
#392 = DEFINITIONAL_REPRESENTATION('',(#393),#397);
#393 = LINE('',#394,#395);
#394 = CARTESIAN_POINT('',(-20.,15.));
#395 = VECTOR('',#396,1.);
#396 = DIRECTION('',(0.,-1.));
#397 = ( GEOMETRIC_REPRESENTATION_CONTEXT(2) 
PARAMETRIC_REPRESENTATION_CONTEXT() REPRESENTATION_CONTEXT('2D SPACE',''
  ) );
#398 = PCURVE('',#72,#399);
#399 = DEFINITIONAL_REPRESENTATION('',(#400),#404);
#400 = LINE('',#401,#402);
#401 = CARTESIAN_POINT('',(0.,-80.));
#402 = VECTOR('',#403,1.);
#403 = DIRECTION('',(1.,0.));
#404 = ( GEOMETRIC_REPRESENTATION_CONTEXT(2) 
PARAMETRIC_REPRESENTATION_CONTEXT() REPRESENTATION_CONTEXT('2D SPACE',''
  ) );
#405 = ORIENTED_EDGE('',*,*,#84,.T.);
#406 = ORIENTED_EDGE('',*,*,#407,.F.);
#407 = EDGE_CURVE('',#408,#85,#410,.T.);
#408 = VERTEX_POINT('',#409);
#409 = CARTESIAN_POINT('',(-11.72647153699,4.798936170213,80.));
#410 = SURFACE_CURVE('',#411,(#414,#420),.PCURVE_S1.);
#411 = B_SPLINE_CURVE_WITH_KNOTS('',1,(#412,#413),.UNSPECIFIED.,.F.,.F.,
  (2,2),(0.,1.),.PIECEWISE_BEZIER_KNOTS.);
#412 = CARTESIAN_POINT('',(-11.72647153699,4.798936170213,80.));
#413 = CARTESIAN_POINT('',(-9.009547224612,0.,80.));
#414 = PCURVE('',#100,#415);
#415 = DEFINITIONAL_REPRESENTATION('',(#416),#419);
#416 = B_SPLINE_CURVE_WITH_KNOTS('',1,(#417,#418),.UNSPECIFIED.,.F.,.F.,
  (2,2),(0.,1.),.PIECEWISE_BEZIER_KNOTS.);
#417 = CARTESIAN_POINT('',(-11.72647153699,-10.20106382978));
#418 = CARTESIAN_POINT('',(-9.009547224612,-15.));
#419 = ( GEOMETRIC_REPRESENTATION_CONTEXT(2) 
PARAMETRIC_REPRESENTATION_CONTEXT() REPRESENTATION_CONTEXT('2D SPACE',''
  ) );
#420 = PCURVE('',#132,#421);
#421 = DEFINITIONAL_REPRESENTATION('',(#422),#425);
#422 = B_SPLINE_CURVE_WITH_KNOTS('',1,(#423,#424),.UNSPECIFIED.,.F.,.F.,
  (2,2),(0.,1.),.PIECEWISE_BEZIER_KNOTS.);
#423 = CARTESIAN_POINT('',(6.090155991434,0.992907801418));
#424 = CARTESIAN_POINT('',(0.574658364982,0.992907801418));
#425 = ( GEOMETRIC_REPRESENTATION_CONTEXT(2) 
PARAMETRIC_REPRESENTATION_CONTEXT() REPRESENTATION_CONTEXT('2D SPACE',''
  ) );
#426 = ORIENTED_EDGE('',*,*,#427,.F.);
#427 = EDGE_CURVE('',#428,#408,#430,.T.);
#428 = VERTEX_POINT('',#429);
#429 = CARTESIAN_POINT('',(11.726471536999,4.798936170213,80.));
#430 = SURFACE_CURVE('',#431,(#434,#440),.PCURVE_S1.);
#431 = B_SPLINE_CURVE_WITH_KNOTS('',1,(#432,#433),.UNSPECIFIED.,.F.,.F.,
  (2,2),(0.,1.),.PIECEWISE_BEZIER_KNOTS.);
#432 = CARTESIAN_POINT('',(11.726471536999,4.798936170213,80.));
#433 = CARTESIAN_POINT('',(-11.72647153699,4.798936170213,80.));
#434 = PCURVE('',#100,#435);
#435 = DEFINITIONAL_REPRESENTATION('',(#436),#439);
#436 = B_SPLINE_CURVE_WITH_KNOTS('',1,(#437,#438),.UNSPECIFIED.,.F.,.F.,
  (2,2),(0.,1.),.PIECEWISE_BEZIER_KNOTS.);
#437 = CARTESIAN_POINT('',(11.726471536999,-10.20106382978));
#438 = CARTESIAN_POINT('',(-11.72647153699,-10.20106382978));
#439 = ( GEOMETRIC_REPRESENTATION_CONTEXT(2) 
PARAMETRIC_REPRESENTATION_CONTEXT() REPRESENTATION_CONTEXT('2D SPACE',''
  ) );
#440 = PCURVE('',#441,#446);
#441 = B_SPLINE_SURFACE_WITH_KNOTS('',1,1,(
    (#442,#443)
    ,(#444,#445
    )),.UNSPECIFIED.,.F.,.F.,.F.,(2,2),(2,2),(0.,23.459128860863),(0.,1.
    ),.PIECEWISE_BEZIER_KNOTS.);
#442 = CARTESIAN_POINT('',(-11.29346645647,4.65,10.));
#443 = CARTESIAN_POINT('',(-11.72956443043,4.8,80.5));
#444 = CARTESIAN_POINT('',(11.293466456472,4.65,10.));
#445 = CARTESIAN_POINT('',(11.729564430431,4.8,80.5));
#446 = DEFINITIONAL_REPRESENTATION('',(#447),#450);
#447 = B_SPLINE_CURVE_WITH_KNOTS('',1,(#448,#449),.UNSPECIFIED.,.F.,.F.,
  (2,2),(0.,1.),.PIECEWISE_BEZIER_KNOTS.);
#448 = CARTESIAN_POINT('',(23.459128860863,0.992907801418));
#449 = CARTESIAN_POINT('',(0.,0.992907801418));
#450 = ( GEOMETRIC_REPRESENTATION_CONTEXT(2) 
PARAMETRIC_REPRESENTATION_CONTEXT() REPRESENTATION_CONTEXT('2D SPACE',''
  ) );
#451 = ORIENTED_EDGE('',*,*,#452,.F.);
#452 = EDGE_CURVE('',#173,#428,#453,.T.);
#453 = SURFACE_CURVE('',#454,(#457,#463),.PCURVE_S1.);
#454 = B_SPLINE_CURVE_WITH_KNOTS('',1,(#455,#456),.UNSPECIFIED.,.F.,.F.,
  (2,2),(0.,1.),.PIECEWISE_BEZIER_KNOTS.);
#455 = CARTESIAN_POINT('',(9.009547224612,0.,80.));
#456 = CARTESIAN_POINT('',(11.726471536999,4.798936170213,80.));
#457 = PCURVE('',#100,#458);
#458 = DEFINITIONAL_REPRESENTATION('',(#459),#462);
#459 = B_SPLINE_CURVE_WITH_KNOTS('',1,(#460,#461),.UNSPECIFIED.,.F.,.F.,
  (2,2),(0.,1.),.PIECEWISE_BEZIER_KNOTS.);
#460 = CARTESIAN_POINT('',(9.009547224612,-15.));
#461 = CARTESIAN_POINT('',(11.726471536999,-10.20106382978));
#462 = ( GEOMETRIC_REPRESENTATION_CONTEXT(2) 
PARAMETRIC_REPRESENTATION_CONTEXT() REPRESENTATION_CONTEXT('2D SPACE',''
  ) );
#463 = PCURVE('',#192,#464);
#464 = DEFINITIONAL_REPRESENTATION('',(#465),#468);
#465 = B_SPLINE_CURVE_WITH_KNOTS('',1,(#466,#467),.UNSPECIFIED.,.F.,.F.,
  (2,2),(0.,1.),.PIECEWISE_BEZIER_KNOTS.);
#466 = CARTESIAN_POINT('',(5.515497626452,0.992907801418));
#467 = CARTESIAN_POINT('',(0.,0.992907801418));
#468 = ( GEOMETRIC_REPRESENTATION_CONTEXT(2) 
PARAMETRIC_REPRESENTATION_CONTEXT() REPRESENTATION_CONTEXT('2D SPACE',''
  ) );
#469 = ORIENTED_EDGE('',*,*,#206,.T.);
#470 = ORIENTED_EDGE('',*,*,#335,.T.);
#471 = ORIENTED_EDGE('',*,*,#472,.T.);
#472 = EDGE_CURVE('',#336,#384,#473,.T.);
#473 = SURFACE_CURVE('',#474,(#478,#485),.PCURVE_S1.);
#474 = LINE('',#475,#476);
#475 = CARTESIAN_POINT('',(20.,30.,80.));
#476 = VECTOR('',#477,1.);
#477 = DIRECTION('',(-1.,0.,0.));
#478 = PCURVE('',#100,#479);
#479 = DEFINITIONAL_REPRESENTATION('',(#480),#484);
#480 = LINE('',#481,#482);
#481 = CARTESIAN_POINT('',(20.,15.));
#482 = VECTOR('',#483,1.);
#483 = DIRECTION('',(-1.,0.));
#484 = ( GEOMETRIC_REPRESENTATION_CONTEXT(2) 
PARAMETRIC_REPRESENTATION_CONTEXT() REPRESENTATION_CONTEXT('2D SPACE',''
  ) );
#485 = PCURVE('',#298,#486);
#486 = DEFINITIONAL_REPRESENTATION('',(#487),#491);
#487 = LINE('',#488,#489);
#488 = CARTESIAN_POINT('',(0.,-80.));
#489 = VECTOR('',#490,1.);
#490 = DIRECTION('',(1.,0.));
#491 = ( GEOMETRIC_REPRESENTATION_CONTEXT(2) 
PARAMETRIC_REPRESENTATION_CONTEXT() REPRESENTATION_CONTEXT('2D SPACE',''
  ) );
#492 = ADVANCED_FACE('',(#493),#192,.T.);
#493 = FACE_BOUND('',#494,.T.);
#494 = EDGE_LOOP('',(#495,#517,#537,#538));
#495 = ORIENTED_EDGE('',*,*,#496,.F.);
#496 = EDGE_CURVE('',#497,#428,#499,.T.);
#497 = VERTEX_POINT('',#498);
#498 = CARTESIAN_POINT('',(11.293466456472,4.65,10.));
#499 = SURFACE_CURVE('',#500,(#503,#510),.PCURVE_S1.);
#500 = B_SPLINE_CURVE_WITH_KNOTS('',1,(#501,#502),.UNSPECIFIED.,.F.,.F.,
  (2,2),(0.,1.),.PIECEWISE_BEZIER_KNOTS.);
#501 = CARTESIAN_POINT('',(11.293466456472,4.65,10.));
#502 = CARTESIAN_POINT('',(11.729564430431,4.8,80.5));
#503 = PCURVE('',#192,#504);
#504 = DEFINITIONAL_REPRESENTATION('',(#505),#509);
#505 = LINE('',#506,#507);
#506 = CARTESIAN_POINT('',(0.,0.));
#507 = VECTOR('',#508,1.);
#508 = DIRECTION('',(0.,1.));
#509 = ( GEOMETRIC_REPRESENTATION_CONTEXT(2) 
PARAMETRIC_REPRESENTATION_CONTEXT() REPRESENTATION_CONTEXT('2D SPACE',''
  ) );
#510 = PCURVE('',#441,#511);
#511 = DEFINITIONAL_REPRESENTATION('',(#512),#516);
#512 = LINE('',#513,#514);
#513 = CARTESIAN_POINT('',(23.459128860863,0.));
#514 = VECTOR('',#515,1.);
#515 = DIRECTION('',(0.,1.));
#516 = ( GEOMETRIC_REPRESENTATION_CONTEXT(2) 
PARAMETRIC_REPRESENTATION_CONTEXT() REPRESENTATION_CONTEXT('2D SPACE',''
  ) );
#517 = ORIENTED_EDGE('',*,*,#518,.T.);
#518 = EDGE_CURVE('',#497,#147,#519,.T.);
#519 = SURFACE_CURVE('',#520,(#524,#530),.PCURVE_S1.);
#520 = LINE('',#521,#522);
#521 = CARTESIAN_POINT('',(11.293466456472,4.65,10.));
#522 = VECTOR('',#523,1.);
#523 = DIRECTION('',(-0.503349328134,-0.864083013296,0.));
#524 = PCURVE('',#192,#525);
#525 = DEFINITIONAL_REPRESENTATION('',(#526),#529);
#526 = B_SPLINE_CURVE_WITH_KNOTS('',1,(#527,#528),.UNSPECIFIED.,.F.,.F.,
  (2,2),(0.,5.960075502877),.PIECEWISE_BEZIER_KNOTS.);
#527 = CARTESIAN_POINT('',(0.,0.));
#528 = CARTESIAN_POINT('',(6.090155991434,0.));
#529 = ( GEOMETRIC_REPRESENTATION_CONTEXT(2) 
PARAMETRIC_REPRESENTATION_CONTEXT() REPRESENTATION_CONTEXT('2D SPACE',''
  ) );
#530 = PCURVE('',#161,#531);
#531 = DEFINITIONAL_REPRESENTATION('',(#532),#536);
#532 = LINE('',#533,#534);
#533 = CARTESIAN_POINT('',(20.252665032933,2.248226121283E-16));
#534 = VECTOR('',#535,1.);
#535 = DIRECTION('',(-0.706529092203,-0.707683998597));
#536 = ( GEOMETRIC_REPRESENTATION_CONTEXT(2) 
PARAMETRIC_REPRESENTATION_CONTEXT() REPRESENTATION_CONTEXT('2D SPACE',''
  ) );
#537 = ORIENTED_EDGE('',*,*,#172,.T.);
#538 = ORIENTED_EDGE('',*,*,#452,.T.);
#539 = ADVANCED_FACE('',(#540),#161,.T.);
#540 = FACE_BOUND('',#541,.T.);
#541 = EDGE_LOOP('',(#542,#564,#565,#566));
#542 = ORIENTED_EDGE('',*,*,#543,.F.);
#543 = EDGE_CURVE('',#113,#544,#546,.T.);
#544 = VERTEX_POINT('',#545);
#545 = CARTESIAN_POINT('',(-11.29346645647,4.65,10.));
#546 = SURFACE_CURVE('',#547,(#551,#558),.PCURVE_S1.);
#547 = LINE('',#548,#549);
#548 = CARTESIAN_POINT('',(-8.293466456472,-0.5,10.));
#549 = VECTOR('',#550,1.);
#550 = DIRECTION('',(-0.503349328134,0.864083013296,0.));
#551 = PCURVE('',#161,#552);
#552 = DEFINITIONAL_REPRESENTATION('',(#553),#557);
#553 = LINE('',#554,#555);
#554 = CARTESIAN_POINT('',(0.,0.));
#555 = VECTOR('',#556,1.);
#556 = DIRECTION('',(-0.267078036133,0.963674905046));
#557 = ( GEOMETRIC_REPRESENTATION_CONTEXT(2) 
PARAMETRIC_REPRESENTATION_CONTEXT() REPRESENTATION_CONTEXT('2D SPACE',''
  ) );
#558 = PCURVE('',#132,#559);
#559 = DEFINITIONAL_REPRESENTATION('',(#560),#563);
#560 = B_SPLINE_CURVE_WITH_KNOTS('',1,(#561,#562),.UNSPECIFIED.,.F.,.F.,
  (2,2),(0.,5.960075502877),.PIECEWISE_BEZIER_KNOTS.);
#561 = CARTESIAN_POINT('',(0.,0.));
#562 = CARTESIAN_POINT('',(6.090155991434,0.));
#563 = ( GEOMETRIC_REPRESENTATION_CONTEXT(2) 
PARAMETRIC_REPRESENTATION_CONTEXT() REPRESENTATION_CONTEXT('2D SPACE',''
  ) );
#564 = ORIENTED_EDGE('',*,*,#146,.T.);
#565 = ORIENTED_EDGE('',*,*,#518,.F.);
#566 = ORIENTED_EDGE('',*,*,#567,.F.);
#567 = EDGE_CURVE('',#544,#497,#568,.T.);
#568 = SURFACE_CURVE('',#569,(#573,#580),.PCURVE_S1.);
#569 = LINE('',#570,#571);
#570 = CARTESIAN_POINT('',(-11.29346645647,4.65,10.));
#571 = VECTOR('',#572,1.);
#572 = DIRECTION('',(1.,0.,0.));
#573 = PCURVE('',#161,#574);
#574 = DEFINITIONAL_REPRESENTATION('',(#575),#579);
#575 = LINE('',#576,#577);
#576 = CARTESIAN_POINT('',(-1.591805260513,5.743575194302));
#577 = VECTOR('',#578,1.);
#578 = DIRECTION('',(0.967128665837,-0.254287521747));
#579 = ( GEOMETRIC_REPRESENTATION_CONTEXT(2) 
PARAMETRIC_REPRESENTATION_CONTEXT() REPRESENTATION_CONTEXT('2D SPACE',''
  ) );
#580 = PCURVE('',#441,#581);
#581 = DEFINITIONAL_REPRESENTATION('',(#582),#585);
#582 = B_SPLINE_CURVE_WITH_KNOTS('',1,(#583,#584),.UNSPECIFIED.,.F.,.F.,
  (2,2),(0.,22.586932912944),.PIECEWISE_BEZIER_KNOTS.);
#583 = CARTESIAN_POINT('',(0.,0.));
#584 = CARTESIAN_POINT('',(23.459128860863,0.));
#585 = ( GEOMETRIC_REPRESENTATION_CONTEXT(2) 
PARAMETRIC_REPRESENTATION_CONTEXT() REPRESENTATION_CONTEXT('2D SPACE',''
  ) );
#586 = ADVANCED_FACE('',(#587),#132,.T.);
#587 = FACE_BOUND('',#588,.T.);
#588 = EDGE_LOOP('',(#589,#590,#591,#611));
#589 = ORIENTED_EDGE('',*,*,#112,.F.);
#590 = ORIENTED_EDGE('',*,*,#543,.T.);
#591 = ORIENTED_EDGE('',*,*,#592,.T.);
#592 = EDGE_CURVE('',#544,#408,#593,.T.);
#593 = SURFACE_CURVE('',#594,(#597,#604),.PCURVE_S1.);
#594 = B_SPLINE_CURVE_WITH_KNOTS('',1,(#595,#596),.UNSPECIFIED.,.F.,.F.,
  (2,2),(0.,1.),.PIECEWISE_BEZIER_KNOTS.);
#595 = CARTESIAN_POINT('',(-11.29346645647,4.65,10.));
#596 = CARTESIAN_POINT('',(-11.72956443043,4.8,80.5));
#597 = PCURVE('',#132,#598);
#598 = DEFINITIONAL_REPRESENTATION('',(#599),#603);
#599 = LINE('',#600,#601);
#600 = CARTESIAN_POINT('',(6.090155991434,0.));
#601 = VECTOR('',#602,1.);
#602 = DIRECTION('',(0.,1.));
#603 = ( GEOMETRIC_REPRESENTATION_CONTEXT(2) 
PARAMETRIC_REPRESENTATION_CONTEXT() REPRESENTATION_CONTEXT('2D SPACE',''
  ) );
#604 = PCURVE('',#441,#605);
#605 = DEFINITIONAL_REPRESENTATION('',(#606),#610);
#606 = LINE('',#607,#608);
#607 = CARTESIAN_POINT('',(0.,0.));
#608 = VECTOR('',#609,1.);
#609 = DIRECTION('',(0.,1.));
#610 = ( GEOMETRIC_REPRESENTATION_CONTEXT(2) 
PARAMETRIC_REPRESENTATION_CONTEXT() REPRESENTATION_CONTEXT('2D SPACE',''
  ) );
#611 = ORIENTED_EDGE('',*,*,#407,.T.);
#612 = ADVANCED_FACE('',(#613),#72,.F.);
#613 = FACE_BOUND('',#614,.F.);
#614 = EDGE_LOOP('',(#615,#636,#637,#638));
#615 = ORIENTED_EDGE('',*,*,#616,.T.);
#616 = EDGE_CURVE('',#283,#384,#617,.T.);
#617 = SURFACE_CURVE('',#618,(#622,#629),.PCURVE_S1.);
#618 = LINE('',#619,#620);
#619 = CARTESIAN_POINT('',(-20.,30.,0.));
#620 = VECTOR('',#621,1.);
#621 = DIRECTION('',(0.,0.,1.));
#622 = PCURVE('',#72,#623);
#623 = DEFINITIONAL_REPRESENTATION('',(#624),#628);
#624 = LINE('',#625,#626);
#625 = CARTESIAN_POINT('',(0.,0.));
#626 = VECTOR('',#627,1.);
#627 = DIRECTION('',(0.,-1.));
#628 = ( GEOMETRIC_REPRESENTATION_CONTEXT(2) 
PARAMETRIC_REPRESENTATION_CONTEXT() REPRESENTATION_CONTEXT('2D SPACE',''
  ) );
#629 = PCURVE('',#298,#630);
#630 = DEFINITIONAL_REPRESENTATION('',(#631),#635);
#631 = LINE('',#632,#633);
#632 = CARTESIAN_POINT('',(40.,0.));
#633 = VECTOR('',#634,1.);
#634 = DIRECTION('',(0.,-1.));
#635 = ( GEOMETRIC_REPRESENTATION_CONTEXT(2) 
PARAMETRIC_REPRESENTATION_CONTEXT() REPRESENTATION_CONTEXT('2D SPACE',''
  ) );
#636 = ORIENTED_EDGE('',*,*,#383,.T.);
#637 = ORIENTED_EDGE('',*,*,#56,.F.);
#638 = ORIENTED_EDGE('',*,*,#310,.F.);
#639 = ADVANCED_FACE('',(#640,#646,#681),#298,.F.);
#640 = FACE_BOUND('',#641,.F.);
#641 = EDGE_LOOP('',(#642,#643,#644,#645));
#642 = ORIENTED_EDGE('',*,*,#358,.T.);
#643 = ORIENTED_EDGE('',*,*,#472,.T.);
#644 = ORIENTED_EDGE('',*,*,#616,.F.);
#645 = ORIENTED_EDGE('',*,*,#282,.F.);
#646 = FACE_BOUND('',#647,.F.);
#647 = EDGE_LOOP('',(#648));
#648 = ORIENTED_EDGE('',*,*,#649,.T.);
#649 = EDGE_CURVE('',#650,#650,#652,.T.);
#650 = VERTEX_POINT('',#651);
#651 = CARTESIAN_POINT('',(-6.123233995737E-16,30.,67.5));
#652 = SURFACE_CURVE('',#653,(#658,#669),.PCURVE_S1.);
#653 = CIRCLE('',#654,2.5);
#654 = AXIS2_PLACEMENT_3D('',#655,#656,#657);
#655 = CARTESIAN_POINT('',(0.,30.,65.));
#656 = DIRECTION('',(0.,1.,0.));
#657 = DIRECTION('',(0.,-0.,1.));
#658 = PCURVE('',#298,#659);
#659 = DEFINITIONAL_REPRESENTATION('',(#660),#668);
#660 = ( BOUNDED_CURVE() B_SPLINE_CURVE(2,(#661,#662,#663,#664,#665,#666
,#667),.UNSPECIFIED.,.T.,.F.) B_SPLINE_CURVE_WITH_KNOTS((1,2,2,2,2,1),(
    -2.094395102393,0.,2.094395102393,4.188790204786,6.28318530718,
8.377580409573),.UNSPECIFIED.) CURVE() GEOMETRIC_REPRESENTATION_ITEM() 
RATIONAL_B_SPLINE_CURVE((1.,0.5,1.,0.5,1.,0.5,1.)) REPRESENTATION_ITEM(
  '') );
#661 = CARTESIAN_POINT('',(20.,-67.5));
#662 = CARTESIAN_POINT('',(15.669872981078,-67.5));
#663 = CARTESIAN_POINT('',(17.834936490539,-63.75));
#664 = CARTESIAN_POINT('',(20.,-60.));
#665 = CARTESIAN_POINT('',(22.165063509461,-63.75));
#666 = CARTESIAN_POINT('',(24.330127018922,-67.5));
#667 = CARTESIAN_POINT('',(20.,-67.5));
#668 = ( GEOMETRIC_REPRESENTATION_CONTEXT(2) 
PARAMETRIC_REPRESENTATION_CONTEXT() REPRESENTATION_CONTEXT('2D SPACE',''
  ) );
#669 = PCURVE('',#670,#675);
#670 = CYLINDRICAL_SURFACE('',#671,2.5);
#671 = AXIS2_PLACEMENT_3D('',#672,#673,#674);
#672 = CARTESIAN_POINT('',(0.,6.650736814442,65.));
#673 = DIRECTION('',(0.,1.,0.));
#674 = DIRECTION('',(0.,-0.,1.));
#675 = DEFINITIONAL_REPRESENTATION('',(#676),#680);
#676 = LINE('',#677,#678);
#677 = CARTESIAN_POINT('',(0.,23.349263185558));
#678 = VECTOR('',#679,1.);
#679 = DIRECTION('',(1.,0.));
#680 = ( GEOMETRIC_REPRESENTATION_CONTEXT(2) 
PARAMETRIC_REPRESENTATION_CONTEXT() REPRESENTATION_CONTEXT('2D SPACE',''
  ) );
#681 = FACE_BOUND('',#682,.F.);
#682 = EDGE_LOOP('',(#683));
#683 = ORIENTED_EDGE('',*,*,#684,.T.);
#684 = EDGE_CURVE('',#685,#685,#687,.T.);
#685 = VERTEX_POINT('',#686);
#686 = CARTESIAN_POINT('',(-6.123233995737E-16,30.,22.5));
#687 = SURFACE_CURVE('',#688,(#693,#704),.PCURVE_S1.);
#688 = CIRCLE('',#689,2.5);
#689 = AXIS2_PLACEMENT_3D('',#690,#691,#692);
#690 = CARTESIAN_POINT('',(0.,30.,20.));
#691 = DIRECTION('',(0.,1.,0.));
#692 = DIRECTION('',(0.,-0.,1.));
#693 = PCURVE('',#298,#694);
#694 = DEFINITIONAL_REPRESENTATION('',(#695),#703);
#695 = ( BOUNDED_CURVE() B_SPLINE_CURVE(2,(#696,#697,#698,#699,#700,#701
,#702),.UNSPECIFIED.,.T.,.F.) B_SPLINE_CURVE_WITH_KNOTS((1,2,2,2,2,1),(
    -2.094395102393,0.,2.094395102393,4.188790204786,6.28318530718,
8.377580409573),.UNSPECIFIED.) CURVE() GEOMETRIC_REPRESENTATION_ITEM() 
RATIONAL_B_SPLINE_CURVE((1.,0.5,1.,0.5,1.,0.5,1.)) REPRESENTATION_ITEM(
  '') );
#696 = CARTESIAN_POINT('',(20.,-22.5));
#697 = CARTESIAN_POINT('',(15.669872981078,-22.5));
#698 = CARTESIAN_POINT('',(17.834936490539,-18.75));
#699 = CARTESIAN_POINT('',(20.,-15.));
#700 = CARTESIAN_POINT('',(22.165063509461,-18.75));
#701 = CARTESIAN_POINT('',(24.330127018922,-22.5));
#702 = CARTESIAN_POINT('',(20.,-22.5));
#703 = ( GEOMETRIC_REPRESENTATION_CONTEXT(2) 
PARAMETRIC_REPRESENTATION_CONTEXT() REPRESENTATION_CONTEXT('2D SPACE',''
  ) );
#704 = PCURVE('',#705,#710);
#705 = CYLINDRICAL_SURFACE('',#706,2.5);
#706 = AXIS2_PLACEMENT_3D('',#707,#708,#709);
#707 = CARTESIAN_POINT('',(0.,6.650736814442,20.));
#708 = DIRECTION('',(0.,1.,0.));
#709 = DIRECTION('',(0.,-0.,1.));
#710 = DEFINITIONAL_REPRESENTATION('',(#711),#715);
#711 = LINE('',#712,#713);
#712 = CARTESIAN_POINT('',(0.,23.349263185558));
#713 = VECTOR('',#714,1.);
#714 = DIRECTION('',(1.,0.));
#715 = ( GEOMETRIC_REPRESENTATION_CONTEXT(2) 
PARAMETRIC_REPRESENTATION_CONTEXT() REPRESENTATION_CONTEXT('2D SPACE',''
  ) );
#716 = ADVANCED_FACE('',(#717,#723,#1237),#441,.T.);
#717 = FACE_BOUND('',#718,.T.);
#718 = EDGE_LOOP('',(#719,#720,#721,#722));
#719 = ORIENTED_EDGE('',*,*,#592,.F.);
#720 = ORIENTED_EDGE('',*,*,#567,.T.);
#721 = ORIENTED_EDGE('',*,*,#496,.T.);
#722 = ORIENTED_EDGE('',*,*,#427,.T.);
#723 = FACE_BOUND('',#724,.T.);
#724 = EDGE_LOOP('',(#725));
#725 = ORIENTED_EDGE('',*,*,#726,.T.);
#726 = EDGE_CURVE('',#727,#727,#729,.T.);
#727 = VERTEX_POINT('',#728);
#728 = CARTESIAN_POINT('',(-1.031869394012E-15,4.680240269178,
    24.212926513711));
#729 = SURFACE_CURVE('',#730,(#866,#1049),.PCURVE_S1.);
#730 = B_SPLINE_CURVE_WITH_KNOTS('',8,(#731,#732,#733,#734,#735,#736,
    #737,#738,#739,#740,#741,#742,#743,#744,#745,#746,#747,#748,#749,
    #750,#751,#752,#753,#754,#755,#756,#757,#758,#759,#760,#761,#762,
    #763,#764,#765,#766,#767,#768,#769,#770,#771,#772,#773,#774,#775,
    #776,#777,#778,#779,#780,#781,#782,#783,#784,#785,#786,#787,#788,
    #789,#790,#791,#792,#793,#794,#795,#796,#797,#798,#799,#800,#801,
    #802,#803,#804,#805,#806,#807,#808,#809,#810,#811,#812,#813,#814,
    #815,#816,#817,#818,#819,#820,#821,#822,#823,#824,#825,#826,#827,
    #828,#829,#830,#831,#832,#833,#834,#835,#836,#837,#838,#839,#840,
    #841,#842,#843,#844,#845,#846,#847,#848,#849,#850,#851,#852,#853,
    #854,#855,#856,#857,#858,#859,#860,#861,#862,#863,#864,#865),
  .UNSPECIFIED.,.T.,.F.,(9,7,7,7,7,7,7,7,7,7,7,7,7,7,7,7,7,7,7,9),(0.,
    0.173164529006,0.228510735881,0.304160489708,0.376336052844,
    0.438846579654,0.49420496216,0.539119045677,0.574294663178,
    0.66712435861,0.760125635498,0.795288096589,0.840171444439,
    0.895439356816,0.936663138811,1.,1.064778126309,1.106051599853,
    1.161429482662,1.334727420755),.UNSPECIFIED.);
#731 = CARTESIAN_POINT('',(0.,4.680240269178,24.212926513711));
#732 = CARTESIAN_POINT('',(0.369864171116,4.680240269178,24.212926513711
    ));
#733 = CARTESIAN_POINT('',(0.739048031294,4.680161455095,24.17588389451)
  );
#734 = CARTESIAN_POINT('',(1.106301945349,4.680004349713,24.102044364894
    ));
#735 = CARTESIAN_POINT('',(1.469581062641,4.679767025398,23.990501937237
    ));
#736 = CARTESIAN_POINT('',(1.826179848121,4.67944691475,23.84004993252)
  );
#737 = CARTESIAN_POINT('',(2.172587633119,4.679040177643,23.648883492252
    ));
#738 = CARTESIAN_POINT('',(2.504647408209,4.678543046366,23.415231792013
    ));
#739 = CARTESIAN_POINT('',(2.916778680129,4.677757165778,23.045867915647
    ));
#740 = CARTESIAN_POINT('',(3.014502516611,4.677556919222,22.95175203422)
  );
#741 = CARTESIAN_POINT('',(3.109929843888,4.677346590604,22.852897583996
    ));
#742 = CARTESIAN_POINT('',(3.202825467545,4.67712602315,22.749230880593)
  );
#743 = CARTESIAN_POINT('',(3.292921795115,4.676895091147,22.640692839007
    ));
#744 = CARTESIAN_POINT('',(3.379921116002,4.67665370888,22.527243173643)
  );
#745 = CARTESIAN_POINT('',(3.463497881398,4.676401839571,22.408864598345
    ));
#746 = CARTESIAN_POINT('',(3.652379553859,4.675780932353,22.117038205943
    ));
#747 = CARTESIAN_POINT('',(3.754427893348,4.67540274084,21.939288194976)
  );
#748 = CARTESIAN_POINT('',(3.848504116409,4.675005108425,21.752400959624
    ));
#749 = CARTESIAN_POINT('',(3.933532293149,4.674588636684,21.5566592414)
  );
#750 = CARTESIAN_POINT('',(4.008369928008,4.674154458937,21.352595700216
    ));
#751 = CARTESIAN_POINT('',(4.071864470685,4.673704336966,21.141038374209
    ));
#752 = CARTESIAN_POINT('',(4.122949514135,4.673240813698,20.923182438271
    ));
#753 = CARTESIAN_POINT('',(4.196973443048,4.672315903304,20.488474552895
    ));
#754 = CARTESIAN_POINT('',(4.221133242753,4.671854945613,20.271824438256
    ));
#755 = CARTESIAN_POINT('',(4.232515466366,4.671388535146,20.052611518449
    ));
#756 = CARTESIAN_POINT('',(4.23075683106,4.670920493717,19.832632046997)
  );
#757 = CARTESIAN_POINT('',(4.215860262115,4.670454533984,19.613630972351
    ));
#758 = CARTESIAN_POINT('',(4.188159155961,4.669994246696,19.397295946995
    ));
#759 = CARTESIAN_POINT('',(4.148311681862,4.66954308784,19.185251284974)
  );
#760 = CARTESIAN_POINT('',(4.053166177556,4.668724392838,18.800464633728
    ));
#761 = CARTESIAN_POINT('',(4.000604093103,4.668353344297,18.626071819759
    ));
#762 = CARTESIAN_POINT('',(3.940197518846,4.667992833693,18.456631835603
    ));
#763 = CARTESIAN_POINT('',(3.87257730418,4.667644030961,18.292694551472)
  );
#764 = CARTESIAN_POINT('',(3.798395440734,4.66730774808,18.134641597607)
  );
#765 = CARTESIAN_POINT('',(3.718285852656,4.666984507604,17.982718573797
    ));
#766 = CARTESIAN_POINT('',(3.632837034392,4.666674593976,17.837059168939
    ));
#767 = CARTESIAN_POINT('',(3.462643195901,4.666115506087,17.574287860752
    ));
#768 = CARTESIAN_POINT('',(3.378938297112,4.665863447204,17.455820185869
    ));
#769 = CARTESIAN_POINT('',(3.291817014692,4.665621931872,17.342307979746
    ));
#770 = CARTESIAN_POINT('',(3.201608454411,4.665390921008,17.233732873855
    ));
#771 = CARTESIAN_POINT('',(3.108613304878,4.665170324961,17.130052731853
    ));
#772 = CARTESIAN_POINT('',(3.013101489707,4.664960012902,17.03120606404)
  );
#773 = CARTESIAN_POINT('',(2.915309819684,4.664759822217,16.937116441818
    ));
#774 = CARTESIAN_POINT('',(2.734411674693,4.664415208288,16.77514789533)
  );
#775 = CARTESIAN_POINT('',(2.652021687753,4.664267401015,16.705678476944
    ));
#776 = CARTESIAN_POINT('',(2.568380487337,4.664126051783,16.639244338192
    ));
#777 = CARTESIAN_POINT('',(2.483590666693,4.663991067537,16.575801742345
    ));
#778 = CARTESIAN_POINT('',(2.397746632909,4.663862356653,16.515307626867
    ));
#779 = CARTESIAN_POINT('',(2.310934630727,4.663739829139,16.45771969552)
  );
#780 = CARTESIAN_POINT('',(2.223232766369,4.663623396831,16.40299651048)
  );
#781 = CARTESIAN_POINT('',(2.065382962124,4.663426492783,16.310451608216
    ));
#782 = CARTESIAN_POINT('',(1.995553346632,4.663343699343,16.271538691179
    ));
#783 = CARTESIAN_POINT('',(1.925256421482,4.663264552912,16.234339868683
    ));
#784 = CARTESIAN_POINT('',(1.854524639333,4.663189015175,16.198837132399
    ));
#785 = CARTESIAN_POINT('',(1.783388668896,4.663117049852,16.165013430311
    ));
#786 = CARTESIAN_POINT('',(1.711877394937,4.663048622695,16.132852666723
    ));
#787 = CARTESIAN_POINT('',(1.640017918278,4.662983701494,16.102339702258
    ));
#788 = CARTESIAN_POINT('',(1.377343754898,4.662760099435,15.997246734669
    ));
#789 = CARTESIAN_POINT('',(1.184627588635,4.662622169738,15.932419776747
    ));
#790 = CARTESIAN_POINT('',(0.990127920399,4.662507879694,15.878703455948
    ));
#791 = CARTESIAN_POINT('',(0.794252762835,4.662416798899,15.8358954825)
  );
#792 = CARTESIAN_POINT('',(0.597380520363,4.662348610473,15.80384692254)
  );
#793 = CARTESIAN_POINT('',(0.399861892218,4.66230309216,15.78245331504)
  );
#794 = CARTESIAN_POINT('',(0.20202043605,4.662280121881,15.771657284106)
  );
#795 = CARTESIAN_POINT('',(-0.19408258182,4.662279292871,15.771267649463
    ));
#796 = CARTESIAN_POINT('',(-0.392300003787,4.662301517693,
    15.781713315838));
#797 = CARTESIAN_POINT('',(-0.590203166469,4.662346371067,
    15.802794401704));
#798 = CARTESIAN_POINT('',(-0.787466950248,4.6624139731,15.83456735723)
  );
#799 = CARTESIAN_POINT('',(-0.983739178218,4.662504544826,
    15.877136068406));
#800 = CARTESIAN_POINT('',(-1.178640044755,4.662618402564,
    15.930649204978));
#801 = CARTESIAN_POINT('',(-1.37176021772,4.662755976968,15.995309174759
    ));
#802 = CARTESIAN_POINT('',(-1.634833206981,4.66297906123,16.100158777986
    ));
#803 = CARTESIAN_POINT('',(-1.706687541422,4.663043737263,
    16.130556513553));
#804 = CARTESIAN_POINT('',(-1.778195387915,4.663111914915,
    16.162600009909));
#805 = CARTESIAN_POINT('',(-1.849329743784,4.663183626262,
    16.196304343097));
#806 = CARTESIAN_POINT('',(-1.920061833386,4.663258905418,16.23168554629
    ));
#807 = CARTESIAN_POINT('',(-1.99036110811,4.663337788531,16.268760609794
    ));
#808 = CARTESIAN_POINT('',(-2.060195246379,4.663420313789,
    16.307547481046));
#809 = CARTESIAN_POINT('',(-2.21803313849,4.663616561687,16.399783992725
    ));
#810 = CARTESIAN_POINT('',(-2.305720547607,4.663732599181,16.45432161514
    ));
#811 = CARTESIAN_POINT('',(-2.392522740679,4.66385471968,16.511718249432
    ));
#812 = CARTESIAN_POINT('',(-2.478362022436,4.663983011023,
    16.572015180695));
#813 = CARTESIAN_POINT('',(-2.563152617568,4.664117562923,
    16.635254573835));
#814 = CARTESIAN_POINT('',(-2.646800645636,4.664258466778,
    16.701479385861));
#815 = CARTESIAN_POINT('',(-2.729204095986,4.664405815485,
    16.770733278183));
#816 = CARTESIAN_POINT('',(-2.910053575836,4.664749195705,
    16.932121981455));
#817 = CARTESIAN_POINT('',(-3.007790887091,4.664948585681,17.02583527015
    ));
#818 = CARTESIAN_POINT('',(-3.103265097289,4.665158057439,
    17.124286996271));
#819 = CARTESIAN_POINT('',(-3.19624150189,4.665377773343,17.22755347114)
  );
#820 = CARTESIAN_POINT('',(-3.286452614534,4.665607864672,
    17.335696396048));
#821 = CARTESIAN_POINT('',(-3.37360045063,4.66584842243,17.448758542195)
  );
#822 = CARTESIAN_POINT('',(-3.457358810949,4.66609948815,17.566759430626
    ));
#823 = CARTESIAN_POINT('',(-3.597059260361,4.666556137121,
    17.781384446924));
#824 = CARTESIAN_POINT('',(-3.65465630344,4.666757050495,17.875813732559
    ));
#825 = CARTESIAN_POINT('',(-3.710018438157,4.666963764866,
    17.972969486963));
#826 = CARTESIAN_POINT('',(-3.762984358422,4.667176225266,
    18.072825874957));
#827 = CARTESIAN_POINT('',(-3.813382998319,4.667394334773,
    18.175337343173));
#828 = CARTESIAN_POINT('',(-3.861036822077,4.667617947564,
    18.280435354942));
#829 = CARTESIAN_POINT('',(-3.905765114037,4.667846861968,18.38802512518
    ));
#830 = CARTESIAN_POINT('',(-4.011336195676,4.668440260335,
    18.666922357423));
#831 = CARTESIAN_POINT('',(-4.06799193886,4.668811812093,18.841551683566
    ));
#832 = CARTESIAN_POINT('',(-4.116632806295,4.669194239822,
    19.021292716442));
#833 = CARTESIAN_POINT('',(-4.156603451889,4.669586035277,
    19.205436580039));
#834 = CARTESIAN_POINT('',(-4.187335187302,4.66998539319,19.393134799276
    ));
#835 = CARTESIAN_POINT('',(-4.208384586662,4.670390184799,
    19.583386855624));
#836 = CARTESIAN_POINT('',(-4.219490383998,4.670797922635,
    19.775023638635));
#837 = CARTESIAN_POINT('',(-4.221833300119,4.671622790104,
    20.162711348693));
#838 = CARTESIAN_POINT('',(-4.212613488314,4.67204023547,20.358910670949
    ));
#839 = CARTESIAN_POINT('',(-4.192961423584,4.672454964136,
    20.553833144107));
#840 = CARTESIAN_POINT('',(-4.16313341191,4.672864300957,20.746221449614
    ));
#841 = CARTESIAN_POINT('',(-4.123588440436,4.67326594753,20.934995339031
    ));
#842 = CARTESIAN_POINT('',(-4.074925804823,4.673657952237,
    21.119237551587));
#843 = CARTESIAN_POINT('',(-4.017841793204,4.674038686972,
    21.298182876682));
#844 = CARTESIAN_POINT('',(-3.911858560531,4.674641393754,
    21.581455064543));
#845 = CARTESIAN_POINT('',(-3.867487319331,4.674870944402,
    21.689343869007));
#846 = CARTESIAN_POINT('',(-3.820171473924,4.675095217463,
    21.794752207431));
#847 = CARTESIAN_POINT('',(-3.770090992885,4.675314010164,
    21.897584776998));
#848 = CARTESIAN_POINT('',(-3.717422763092,4.675527175165,
    21.997772327418));
#849 = CARTESIAN_POINT('',(-3.662337310222,4.675734613721,
    22.095268448992));
#850 = CARTESIAN_POINT('',(-3.604995519261,4.675936268853,22.19004636068
    ));
#851 = CARTESIAN_POINT('',(-3.465779249895,4.676394895983,
    22.405601111822));
#852 = CARTESIAN_POINT('',(-3.382226553882,4.676647193893,
    22.524181129535));
#853 = CARTESIAN_POINT('',(-3.295239676316,4.676888989542,
    22.637825084757));
#854 = CARTESIAN_POINT('',(-3.20514540938,4.677120318658,22.746549769295
    ));
#855 = CARTESIAN_POINT('',(-3.112242620859,4.67734126637,22.850395193718
    ));
#856 = CARTESIAN_POINT('',(-3.016799946901,4.677551958187,
    22.949420347773));
#857 = CARTESIAN_POINT('',(-2.919053484782,4.67775255098,23.043698960803
    ));
#858 = CARTESIAN_POINT('',(-2.506739927814,4.678539910453,
    23.413757912856));
#859 = CARTESIAN_POINT('',(-2.174458719098,4.679037980109,
    23.647850651403));
#860 = CARTESIAN_POINT('',(-1.827783783434,4.679445475051,
    23.839373274028));
#861 = CARTESIAN_POINT('',(-1.470887157455,4.679766171958,
    23.990100820384));
#862 = CARTESIAN_POINT('',(-1.107292164208,4.680003925685,
    24.101845071926));
#863 = CARTESIAN_POINT('',(-0.739712483181,4.680161312648,
    24.175816944693));
#864 = CARTESIAN_POINT('',(-0.370198233503,4.680240269178,
    24.212926513711));
#865 = CARTESIAN_POINT('',(0.,4.680240269178,24.212926513711));
#866 = PCURVE('',#441,#867);
#867 = DEFINITIONAL_REPRESENTATION('',(#868),#1048);
#868 = B_SPLINE_CURVE_WITH_KNOTS('',3,(#869,#870,#871,#872,#873,#874,
    #875,#876,#877,#878,#879,#880,#881,#882,#883,#884,#885,#886,#887,
    #888,#889,#890,#891,#892,#893,#894,#895,#896,#897,#898,#899,#900,
    #901,#902,#903,#904,#905,#906,#907,#908,#909,#910,#911,#912,#913,
    #914,#915,#916,#917,#918,#919,#920,#921,#922,#923,#924,#925,#926,
    #927,#928,#929,#930,#931,#932,#933,#934,#935,#936,#937,#938,#939,
    #940,#941,#942,#943,#944,#945,#946,#947,#948,#949,#950,#951,#952,
    #953,#954,#955,#956,#957,#958,#959,#960,#961,#962,#963,#964,#965,
    #966,#967,#968,#969,#970,#971,#972,#973,#974,#975,#976,#977,#978,
    #979,#980,#981,#982,#983,#984,#985,#986,#987,#988,#989,#990,#991,
    #992,#993,#994,#995,#996,#997,#998,#999,#1000,#1001,#1002,#1003,
    #1004,#1005,#1006,#1007,#1008,#1009,#1010,#1011,#1012,#1013,#1014,
    #1015,#1016,#1017,#1018,#1019,#1020,#1021,#1022,#1023,#1024,#1025,
    #1026,#1027,#1028,#1029,#1030,#1031,#1032,#1033,#1034,#1035,#1036,
    #1037,#1038,#1039,#1040,#1041,#1042,#1043,#1044,#1045,#1046,#1047),
  .UNSPECIFIED.,.T.,.F.,(4,1,1,1,1,1,1,1,1,1,1,1,1,1,1,1,1,1,1,1,1,1,1,1
    ,1,1,1,1,1,1,1,1,1,1,1,1,1,1,1,1,1,1,1,1,1,1,1,1,1,1,1,1,1,1,1,1,1,1
    ,1,1,1,1,1,1,1,1,1,1,1,1,1,1,1,1,1,1,1,1,1,1,1,1,1,1,1,1,1,1,1,1,1,1
    ,1,1,1,1,1,1,1,1,1,1,1,1,1,1,1,1,1,1,1,1,1,1,1,1,1,1,1,1,1,1,1,1,1,1
    ,1,1,1,1,1,1,1,1,1,1,1,1,1,1,1,1,1,1,1,1,1,1,1,1,1,1,1,1,1,1,1,1,1,1
    ,1,1,1,1,1,1,1,1,1,1,1,1,1,1,1,1,4),(0.,7.583678527018E-03,
    1.516735705404E-02,2.275103558105E-02,3.033471410807E-02,
    3.791839263509E-02,4.550207116211E-02,5.308574968912E-02,
    6.066942821614E-02,6.825310674316E-02,7.583678527018E-02,
    8.34204637972E-02,9.100414232421E-02,9.858782085123E-02,
    0.106171499378,0.113755177905,0.121338856432,0.128922534959,
    0.136506213486,0.144089892013,0.15167357054,0.159257249067,
    0.166840927594,0.174424606121,0.182008284648,0.189591963175,
    0.197175641702,0.204759320229,0.212342998756,0.219926677284,
    0.227510355811,0.235094034338,0.242677712865,0.250261391392,
    0.257845069919,0.265428748446,0.273012426973,0.2805961055,
    0.288179784027,0.295763462554,0.303347141081,0.310930819608,
    0.318514498135,0.326098176662,0.333681855189,0.341265533716,
    0.348849212243,0.35643289077,0.364016569297,0.371600247824,
    0.379183926351,0.386767604878,0.394351283405,0.401934961932,
    0.409518640459,0.417102318986,0.424685997513,0.43226967604,
    0.439853354567,0.447437033094,0.455020711621,0.462604390148,
    0.470188068675,0.477771747202,0.485355425729,0.492939104256,
    0.500522782783,0.50810646131,0.515690139837,0.523273818364,
    0.530857496891,0.538441175418,0.546024853945,0.553608532472,
    0.561192210999,0.568775889526,0.576359568053,0.58394324658,
    0.591526925107,0.599110603634,0.606694282161,0.614277960688,
    0.621861639215,0.629445317742,0.637028996269,0.644612674797,
    0.652196353324,0.659780031851,0.667363710378,0.674947388905,
    0.682531067432,0.690114745959,0.697698424486,0.705282103013,
    0.71286578154,0.720449460067,0.728033138594,0.735616817121,
    0.743200495648,0.750784174175,0.758367852702,0.765951531229,
    0.773535209756,0.781118888283,0.78870256681,0.796286245337,
    0.803869923864,0.811453602391,0.819037280918,0.826620959445,
    0.834204637972,0.841788316499,0.849371995026,0.856955673553,
    0.86453935208,0.872123030607,0.879706709134,0.887290387661,
    0.894874066188,0.902457744715,0.910041423242,0.917625101769,
    0.925208780296,0.932792458823,0.94037613735,0.947959815877,
    0.955543494404,0.963127172931,0.970710851458,0.978294529985,
    0.985878208512,0.993461887039,1.001045565566,1.008629244093,
    1.01621292262,1.023796601147,1.031380279674,1.038963958201,
    1.046547636728,1.054131315255,1.061714993782,1.06929867231,
    1.076882350837,1.084466029364,1.092049707891,1.099633386418,
    1.107217064945,1.114800743472,1.122384421999,1.129968100526,
    1.137551779053,1.14513545758,1.152719136107,1.160302814634,
    1.167886493161,1.175470171688,1.183053850215,1.190637528742,
    1.198221207269,1.205804885796,1.213388564323,1.22097224285,
    1.228555921377,1.236139599904,1.243723278431,1.251306956958,
    1.258890635485,1.266474314012,1.274057992539,1.281641671066,
    1.289225349593,1.29680902812,1.304392706647,1.311976385174,
    1.319560063701,1.327143742228,1.334727420755),
  .QUASI_UNIFORM_KNOTS.);
#869 = CARTESIAN_POINT('',(11.729564430431,0.201601794521));
#870 = CARTESIAN_POINT('',(11.774080289936,0.201601787266));
#871 = CARTESIAN_POINT('',(11.863088466436,0.201582989199));
#872 = CARTESIAN_POINT('',(11.996486705874,0.201498395118));
#873 = CARTESIAN_POINT('',(12.129729428096,0.201357389571));
#874 = CARTESIAN_POINT('',(12.262768470633,0.201159846705));
#875 = CARTESIAN_POINT('',(12.395551394415,0.200905578663));
#876 = CARTESIAN_POINT('',(12.528020907565,0.200594331493));
#877 = CARTESIAN_POINT('',(12.660115060071,0.200225793791));
#878 = CARTESIAN_POINT('',(12.79176721143,0.199799600582));
#879 = CARTESIAN_POINT('',(12.922906041975,0.199315337289));
#880 = CARTESIAN_POINT('',(13.053455537488,0.198772542613));
#881 = CARTESIAN_POINT('',(13.183334966951,0.198170710698));
#882 = CARTESIAN_POINT('',(13.31245884789,0.197509292481));
#883 = CARTESIAN_POINT('',(13.440736899527,0.196787696207));
#884 = CARTESIAN_POINT('',(13.568073980802,0.196005287012));
#885 = CARTESIAN_POINT('',(13.694370011645,0.195161385419));
#886 = CARTESIAN_POINT('',(13.819519868263,0.194255264627));
#887 = CARTESIAN_POINT('',(13.943413266812,0.19328614614));
#888 = CARTESIAN_POINT('',(14.065934557586,0.192253194349));
#889 = CARTESIAN_POINT('',(14.186962691569,0.191155506406));
#890 = CARTESIAN_POINT('',(14.306370349254,0.189992109597));
#891 = CARTESIAN_POINT('',(14.424025964016,0.188761918854));
#892 = CARTESIAN_POINT('',(14.539784669315,0.187463829278));
#893 = CARTESIAN_POINT('',(14.653520263152,0.186096288868));
#894 = CARTESIAN_POINT('',(14.7649965535,0.18465888185));
#895 = CARTESIAN_POINT('',(14.873994146795,0.183150986043));
#896 = CARTESIAN_POINT('',(14.9803078849,0.181571649232));
#897 = CARTESIAN_POINT('',(15.083703745199,0.179920165589));
#898 = CARTESIAN_POINT('',(15.183931170872,0.178195949245));
#899 = CARTESIAN_POINT('',(15.28072132002,0.176398579578));
#900 = CARTESIAN_POINT('',(15.373786204144,0.174527862534));
#901 = CARTESIAN_POINT('',(15.462828346102,0.172583656073));
#902 = CARTESIAN_POINT('',(15.547522386717,0.170566280765));
#903 = CARTESIAN_POINT('',(15.627507797164,0.168476903936));
#904 = CARTESIAN_POINT('',(15.702412942542,0.166317179042));
#905 = CARTESIAN_POINT('',(15.771854814467,0.164089402048));
#906 = CARTESIAN_POINT('',(15.835445516828,0.16179653924));
#907 = CARTESIAN_POINT('',(15.892797744878,0.159442288053));
#908 = CARTESIAN_POINT('',(15.943531147512,0.157031167694));
#909 = CARTESIAN_POINT('',(15.98728106574,0.154568502036));
#910 = CARTESIAN_POINT('',(16.023703079463,0.152060859254));
#911 = CARTESIAN_POINT('',(16.052499436319,0.149514839014));
#912 = CARTESIAN_POINT('',(16.073402530965,0.146938903376));
#913 = CARTESIAN_POINT('',(16.086205104888,0.144343472693));
#914 = CARTESIAN_POINT('',(16.090788323501,0.141738278132));
#915 = CARTESIAN_POINT('',(16.087109462945,0.139133042724));
#916 = CARTESIAN_POINT('',(16.075201376716,0.13653729427));
#917 = CARTESIAN_POINT('',(16.055169414317,0.133960388757));
#918 = CARTESIAN_POINT('',(16.027191789417,0.13141155976));
#919 = CARTESIAN_POINT('',(15.991513732968,0.128899653273));
#920 = CARTESIAN_POINT('',(15.948468089942,0.126434094725));
#921 = CARTESIAN_POINT('',(15.89838103038,0.12402018337));
#922 = CARTESIAN_POINT('',(15.841611777778,0.121663242933));
#923 = CARTESIAN_POINT('',(15.77854186919,0.119367933724));
#924 = CARTESIAN_POINT('',(15.709558656881,0.117137983183));
#925 = CARTESIAN_POINT('',(15.635050547536,0.114976361271));
#926 = CARTESIAN_POINT('',(15.555400069935,0.1128853268));
#927 = CARTESIAN_POINT('',(15.470978585624,0.110866500925));
#928 = CARTESIAN_POINT('',(15.38214130194,0.108920916794));
#929 = CARTESIAN_POINT('',(15.289224237788,0.107049095608));
#930 = CARTESIAN_POINT('',(15.192534288772,0.105251005593));
#931 = CARTESIAN_POINT('',(15.092361888654,0.103526408475));
#932 = CARTESIAN_POINT('',(14.988979949612,0.101874871048));
#933 = CARTESIAN_POINT('',(14.882643057575,0.100295786965));
#934 = CARTESIAN_POINT('',(14.773586903887,9.8788399816E-02));
#935 = CARTESIAN_POINT('',(14.662026520822,9.735181084191E-02));
#936 = CARTESIAN_POINT('',(14.548159070514,9.598504680031E-02));
#937 = CARTESIAN_POINT('',(14.432175252607,9.468719966963E-02));
#938 = CARTESIAN_POINT('',(14.314243762057,9.345724333894E-02));
#939 = CARTESIAN_POINT('',(14.194524333192,9.229419717593E-02));
#940 = CARTESIAN_POINT('',(14.073164620725,9.119708749848E-02));
#941 = CARTESIAN_POINT('',(13.950300552897,9.016495547403E-02));
#942 = CARTESIAN_POINT('',(13.826058133756,8.919687128018E-02));
#943 = CARTESIAN_POINT('',(13.700557343095,8.829196932556E-02));
#944 = CARTESIAN_POINT('',(13.573908105437,8.744940755907E-02));
#945 = CARTESIAN_POINT('',(13.446215114266,8.666840262901E-02));
#946 = CARTESIAN_POINT('',(13.317573813759,8.594820759999E-02));
#947 = CARTESIAN_POINT('',(13.188083724992,8.528817681854E-02));
#948 = CARTESIAN_POINT('',(13.057828075343,8.468765350638E-02));
#949 = CARTESIAN_POINT('',(12.926886768241,8.414604865372E-02));
#950 = CARTESIAN_POINT('',(12.795337564502,8.366283859084E-02));
#951 = CARTESIAN_POINT('',(12.663255842928,8.323755984965E-02));
#952 = CARTESIAN_POINT('',(12.530714728819,8.286980599044E-02));
#953 = CARTESIAN_POINT('',(12.397785121527,8.255922514098E-02));
#954 = CARTESIAN_POINT('',(12.264535708026,8.230551858426E-02));
#955 = CARTESIAN_POINT('',(12.131033083661,8.21084403024E-02));
#956 = CARTESIAN_POINT('',(11.997341408538,8.196779751058E-02));
#957 = CARTESIAN_POINT('',(11.863523764777,8.188345213774E-02));
#958 = CARTESIAN_POINT('',(11.729637125387,8.185532339364E-02));
#959 = CARTESIAN_POINT('',(11.595751177677,8.188339090647E-02));
#960 = CARTESIAN_POINT('',(11.461933433384,8.196767477271E-02));
#961 = CARTESIAN_POINT('',(11.328241572946,8.210825608718E-02));
#962 = CARTESIAN_POINT('',(11.19473859749,8.230527286331E-02));
#963 = CARTESIAN_POINT('',(11.061488768877,8.255891778363E-02));
#964 = CARTESIAN_POINT('',(10.928558707483,8.286943669803E-02));
#965 = CARTESIAN_POINT('',(10.796017119051,8.323712815534E-02));
#966 = CARTESIAN_POINT('',(10.66393489575,8.366234390827E-02));
#967 = CARTESIAN_POINT('',(10.532385139762,8.414549034637E-02));
#968 = CARTESIAN_POINT('',(10.401443171104,8.468703109789E-02));
#969 = CARTESIAN_POINT('',(10.271186724723,8.528748988272E-02));
#970 = CARTESIAN_POINT('',(10.141695455133,8.594745704674E-02));
#971 = CARTESIAN_POINT('',(10.013053070609,8.666758697385E-02));
#972 = CARTESIAN_POINT('',(9.885358938298,8.744852575086E-02));
#973 = CARTESIAN_POINT('',(9.758708440448,8.829102069417E-02));
#974 = CARTESIAN_POINT('',(9.633206295571,8.91958549344E-02));
#975 = CARTESIAN_POINT('',(9.508962362727,9.016387072422E-02));
#976 = CARTESIAN_POINT('',(9.386096740119,9.119593272411E-02));
#977 = CARTESIAN_POINT('',(9.264735217581,9.229297239974E-02));
#978 = CARTESIAN_POINT('',(9.145013860425,9.345594727358E-02));
#979 = CARTESIAN_POINT('',(9.027080305149,9.468583103851E-02));
#980 = CARTESIAN_POINT('',(8.911094240856,9.598360467239E-02));
#981 = CARTESIAN_POINT('',(8.797224291671,9.735029495842E-02));
#982 = CARTESIAN_POINT('',(8.685661441439,9.878680608448E-02));
#983 = CARTESIAN_POINT('',(8.57660229166,0.100294118466));
#984 = CARTESIAN_POINT('',(8.470262229026,0.10187312632));
#985 = CARTESIAN_POINT('',(8.366876943909,0.103524585436));
#986 = CARTESIAN_POINT('',(8.26670090588,0.105249103943));
#987 = CARTESIAN_POINT('',(8.170007197879,0.10704711129));
#988 = CARTESIAN_POINT('',(8.077084953627,0.10891887136));
#989 = CARTESIAN_POINT('',(7.98824501917,0.110864340859));
#990 = CARTESIAN_POINT('',(7.903825553728,0.112882911535));
#991 = CARTESIAN_POINT('',(7.824177295467,0.114973637217));
#992 = CARTESIAN_POINT('',(7.749669687977,0.11713494777));
#993 = CARTESIAN_POINT('',(7.680682996639,0.119364658178));
#994 = CARTESIAN_POINT('',(7.617604786542,0.12165982158));
#995 = CARTESIAN_POINT('',(7.560803939084,0.124017620435));
#996 = CARTESIAN_POINT('',(7.510691184474,0.126432452296));
#997 = CARTESIAN_POINT('',(7.467636886276,0.128898332692));
#998 = CARTESIAN_POINT('',(7.431977876165,0.13140849404));
#999 = CARTESIAN_POINT('',(7.404007291694,0.133955465824));
#1000 = CARTESIAN_POINT('',(7.383967537607,0.136530975539));
#1001 = CARTESIAN_POINT('',(7.372041067234,0.139126064582));
#1002 = CARTESIAN_POINT('',(7.368340083208,0.141730502801));
#1003 = CARTESIAN_POINT('',(7.372896076163,0.144334864321));
#1004 = CARTESIAN_POINT('',(7.385664088452,0.146929085527));
#1005 = CARTESIAN_POINT('',(7.406519129661,0.149503313821));
#1006 = CARTESIAN_POINT('',(7.435268412363,0.152048660583));
#1007 = CARTESIAN_POINT('',(7.471660707849,0.154556959591));
#1008 = CARTESIAN_POINT('',(7.515395377943,0.157020800348));
#1009 = CARTESIAN_POINT('',(7.56612938937,0.159433470231));
#1010 = CARTESIAN_POINT('',(7.623486533174,0.16178900031));
#1011 = CARTESIAN_POINT('',(7.687053658114,0.164081901575));
#1012 = CARTESIAN_POINT('',(7.756467215556,0.166309609824));
#1013 = CARTESIAN_POINT('',(7.831338519665,0.168469143399));
#1014 = CARTESIAN_POINT('',(7.911290204007,0.170558385858));
#1015 = CARTESIAN_POINT('',(7.995955575533,0.172575791162));
#1016 = CARTESIAN_POINT('',(8.084987683872,0.174520436915));
#1017 = CARTESIAN_POINT('',(8.178051399798,0.176391708044));
#1018 = CARTESIAN_POINT('',(8.274840847832,0.178189578967));
#1019 = CARTESIAN_POINT('',(8.375069974028,0.179914285647));
#1020 = CARTESIAN_POINT('',(8.478469125348,0.181566235529));
#1021 = CARTESIAN_POINT('',(8.584787775963,0.183146017852));
#1022 = CARTESIAN_POINT('',(8.693791544991,0.184654335668));
#1023 = CARTESIAN_POINT('',(8.80527590581,0.186092150676));
#1024 = CARTESIAN_POINT('',(8.919018842691,0.187460055088));
#1025 = CARTESIAN_POINT('',(9.034786377547,0.188758495032));
#1026 = CARTESIAN_POINT('',(9.152451918378,0.18998901831));
#1027 = CARTESIAN_POINT('',(9.271870537303,0.191152730367));
#1028 = CARTESIAN_POINT('',(9.3929105306,0.192250715741));
#1029 = CARTESIAN_POINT('',(9.51544447362,0.19328394708));
#1030 = CARTESIAN_POINT('',(9.639351214846,0.194253327194));
#1031 = CARTESIAN_POINT('',(9.764515012281,0.195159691773));
#1032 = CARTESIAN_POINT('',(9.890825497791,0.196003819471));
#1033 = CARTESIAN_POINT('',(10.01817747181,0.196786437314));
#1034 = CARTESIAN_POINT('',(10.146470786851,0.197508225054));
#1035 = CARTESIAN_POINT('',(10.275610242855,0.198169817866));
#1036 = CARTESIAN_POINT('',(10.405505508489,0.198771807842));
#1037 = CARTESIAN_POINT('',(10.536071059217,0.199314744391));
#1038 = CARTESIAN_POINT('',(10.6672261305,0.199799133715));
#1039 = CARTESIAN_POINT('',(10.798894683205,0.200225437447));
#1040 = CARTESIAN_POINT('',(10.931005381421,0.200594070473));
#1041 = CARTESIAN_POINT('',(11.06349157717,0.200905398039));
#1042 = CARTESIAN_POINT('',(11.196291321887,0.20115973177));
#1043 = CARTESIAN_POINT('',(11.329347334154,0.201357325774));
#1044 = CARTESIAN_POINT('',(11.462607195014,0.201498367977));
#1045 = CARTESIAN_POINT('',(11.596022770766,0.201582984214));
#1046 = CARTESIAN_POINT('',(11.685042665295,0.201601787254));
#1047 = CARTESIAN_POINT('',(11.729564430431,0.201601794521));
#1048 = ( GEOMETRIC_REPRESENTATION_CONTEXT(2) 
PARAMETRIC_REPRESENTATION_CONTEXT() REPRESENTATION_CONTEXT('2D SPACE',''
  ) );
#1049 = PCURVE('',#1050,#1055);
#1050 = CONICAL_SURFACE('',#1051,4.5,0.715584993318);
#1051 = AXIS2_PLACEMENT_3D('',#1052,#1053,#1054);
#1052 = CARTESIAN_POINT('',(0.,4.35,20.));
#1053 = DIRECTION('',(-0.,-1.,-0.));
#1054 = DIRECTION('',(0.,-0.,1.));
#1055 = DEFINITIONAL_REPRESENTATION('',(#1056),#1236);
#1056 = B_SPLINE_CURVE_WITH_KNOTS('',3,(#1057,#1058,#1059,#1060,#1061,
    #1062,#1063,#1064,#1065,#1066,#1067,#1068,#1069,#1070,#1071,#1072,
    #1073,#1074,#1075,#1076,#1077,#1078,#1079,#1080,#1081,#1082,#1083,
    #1084,#1085,#1086,#1087,#1088,#1089,#1090,#1091,#1092,#1093,#1094,
    #1095,#1096,#1097,#1098,#1099,#1100,#1101,#1102,#1103,#1104,#1105,
    #1106,#1107,#1108,#1109,#1110,#1111,#1112,#1113,#1114,#1115,#1116,
    #1117,#1118,#1119,#1120,#1121,#1122,#1123,#1124,#1125,#1126,#1127,
    #1128,#1129,#1130,#1131,#1132,#1133,#1134,#1135,#1136,#1137,#1138,
    #1139,#1140,#1141,#1142,#1143,#1144,#1145,#1146,#1147,#1148,#1149,
    #1150,#1151,#1152,#1153,#1154,#1155,#1156,#1157,#1158,#1159,#1160,
    #1161,#1162,#1163,#1164,#1165,#1166,#1167,#1168,#1169,#1170,#1171,
    #1172,#1173,#1174,#1175,#1176,#1177,#1178,#1179,#1180,#1181,#1182,
    #1183,#1184,#1185,#1186,#1187,#1188,#1189,#1190,#1191,#1192,#1193,
    #1194,#1195,#1196,#1197,#1198,#1199,#1200,#1201,#1202,#1203,#1204,
    #1205,#1206,#1207,#1208,#1209,#1210,#1211,#1212,#1213,#1214,#1215,
    #1216,#1217,#1218,#1219,#1220,#1221,#1222,#1223,#1224,#1225,#1226,
    #1227,#1228,#1229,#1230,#1231,#1232,#1233,#1234,#1235),
  .UNSPECIFIED.,.F.,.F.,(4,1,1,1,1,1,1,1,1,1,1,1,1,1,1,1,1,1,1,1,1,1,1,1
    ,1,1,1,1,1,1,1,1,1,1,1,1,1,1,1,1,1,1,1,1,1,1,1,1,1,1,1,1,1,1,1,1,1,1
    ,1,1,1,1,1,1,1,1,1,1,1,1,1,1,1,1,1,1,1,1,1,1,1,1,1,1,1,1,1,1,1,1,1,1
    ,1,1,1,1,1,1,1,1,1,1,1,1,1,1,1,1,1,1,1,1,1,1,1,1,1,1,1,1,1,1,1,1,1,1
    ,1,1,1,1,1,1,1,1,1,1,1,1,1,1,1,1,1,1,1,1,1,1,1,1,1,1,1,1,1,1,1,1,1,1
    ,1,1,1,1,1,1,1,1,1,1,1,1,1,1,1,1,4),(0.,7.583678527018E-03,
    1.516735705404E-02,2.275103558105E-02,3.033471410807E-02,
    3.791839263509E-02,4.550207116211E-02,5.308574968912E-02,
    6.066942821614E-02,6.825310674316E-02,7.583678527018E-02,
    8.34204637972E-02,9.100414232421E-02,9.858782085123E-02,
    0.106171499378,0.113755177905,0.121338856432,0.128922534959,
    0.136506213486,0.144089892013,0.15167357054,0.159257249067,
    0.166840927594,0.174424606121,0.182008284648,0.189591963175,
    0.197175641702,0.204759320229,0.212342998756,0.219926677284,
    0.227510355811,0.235094034338,0.242677712865,0.250261391392,
    0.257845069919,0.265428748446,0.273012426973,0.2805961055,
    0.288179784027,0.295763462554,0.303347141081,0.310930819608,
    0.318514498135,0.326098176662,0.333681855189,0.341265533716,
    0.348849212243,0.35643289077,0.364016569297,0.371600247824,
    0.379183926351,0.386767604878,0.394351283405,0.401934961932,
    0.409518640459,0.417102318986,0.424685997513,0.43226967604,
    0.439853354567,0.447437033094,0.455020711621,0.462604390148,
    0.470188068675,0.477771747202,0.485355425729,0.492939104256,
    0.500522782783,0.50810646131,0.515690139837,0.523273818364,
    0.530857496891,0.538441175418,0.546024853945,0.553608532472,
    0.561192210999,0.568775889526,0.576359568053,0.58394324658,
    0.591526925107,0.599110603634,0.606694282161,0.614277960688,
    0.621861639215,0.629445317742,0.637028996269,0.644612674797,
    0.652196353324,0.659780031851,0.667363710378,0.674947388905,
    0.682531067432,0.690114745959,0.697698424486,0.705282103013,
    0.71286578154,0.720449460067,0.728033138594,0.735616817121,
    0.743200495648,0.750784174175,0.758367852702,0.765951531229,
    0.773535209756,0.781118888283,0.78870256681,0.796286245337,
    0.803869923864,0.811453602391,0.819037280918,0.826620959445,
    0.834204637972,0.841788316499,0.849371995026,0.856955673553,
    0.86453935208,0.872123030607,0.879706709134,0.887290387661,
    0.894874066188,0.902457744715,0.910041423242,0.917625101769,
    0.925208780296,0.932792458823,0.94037613735,0.947959815877,
    0.955543494404,0.963127172931,0.970710851458,0.978294529985,
    0.985878208512,0.993461887039,1.001045565566,1.008629244093,
    1.01621292262,1.023796601147,1.031380279674,1.038963958201,
    1.046547636728,1.054131315255,1.061714993782,1.06929867231,
    1.076882350837,1.084466029364,1.092049707891,1.099633386418,
    1.107217064945,1.114800743472,1.122384421999,1.129968100526,
    1.137551779053,1.14513545758,1.152719136107,1.160302814634,
    1.167886493161,1.175470171688,1.183053850215,1.190637528742,
    1.198221207269,1.205804885796,1.213388564323,1.22097224285,
    1.228555921377,1.236139599904,1.243723278431,1.251306956958,
    1.258890635485,1.266474314012,1.274057992539,1.281641671066,
    1.289225349593,1.29680902812,1.304392706647,1.311976385174,
    1.319560063701,1.327143742228,1.334727420755),
  .QUASI_UNIFORM_KNOTS.);
#1057 = CARTESIAN_POINT('',(0.,-0.330240269178));
#1058 = CARTESIAN_POINT('',(-1.025284531218E-02,-0.330240271826));
#1059 = CARTESIAN_POINT('',(-3.075308987214E-02,-0.330237461908));
#1060 = CARTESIAN_POINT('',(-6.150592996027E-02,-0.330224784584));
#1061 = CARTESIAN_POINT('',(-9.228042514628E-02,-0.330203622535));
#1062 = CARTESIAN_POINT('',(-0.123094460851,-0.330173972652));
#1063 = CARTESIAN_POINT('',(-0.153965266691,-0.330135819494));
#1064 = CARTESIAN_POINT('',(-0.184909419458,-0.330089131929));
#1065 = CARTESIAN_POINT('',(-0.215943003104,-0.33003386165));
#1066 = CARTESIAN_POINT('',(-0.247081717352,-0.329969946957));
#1067 = CARTESIAN_POINT('',(-0.278340994481,-0.329897317582));
#1068 = CARTESIAN_POINT('',(-0.309736111452,-0.32981589907));
#1069 = CARTESIAN_POINT('',(-0.341282303565,-0.329725615272));
#1070 = CARTESIAN_POINT('',(-0.37299488058,-0.329626388477));
#1071 = CARTESIAN_POINT('',(-0.404889347734,-0.329518137308));
#1072 = CARTESIAN_POINT('',(-0.436981533891,-0.329400773213));
#1073 = CARTESIAN_POINT('',(-0.46928773015,-0.329274196769));
#1074 = CARTESIAN_POINT('',(-0.501824840821,-0.329138295236));
#1075 = CARTESIAN_POINT('',(-0.53461055711,-0.328992942536));
#1076 = CARTESIAN_POINT('',(-0.567663536416,-0.328838002482));
#1077 = CARTESIAN_POINT('',(-0.601003677206,-0.328673333811));
#1078 = CARTESIAN_POINT('',(-0.634652185184,-0.328498797599));
#1079 = CARTESIAN_POINT('',(-0.668632603529,-0.328314250367));
#1080 = CARTESIAN_POINT('',(-0.702968473549,-0.32811955683));
#1081 = CARTESIAN_POINT('',(-0.737693848451,-0.327914448653));
#1082 = CARTESIAN_POINT('',(-0.772813950939,-0.327698827537));
#1083 = CARTESIAN_POINT('',(-0.808342105731,-0.327472647609));
#1084 = CARTESIAN_POINT('',(-0.844300896729,-0.327235749441));
#1085 = CARTESIAN_POINT('',(-0.880708649378,-0.326988025981));
#1086 = CARTESIAN_POINT('',(-0.91758320683,-0.326729390653));
#1087 = CARTESIAN_POINT('',(-0.954941381616,-0.326459785826));
#1088 = CARTESIAN_POINT('',(-0.992798318085,-0.326179177876));
#1089 = CARTESIAN_POINT('',(-1.031171448465,-0.325887555335));
#1090 = CARTESIAN_POINT('',(-1.070072750686,-0.325584943012));
#1091 = CARTESIAN_POINT('',(-1.10950266606,-0.325271529765));
#1092 = CARTESIAN_POINT('',(-1.149458196703,-0.324947576636));
#1093 = CARTESIAN_POINT('',(-1.189930578189,-0.324613415871));
#1094 = CARTESIAN_POINT('',(-1.230905431499,-0.324269482062));
#1095 = CARTESIAN_POINT('',(-1.27236214438,-0.323916336861));
#1096 = CARTESIAN_POINT('',(-1.314272661256,-0.32355467274));
#1097 = CARTESIAN_POINT('',(-1.356601946524,-0.323185286176));
#1098 = CARTESIAN_POINT('',(-1.399300541238,-0.322809124184));
#1099 = CARTESIAN_POINT('',(-1.442324865673,-0.322427235475));
#1100 = CARTESIAN_POINT('',(-1.485605515725,-0.322040843369));
#1101 = CARTESIAN_POINT('',(-1.529045347952,-0.321651517474));
#1102 = CARTESIAN_POINT('',(-1.572562364908,-0.321260736842));
#1103 = CARTESIAN_POINT('',(-1.616076398601,-0.32086995968));
#1104 = CARTESIAN_POINT('',(-1.659510590283,-0.320480602394));
#1105 = CARTESIAN_POINT('',(-1.702789395605,-0.320094059747));
#1106 = CARTESIAN_POINT('',(-1.745836160062,-0.319711723828));
#1107 = CARTESIAN_POINT('',(-1.788576173353,-0.319334942875));
#1108 = CARTESIAN_POINT('',(-1.830918334309,-0.318965118966));
#1109 = CARTESIAN_POINT('',(-1.872835086698,-0.318603062253));
#1110 = CARTESIAN_POINT('',(-1.914291996221,-0.318249474106));
#1111 = CARTESIAN_POINT('',(-1.955258998092,-0.317905167289));
#1112 = CARTESIAN_POINT('',(-1.995715330616,-0.317570705098));
#1113 = CARTESIAN_POINT('',(-2.035646854913,-0.317246477185));
#1114 = CARTESIAN_POINT('',(-2.075045775649,-0.316932789488));
#1115 = CARTESIAN_POINT('',(-2.113909987835,-0.316629949529));
#1116 = CARTESIAN_POINT('',(-2.152242909442,-0.316338144255));
#1117 = CARTESIAN_POINT('',(-2.190052831222,-0.316057363205));
#1118 = CARTESIAN_POINT('',(-2.227354908646,-0.31578765078));
#1119 = CARTESIAN_POINT('',(-2.264165014873,-0.315528960802));
#1120 = CARTESIAN_POINT('',(-2.300500015218,-0.315281231381));
#1121 = CARTESIAN_POINT('',(-2.336377881277,-0.315044368528));
#1122 = CARTESIAN_POINT('',(-2.371817771162,-0.314818257961));
#1123 = CARTESIAN_POINT('',(-2.406840500271,-0.314602774307));
#1124 = CARTESIAN_POINT('',(-2.441467585334,-0.314397747828));
#1125 = CARTESIAN_POINT('',(-2.475718030738,-0.314203076398));
#1126 = CARTESIAN_POINT('',(-2.509613289609,-0.31401859535));
#1127 = CARTESIAN_POINT('',(-2.543173479371,-0.313844130619));
#1128 = CARTESIAN_POINT('',(-2.57641859209,-0.313679551116));
#1129 = CARTESIAN_POINT('',(-2.609368587711,-0.313524749933));
#1130 = CARTESIAN_POINT('',(-2.642043140881,-0.31337951518));
#1131 = CARTESIAN_POINT('',(-2.674460786233,-0.313243787269));
#1132 = CARTESIAN_POINT('',(-2.706640257439,-0.313117424818));
#1133 = CARTESIAN_POINT('',(-2.738599416875,-0.313000266253));
#1134 = CARTESIAN_POINT('',(-2.770356428484,-0.312892230678));
#1135 = CARTESIAN_POINT('',(-2.801926699828,-0.312793217016));
#1136 = CARTESIAN_POINT('',(-2.833328054527,-0.312703141119));
#1137 = CARTESIAN_POINT('',(-2.864577646507,-0.312621909311));
#1138 = CARTESIAN_POINT('',(-2.895691869277,-0.312549432677));
#1139 = CARTESIAN_POINT('',(-2.92668657246,-0.312485638421));
#1140 = CARTESIAN_POINT('',(-2.95757717994,-0.312430468967));
#1141 = CARTESIAN_POINT('',(-2.988378818799,-0.312383877625));
#1142 = CARTESIAN_POINT('',(-3.019106441721,-0.312345823453));
#1143 = CARTESIAN_POINT('',(-3.049774917713,-0.312316268192));
#1144 = CARTESIAN_POINT('',(-3.080399224246,-0.312295176898));
#1145 = CARTESIAN_POINT('',(-3.110994249141,-0.312282522677));
#1146 = CARTESIAN_POINT('',(-3.141576051554,-0.312278295966));
#1147 = CARTESIAN_POINT('',(-3.172157680228,-0.312282514005));
#1148 = CARTESIAN_POINT('',(-3.202752680603,-0.312295158375));
#1149 = CARTESIAN_POINT('',(-3.233376950179,-0.312316240174));
#1150 = CARTESIAN_POINT('',(-3.26404539513,-0.312345786299));
#1151 = CARTESIAN_POINT('',(-3.294772969322,-0.312383831564));
#1152 = CARTESIAN_POINT('',(-3.325574535407,-0.312430413887));
#1153 = CARTESIAN_POINT('',(-3.356465040887,-0.312485573968));
#1154 = CARTESIAN_POINT('',(-3.387459613455,-0.312549358462));
#1155 = CARTESIAN_POINT('',(-3.418573681194,-0.312621825206));
#1156 = CARTESIAN_POINT('',(-3.449823106562,-0.312703047323));
#1157 = CARTESIAN_POINT('',(-3.481224288008,-0.312793114195));
#1158 = CARTESIAN_POINT('',(-3.512794439516,-0.312892118187));
#1159 = CARTESIAN_POINT('',(-3.544551266773,-0.313000144666));
#1160 = CARTESIAN_POINT('',(-3.576510211469,-0.313117292105));
#1161 = CARTESIAN_POINT('',(-3.608689451621,-0.313243643889));
#1162 = CARTESIAN_POINT('',(-3.641106841466,-0.313379363707));
#1163 = CARTESIAN_POINT('',(-3.673781127827,-0.313524586691));
#1164 = CARTESIAN_POINT('',(-3.706730812235,-0.313679377901));
#1165 = CARTESIAN_POINT('',(-3.739975623558,-0.313843947606));
#1166 = CARTESIAN_POINT('',(-3.773535481344,-0.314018400773));
#1167 = CARTESIAN_POINT('',(-3.807430378839,-0.314202870309));
#1168 = CARTESIAN_POINT('',(-3.841680442696,-0.314397532178));
#1169 = CARTESIAN_POINT('',(-3.876307143052,-0.314602546776));
#1170 = CARTESIAN_POINT('',(-3.911329390095,-0.314818018319));
#1171 = CARTESIAN_POINT('',(-3.946768872888,-0.315044118082));
#1172 = CARTESIAN_POINT('',(-3.982646292536,-0.315280970008));
#1173 = CARTESIAN_POINT('',(-4.018980796113,-0.315528688012));
#1174 = CARTESIAN_POINT('',(-4.055790391188,-0.315787364102));
#1175 = CARTESIAN_POINT('',(-4.093091865473,-0.316057069059));
#1176 = CARTESIAN_POINT('',(-4.130901607642,-0.316337821976));
#1177 = CARTESIAN_POINT('',(-4.169233227307,-0.316629683701));
#1178 = CARTESIAN_POINT('',(-4.208093512746,-0.316932434066));
#1179 = CARTESIAN_POINT('',(-4.247487626579,-0.317246015833));
#1180 = CARTESIAN_POINT('',(-4.287414398705,-0.31757026675));
#1181 = CARTESIAN_POINT('',(-4.327867353907,-0.317904716332));
#1182 = CARTESIAN_POINT('',(-4.36883274519,-0.318248960968));
#1183 = CARTESIAN_POINT('',(-4.410305533684,-0.318602617475));
#1184 = CARTESIAN_POINT('',(-4.452238670227,-0.31896488074));
#1185 = CARTESIAN_POINT('',(-4.494586524104,-0.319334769333));
#1186 = CARTESIAN_POINT('',(-4.537297104812,-0.319711264693));
#1187 = CARTESIAN_POINT('',(-4.580312978808,-0.320093297817));
#1188 = CARTESIAN_POINT('',(-4.623568804029,-0.320479657895));
#1189 = CARTESIAN_POINT('',(-4.666992280967,-0.320868938958));
#1190 = CARTESIAN_POINT('',(-4.71049310976,-0.321259562119));
#1191 = CARTESIAN_POINT('',(-4.753996079069,-0.32165026025));
#1192 = CARTESIAN_POINT('',(-4.797415240028,-0.322039356437));
#1193 = CARTESIAN_POINT('',(-4.840666349804,-0.322425472449));
#1194 = CARTESIAN_POINT('',(-4.883677913209,-0.322807298845));
#1195 = CARTESIAN_POINT('',(-4.92638591802,-0.323183569017));
#1196 = CARTESIAN_POINT('',(-4.968733427806,-0.323553126763));
#1197 = CARTESIAN_POINT('',(-5.010668826124,-0.323914987524));
#1198 = CARTESIAN_POINT('',(-5.052146138475,-0.324268340897));
#1199 = CARTESIAN_POINT('',(-5.093119659246,-0.324612307045));
#1200 = CARTESIAN_POINT('',(-5.133588426754,-0.324946460777));
#1201 = CARTESIAN_POINT('',(-5.173537725486,-0.325270340926));
#1202 = CARTESIAN_POINT('',(-5.212962044551,-0.325583760388));
#1203 = CARTESIAN_POINT('',(-5.251860481996,-0.325886398081));
#1204 = CARTESIAN_POINT('',(-5.290238582032,-0.326178057944));
#1205 = CARTESIAN_POINT('',(-5.328102991769,-0.326458756968));
#1206 = CARTESIAN_POINT('',(-5.365467786185,-0.32672843484));
#1207 = CARTESIAN_POINT('',(-5.402348972035,-0.326987143971));
#1208 = CARTESIAN_POINT('',(-5.438763106849,-0.327234937163));
#1209 = CARTESIAN_POINT('',(-5.474728113223,-0.327471902452));
#1210 = CARTESIAN_POINT('',(-5.510262255713,-0.327698145816));
#1211 = CARTESIAN_POINT('',(-5.545388361319,-0.327913828156));
#1212 = CARTESIAN_POINT('',(-5.580118998072,-0.328118989809));
#1213 = CARTESIAN_POINT('',(-5.614460129556,-0.328313736601));
#1214 = CARTESIAN_POINT('',(-5.648445716903,-0.328498334162));
#1215 = CARTESIAN_POINT('',(-5.682099316852,-0.328672917821));
#1216 = CARTESIAN_POINT('',(-5.715444461567,-0.328837630964));
#1217 = CARTESIAN_POINT('',(-5.748502354919,-0.3289926127));
#1218 = CARTESIAN_POINT('',(-5.781292892952,-0.32913800444));
#1219 = CARTESIAN_POINT('',(-5.813834732488,-0.329273942469));
#1220 = CARTESIAN_POINT('',(-5.846145565207,-0.329400552889));
#1221 = CARTESIAN_POINT('',(-5.878242297061,-0.329517948423));
#1222 = CARTESIAN_POINT('',(-5.91014122187,-0.329626228458));
#1223 = CARTESIAN_POINT('',(-5.941858172294,-0.329725481529));
#1224 = CARTESIAN_POINT('',(-5.973408658448,-0.32981578903));
#1225 = CARTESIAN_POINT('',(-6.004807996078,-0.329897228737));
#1226 = CARTESIAN_POINT('',(-6.036071427627,-0.329969876891));
#1227 = CARTESIAN_POINT('',(-6.067214238408,-0.330033808061));
#1228 = CARTESIAN_POINT('',(-6.098251870337,-0.330089092609));
#1229 = CARTESIAN_POINT('',(-6.12920003415,-0.330135792299));
#1230 = CARTESIAN_POINT('',(-6.160074826304,-0.33017395544));
#1231 = CARTESIAN_POINT('',(-6.190892837705,-0.330203613119));
#1232 = CARTESIAN_POINT('',(-6.221671313955,-0.330224780705));
#1233 = CARTESIAN_POINT('',(-6.252428158233,-0.330237461246));
#1234 = CARTESIAN_POINT('',(-6.2729311017,-0.330240271843));
#1235 = CARTESIAN_POINT('',(-6.28318530718,-0.330240269178));
#1236 = ( GEOMETRIC_REPRESENTATION_CONTEXT(2) 
PARAMETRIC_REPRESENTATION_CONTEXT() REPRESENTATION_CONTEXT('2D SPACE',''
  ) );
#1237 = FACE_BOUND('',#1238,.T.);
#1238 = EDGE_LOOP('',(#1239));
#1239 = ORIENTED_EDGE('',*,*,#1240,.T.);
#1240 = EDGE_CURVE('',#1241,#1241,#1243,.T.);
#1241 = VERTEX_POINT('',#1242);
#1242 = CARTESIAN_POINT('',(-1.011521660025E-15,4.775808192734,
    69.129850585202));
#1243 = SURFACE_CURVE('',#1244,(#1373,#1556),.PCURVE_S1.);
#1244 = B_SPLINE_CURVE_WITH_KNOTS('',8,(#1245,#1246,#1247,#1248,#1249,
    #1250,#1251,#1252,#1253,#1254,#1255,#1256,#1257,#1258,#1259,#1260,
    #1261,#1262,#1263,#1264,#1265,#1266,#1267,#1268,#1269,#1270,#1271,
    #1272,#1273,#1274,#1275,#1276,#1277,#1278,#1279,#1280,#1281,#1282,
    #1283,#1284,#1285,#1286,#1287,#1288,#1289,#1290,#1291,#1292,#1293,
    #1294,#1295,#1296,#1297,#1298,#1299,#1300,#1301,#1302,#1303,#1304,
    #1305,#1306,#1307,#1308,#1309,#1310,#1311,#1312,#1313,#1314,#1315,
    #1316,#1317,#1318,#1319,#1320,#1321,#1322,#1323,#1324,#1325,#1326,
    #1327,#1328,#1329,#1330,#1331,#1332,#1333,#1334,#1335,#1336,#1337,
    #1338,#1339,#1340,#1341,#1342,#1343,#1344,#1345,#1346,#1347,#1348,
    #1349,#1350,#1351,#1352,#1353,#1354,#1355,#1356,#1357,#1358,#1359,
    #1360,#1361,#1362,#1363,#1364,#1365,#1366,#1367,#1368,#1369,#1370,
    #1371,#1372),.UNSPECIFIED.,.T.,.F.,(9,7,7,7,7,7,7,7,7,7,7,7,7,7,7,7,
    7,7,9),(0.,0.200784569221,0.266187872677,0.34008689594,
    0.423988203613,0.516587841831,0.581422637598,0.63230487854,
    0.673344802314,0.779650550336,0.899998824378,0.943447499469,1.,
    1.077446442313,1.168585906254,1.219791631402,1.295310647738,
    1.360339430339,1.559636114798),.UNSPECIFIED.);
#1245 = CARTESIAN_POINT('',(0.,4.775808192734,69.129850585202));
#1246 = CARTESIAN_POINT('',(0.361465408998,4.775808192734,
    69.129850585202));
#1247 = CARTESIAN_POINT('',(0.722301401973,4.77573140344,69.093759617033
    ));
#1248 = CARTESIAN_POINT('',(1.081207920577,4.775578305681,
    69.021803669917));
#1249 = CARTESIAN_POINT('',(1.43613515647,4.7753471193,68.913146071125)
  );
#1250 = CARTESIAN_POINT('',(1.78440493542,4.775035476666,68.766674032917
    ));
#1251 = CARTESIAN_POINT('',(2.122587510992,4.774639908521,
    68.580757005022));
#1252 = CARTESIAN_POINT('',(2.446637199253,4.774157018114,
    68.353798513351));
#1253 = CARTESIAN_POINT('',(2.850626811431,4.773391693858,
    67.994096113378));
#1254 = CARTESIAN_POINT('',(2.947761774645,4.773193780167,
    67.901076678548));
#1255 = CARTESIAN_POINT('',(3.042566748522,4.772985832801,
    67.803341416507));
#1256 = CARTESIAN_POINT('',(3.134804455306,4.772767712321,
    67.700824790741));
#1257 = CARTESIAN_POINT('',(3.224206070766,4.772539312064,
    67.593476670062));
#1258 = CARTESIAN_POINT('',(3.310473682019,4.772300567498,
    67.481266723924));
#1259 = CARTESIAN_POINT('',(3.393282745359,4.77205146557,67.364188817727
    ));
#1260 = CARTESIAN_POINT('',(3.561548471946,4.771498945667,
    67.104504463276));
#1261 = CARTESIAN_POINT('',(3.645949887719,4.77119268297,66.960560995724
    ));
#1262 = CARTESIAN_POINT('',(3.724969756262,4.770873384596,66.81049076022
    ));
#1263 = CARTESIAN_POINT('',(3.798033519437,4.770541365973,
    66.654442007367));
#1264 = CARTESIAN_POINT('',(3.864526204929,4.770197171345,
    66.492670531984));
#1265 = CARTESIAN_POINT('',(3.923818597219,4.76984162145,66.325562081388
    ));
#1266 = CARTESIAN_POINT('',(3.975304470707,4.769475876859,
    66.153662123607));
#1267 = CARTESIAN_POINT('',(4.067432925877,4.768676487207,
    65.777948987379));
#1268 = CARTESIAN_POINT('',(4.105722196884,4.768239858889,
    65.572733677945));
#1269 = CARTESIAN_POINT('',(4.132403354171,4.767794670526,
    65.363495147347));
#1270 = CARTESIAN_POINT('',(4.146873702493,4.767344097607,65.15172587544
    ));
#1271 = CARTESIAN_POINT('',(4.14882003592,4.766891440678,64.938977118754
    ));
#1272 = CARTESIAN_POINT('',(4.138224378146,4.766440114584,
    64.726853854302));
#1273 = CARTESIAN_POINT('',(4.115396622382,4.765993638873,
    64.517010270252));
#1274 = CARTESIAN_POINT('',(4.043109038082,4.765072209948,
    64.083938675533));
#1275 = CARTESIAN_POINT('',(3.991099098494,4.764598664803,
    63.861372457235));
#1276 = CARTESIAN_POINT('',(3.9258305201,4.764139006695,63.645333146642)
  );
#1277 = CARTESIAN_POINT('',(3.848450866447,4.763696072146,
    63.437153908483));
#1278 = CARTESIAN_POINT('',(3.760212527681,4.763271833232,63.23776161894
    ));
#1279 = CARTESIAN_POINT('',(3.662363511601,4.762867567323,
    63.047756641935));
#1280 = CARTESIAN_POINT('',(3.556084644417,4.762483963558,
    62.867462872429));
#1281 = CARTESIAN_POINT('',(3.362823237851,4.761867282816,
    62.577622923538));
#1282 = CARTESIAN_POINT('',(3.279594608659,4.761623510818,
    62.463050084255));
#1283 = CARTESIAN_POINT('',(3.193062522158,4.761389955555,
    62.353279111036));
#1284 = CARTESIAN_POINT('',(3.103539105055,4.761166587958,
    62.248296340247));
#1285 = CARTESIAN_POINT('',(3.01131035962,4.760953331892,62.148065989129
    ));
#1286 = CARTESIAN_POINT('',(2.916633991311,4.760750072866,
    62.052534246965));
#1287 = CARTESIAN_POINT('',(2.819737236401,4.760556666737,
    61.961633366249));
#1288 = CARTESIAN_POINT('',(2.6431804378,4.760228766574,61.807520289861)
  );
#1289 = CARTESIAN_POINT('',(2.564303595058,4.760090560916,
    61.742563630732));
#1290 = CARTESIAN_POINT('',(2.484280957585,4.759958255355,
    61.680380016679));
#1291 = CARTESIAN_POINT('',(2.403202580073,4.759831774287,
    61.620933914888));
#1292 = CARTESIAN_POINT('',(2.32115177926,4.759711042839,61.564190134166
    ));
#1293 = CARTESIAN_POINT('',(2.238205137488,4.759595987106,
    61.510113939586));
#1294 = CARTESIAN_POINT('',(2.154432506261,4.759486534398,
    61.458671167128));
#1295 = CARTESIAN_POINT('',(2.001713489045,4.759298794333,
    61.370433336577));
#1296 = CARTESIAN_POINT('',(1.933034836857,4.759218575272,
    61.332730377609));
#1297 = CARTESIAN_POINT('',(1.863894672681,4.759141919723,61.29670226972
    ));
#1298 = CARTESIAN_POINT('',(1.794324924097,4.759068792909,
    61.262332667245));
#1299 = CARTESIAN_POINT('',(1.724355826812,4.758999161852,
    61.229606070561));
#1300 = CARTESIAN_POINT('',(1.654015924664,4.758932995375,
    61.198507826082));
#1301 = CARTESIAN_POINT('',(1.583332069618,4.758870264098,
    61.169024126263));
#1302 = CARTESIAN_POINT('',(1.328411205136,4.758657274341,
    61.068918940059));
#1303 = CARTESIAN_POINT('',(1.142375747983,4.758526489786,
    61.007450199292));
#1304 = CARTESIAN_POINT('',(0.954638613322,4.758418079591,
    60.956497407561));
#1305 = CARTESIAN_POINT('',(0.765586186904,4.758331669999,
    60.915884899754));
#1306 = CARTESIAN_POINT('',(0.575578435309,4.758266984753,
    60.885482833764));
#1307 = CARTESIAN_POINT('',(0.384950533627,4.758223829819,
    60.865200014862));
#1308 = CARTESIAN_POINT('',(0.194013362728,4.7582020988,60.854986436056)
  );
#1309 = CARTESIAN_POINT('',(-0.213132658543,4.758201459618,
    60.854686020339));
#1310 = CARTESIAN_POINT('',(-0.429285340515,4.758228587671,
    60.867436205245));
#1311 = CARTESIAN_POINT('',(-0.645003211174,4.758283163308,
    60.893086754683));
#1312 = CARTESIAN_POINT('',(-0.859836952074,4.758365364033,
    60.931721095576));
#1313 = CARTESIAN_POINT('',(-1.073291829326,4.758475507517,
    60.98348853322));
#1314 = CARTESIAN_POINT('',(-1.284826817834,4.758614039183,
    61.048598416147));
#1315 = CARTESIAN_POINT('',(-1.49385090539,4.758781564572,
    61.127335348887));
#1316 = CARTESIAN_POINT('',(-1.774039127009,4.759050178984,
    61.253584122415));
#1317 = CARTESIAN_POINT('',(-1.847944576972,4.759125315255,
    61.288898169635));
#1318 = CARTESIAN_POINT('',(-1.921400422026,4.759204372109,
    61.326054891316));
#1319 = CARTESIAN_POINT('',(-1.994371620046,4.759287388278,
    61.365072490771));
#1320 = CARTESIAN_POINT('',(-2.066820591264,4.75937440442,
    61.405970077594));
#1321 = CARTESIAN_POINT('',(-2.138707218267,4.759465463123,
    61.44876766766));
#1322 = CARTESIAN_POINT('',(-2.209988846,4.7595606089,61.493486183127));
#1323 = CARTESIAN_POINT('',(-2.372553679047,4.759789109455,
    61.600881443792));
#1324 = CARTESIAN_POINT('',(-2.463382205506,4.759925328784,
    61.664904528248));
#1325 = CARTESIAN_POINT('',(-2.553008339752,4.760068651808,
    61.732266349729));
#1326 = CARTESIAN_POINT('',(-2.64132190754,4.760219183318,
    61.803016159652));
#1327 = CARTESIAN_POINT('',(-2.728200221538,4.760377026094,
    61.877202264087));
#1328 = CARTESIAN_POINT('',(-2.813508221093,4.760542279725,
    61.954871470914));
#1329 = CARTESIAN_POINT('',(-2.897098611996,4.76071503944,62.03606853699
    ));
#1330 = CARTESIAN_POINT('',(-3.090715310514,4.761142384725,
    62.236920820714));
#1331 = CARTESIAN_POINT('',(-3.199082307926,4.761403584182,
    62.359684565612));
#1332 = CARTESIAN_POINT('',(-3.303515428755,4.761679242928,
    62.48924417596));
#1333 = CARTESIAN_POINT('',(-3.403536319335,4.761969517078,
    62.625673026661));
#1334 = CARTESIAN_POINT('',(-3.498594593483,4.762274439974,
    62.76898678765));
#1335 = CARTESIAN_POINT('',(-3.588079907792,4.762593885432,
    62.919126153079));
#1336 = CARTESIAN_POINT('',(-3.671337360823,4.762927523518,
    63.075936053601));
#1337 = CARTESIAN_POINT('',(-3.837534032808,4.76368340932,
    63.431202380524));
#1338 = CARTESIAN_POINT('',(-3.917894471994,4.764111257947,
    63.632291235039));
#1339 = CARTESIAN_POINT('',(-3.987486301789,4.764556762669,
    63.841678454531));
#1340 = CARTESIAN_POINT('',(-4.045081829544,4.765017812025,
    64.058371651628));
#1341 = CARTESIAN_POINT('',(-4.089582104583,4.765491674441,
    64.281086987429));
#1342 = CARTESIAN_POINT('',(-4.120089645199,4.765974935594,
    64.508219728947));
#1343 = CARTESIAN_POINT('',(-4.136035912152,4.766463396838,
    64.737796513984));
#1344 = CARTESIAN_POINT('',(-4.13819880753,4.76722635674,65.096387667807
    ));
#1345 = CARTESIAN_POINT('',(-4.134380709329,4.767500942655,
    65.225443047964));
#1346 = CARTESIAN_POINT('',(-4.125960138447,4.767774804449,
    65.354158091195));
#1347 = CARTESIAN_POINT('',(-4.112981941689,4.768047147679,
    65.482159409278));
#1348 = CARTESIAN_POINT('',(-4.095534148178,4.768317232388,
    65.609099222203));
#1349 = CARTESIAN_POINT('',(-4.073741611774,4.768584371399,
    65.734654557617));
#1350 = CARTESIAN_POINT('',(-4.04776127821,4.768847929045,
    65.858526651021));
#1351 = CARTESIAN_POINT('',(-3.973560850535,4.769489874671,
    66.160241095449));
#1352 = CARTESIAN_POINT('',(-3.920633487638,4.769863403312,
    66.335799556583));
#1353 = CARTESIAN_POINT('',(-3.859569311674,4.770226226762,
    66.506326577932));
#1354 = CARTESIAN_POINT('',(-3.791017429144,4.770577120946,
    66.671246844457));
#1355 = CARTESIAN_POINT('',(-3.715650493325,4.770915229558,
    66.830157892155));
#1356 = CARTESIAN_POINT('',(-3.634123804107,4.771239993949,
    66.982797156061));
#1357 = CARTESIAN_POINT('',(-3.547046743944,4.771551100537,
    67.129017252355));
#1358 = CARTESIAN_POINT('',(-3.375677078121,4.772104487152,
    67.389108961639));
#1359 = CARTESIAN_POINT('',(-3.292679191759,4.772350319505,
    67.504650167338));
#1360 = CARTESIAN_POINT('',(-3.206311904044,4.772585907591,
    67.615376567926));
#1361 = CARTESIAN_POINT('',(-3.116890449249,4.772811272882,
    67.721298254332));
#1362 = CARTESIAN_POINT('',(-3.024704034551,4.773026484795,
    67.822447853494));
#1363 = CARTESIAN_POINT('',(-2.930013591844,4.773231651978,
    67.918876429686));
#1364 = CARTESIAN_POINT('',(-2.833049529564,4.773426913587,
    68.010649385833));
#1365 = CARTESIAN_POINT('',(-2.430476928282,4.774180992927,
    68.365066675806));
#1366 = CARTESIAN_POINT('',(-2.108137220276,4.774656734711,
    68.58866531425));
#1367 = CARTESIAN_POINT('',(-1.772015576545,4.77504651335,
    68.771861274564));
#1368 = CARTESIAN_POINT('',(-1.426043366265,4.775353666788,
    68.91622339025));
#1369 = CARTESIAN_POINT('',(-1.073555979941,4.775581559425,
    69.023332929508));
#1370 = CARTESIAN_POINT('',(-0.717167439699,4.775732495534,
    69.094272900952));
#1371 = CARTESIAN_POINT('',(-0.358886093297,4.775808192734,
    69.129850585202));
#1372 = CARTESIAN_POINT('',(0.,4.775808192734,69.129850585202));
#1373 = PCURVE('',#441,#1374);
#1374 = DEFINITIONAL_REPRESENTATION('',(#1375),#1555);
#1375 = B_SPLINE_CURVE_WITH_KNOTS('',3,(#1376,#1377,#1378,#1379,#1380,
    #1381,#1382,#1383,#1384,#1385,#1386,#1387,#1388,#1389,#1390,#1391,
    #1392,#1393,#1394,#1395,#1396,#1397,#1398,#1399,#1400,#1401,#1402,
    #1403,#1404,#1405,#1406,#1407,#1408,#1409,#1410,#1411,#1412,#1413,
    #1414,#1415,#1416,#1417,#1418,#1419,#1420,#1421,#1422,#1423,#1424,
    #1425,#1426,#1427,#1428,#1429,#1430,#1431,#1432,#1433,#1434,#1435,
    #1436,#1437,#1438,#1439,#1440,#1441,#1442,#1443,#1444,#1445,#1446,
    #1447,#1448,#1449,#1450,#1451,#1452,#1453,#1454,#1455,#1456,#1457,
    #1458,#1459,#1460,#1461,#1462,#1463,#1464,#1465,#1466,#1467,#1468,
    #1469,#1470,#1471,#1472,#1473,#1474,#1475,#1476,#1477,#1478,#1479,
    #1480,#1481,#1482,#1483,#1484,#1485,#1486,#1487,#1488,#1489,#1490,
    #1491,#1492,#1493,#1494,#1495,#1496,#1497,#1498,#1499,#1500,#1501,
    #1502,#1503,#1504,#1505,#1506,#1507,#1508,#1509,#1510,#1511,#1512,
    #1513,#1514,#1515,#1516,#1517,#1518,#1519,#1520,#1521,#1522,#1523,
    #1524,#1525,#1526,#1527,#1528,#1529,#1530,#1531,#1532,#1533,#1534,
    #1535,#1536,#1537,#1538,#1539,#1540,#1541,#1542,#1543,#1544,#1545,
    #1546,#1547,#1548,#1549,#1550,#1551,#1552,#1553,#1554),
  .UNSPECIFIED.,.T.,.F.,(4,1,1,1,1,1,1,1,1,1,1,1,1,1,1,1,1,1,1,1,1,1,1,1
    ,1,1,1,1,1,1,1,1,1,1,1,1,1,1,1,1,1,1,1,1,1,1,1,1,1,1,1,1,1,1,1,1,1,1
    ,1,1,1,1,1,1,1,1,1,1,1,1,1,1,1,1,1,1,1,1,1,1,1,1,1,1,1,1,1,1,1,1,1,1
    ,1,1,1,1,1,1,1,1,1,1,1,1,1,1,1,1,1,1,1,1,1,1,1,1,1,1,1,1,1,1,1,1,1,1
    ,1,1,1,1,1,1,1,1,1,1,1,1,1,1,1,1,1,1,1,1,1,1,1,1,1,1,1,1,1,1,1,1,1,1
    ,1,1,1,1,1,1,1,1,1,1,1,1,1,1,1,1,4),(0.,8.861568834077E-03,
    1.772313766815E-02,2.658470650223E-02,3.544627533631E-02,
    4.430784417039E-02,5.316941300446E-02,6.203098183854E-02,
    7.089255067262E-02,7.97541195067E-02,8.861568834077E-02,
    9.747725717485E-02,0.106338826009,0.115200394843,0.124061963677,
    0.132923532511,0.141785101345,0.150646670179,0.159508239013,
    0.168369807847,0.177231376682,0.186092945516,0.19495451435,
    0.203816083184,0.212677652018,0.221539220852,0.230400789686,
    0.23926235852,0.248123927354,0.256985496188,0.265847065022,
    0.274708633856,0.28357020269,0.292431771525,0.301293340359,
    0.310154909193,0.319016478027,0.327878046861,0.336739615695,
    0.345601184529,0.354462753363,0.363324322197,0.372185891031,
    0.381047459865,0.389909028699,0.398770597533,0.407632166368,
    0.416493735202,0.425355304036,0.43421687287,0.443078441704,
    0.451940010538,0.460801579372,0.469663148206,0.47852471704,
    0.487386285874,0.496247854708,0.505109423542,0.513970992376,
    0.522832561211,0.531694130045,0.540555698879,0.549417267713,
    0.558278836547,0.567140405381,0.576001974215,0.584863543049,
    0.593725111883,0.602586680717,0.611448249551,0.620309818385,
    0.629171387219,0.638032956054,0.646894524888,0.655756093722,
    0.664617662556,0.67347923139,0.682340800224,0.691202369058,
    0.700063937892,0.708925506726,0.71778707556,0.726648644394,
    0.735510213228,0.744371782063,0.753233350897,0.762094919731,
    0.770956488565,0.779818057399,0.788679626233,0.797541195067,
    0.806402763901,0.815264332735,0.824125901569,0.832987470403,
    0.841849039237,0.850710608071,0.859572176906,0.86843374574,
    0.877295314574,0.886156883408,0.895018452242,0.903880021076,
    0.91274158991,0.921603158744,0.930464727578,0.939326296412,
    0.948187865246,0.95704943408,0.965911002914,0.974772571749,
    0.983634140583,0.992495709417,1.001357278251,1.010218847085,
    1.019080415919,1.027941984753,1.036803553587,1.045665122421,
    1.054526691255,1.063388260089,1.072249828923,1.081111397757,
    1.089972966592,1.098834535426,1.10769610426,1.116557673094,
    1.125419241928,1.134280810762,1.143142379596,1.15200394843,
    1.160865517264,1.169727086098,1.178588654932,1.187450223766,
    1.1963117926,1.205173361435,1.214034930269,1.222896499103,
    1.231758067937,1.240619636771,1.249481205605,1.258342774439,
    1.267204343273,1.276065912107,1.284927480941,1.293789049775,
    1.302650618609,1.311512187443,1.320373756278,1.329235325112,
    1.338096893946,1.34695846278,1.355820031614,1.364681600448,
    1.373543169282,1.382404738116,1.39126630695,1.400127875784,
    1.408989444618,1.417851013452,1.426712582286,1.435574151121,
    1.444435719955,1.453297288789,1.462158857623,1.471020426457,
    1.479881995291,1.488743564125,1.497605132959,1.506466701793,
    1.515328270627,1.524189839461,1.533051408295,1.541912977129,
    1.550774545964,1.559636114798),.QUASI_UNIFORM_KNOTS.);
#1376 = CARTESIAN_POINT('',(11.729564430431,0.838721284896));
#1377 = CARTESIAN_POINT('',(11.772362460635,0.838721278006));
#1378 = CARTESIAN_POINT('',(11.857936978657,0.838702676808));
#1379 = CARTESIAN_POINT('',(11.986189633016,0.838618967867));
#1380 = CARTESIAN_POINT('',(12.114290480741,0.838479437069));
#1381 = CARTESIAN_POINT('',(12.242190497414,0.838283964067));
#1382 = CARTESIAN_POINT('',(12.369836591796,0.838032369948));
#1383 = CARTESIAN_POINT('',(12.497171058255,0.837724413539));
#1384 = CARTESIAN_POINT('',(12.624131762484,0.837359799812));
#1385 = CARTESIAN_POINT('',(12.750652112062,0.836938183755));
#1386 = CARTESIAN_POINT('',(12.876661068868,0.836459174336));
#1387 = CARTESIAN_POINT('',(13.002083136325,0.835922337406));
#1388 = CARTESIAN_POINT('',(13.126838340216,0.835327197925));
#1389 = CARTESIAN_POINT('',(13.250842197751,0.834673241405));
#1390 = CARTESIAN_POINT('',(13.374005675055,0.833959914554));
#1391 = CARTESIAN_POINT('',(13.496235130337,0.833186625027));
#1392 = CARTESIAN_POINT('',(13.6174322412,0.832352740144));
#1393 = CARTESIAN_POINT('',(13.737493907718,0.831457584473));
#1394 = CARTESIAN_POINT('',(13.856312143976,0.830500435839));
#1395 = CARTESIAN_POINT('',(13.973773888444,0.829480520362));
#1396 = CARTESIAN_POINT('',(14.089760966825,0.828397003048));
#1397 = CARTESIAN_POINT('',(14.204149305236,0.827248985508));
#1398 = CARTESIAN_POINT('',(14.316810726522,0.826035466028));
#1399 = CARTESIAN_POINT('',(14.427604853551,0.824755427247));
#1400 = CARTESIAN_POINT('',(14.536407639201,0.823407432796));
#1401 = CARTESIAN_POINT('',(14.642974159165,0.821991406451));
#1402 = CARTESIAN_POINT('',(14.747112419834,0.82050660783));
#1403 = CARTESIAN_POINT('',(14.848618878231,0.81895230084));
#1404 = CARTESIAN_POINT('',(14.947270443845,0.817327912076));
#1405 = CARTESIAN_POINT('',(15.042827574193,0.815633012453));
#1406 = CARTESIAN_POINT('',(15.135034348331,0.813867347048));
#1407 = CARTESIAN_POINT('',(15.223619530815,0.812030848894));
#1408 = CARTESIAN_POINT('',(15.308296692632,0.810123668734));
#1409 = CARTESIAN_POINT('',(15.388753363386,0.808146490049));
#1410 = CARTESIAN_POINT('',(15.464660840756,0.806100473101));
#1411 = CARTESIAN_POINT('',(15.535676804134,0.803987320282));
#1412 = CARTESIAN_POINT('',(15.601449737208,0.801809320106));
#1413 = CARTESIAN_POINT('',(15.661623545649,0.799569411873));
#1414 = CARTESIAN_POINT('',(15.71584361195,0.797271226368));
#1415 = CARTESIAN_POINT('',(15.763760932973,0.794919239322));
#1416 = CARTESIAN_POINT('',(15.805046522741,0.792518535302));
#1417 = CARTESIAN_POINT('',(15.839402026709,0.790074101099));
#1418 = CARTESIAN_POINT('',(15.866521189433,0.787594720608));
#1419 = CARTESIAN_POINT('',(15.886175243065,0.785088654635));
#1420 = CARTESIAN_POINT('',(15.898194533376,0.782564524966));
#1421 = CARTESIAN_POINT('',(15.902473956233,0.780031072296));
#1422 = CARTESIAN_POINT('',(15.898972815463,0.777497202378));
#1423 = CARTESIAN_POINT('',(15.887717754496,0.77497200676));
#1424 = CARTESIAN_POINT('',(15.868803539843,0.772464598241));
#1425 = CARTESIAN_POINT('',(15.842403930085,0.769984714157));
#1426 = CARTESIAN_POINT('',(15.808747534816,0.767540321651));
#1427 = CARTESIAN_POINT('',(15.768098161193,0.765138038399));
#1428 = CARTESIAN_POINT('',(15.720761456745,0.762784202315));
#1429 = CARTESIAN_POINT('',(15.667065074148,0.760484067583));
#1430 = CARTESIAN_POINT('',(15.607353521237,0.758242122935));
#1431 = CARTESIAN_POINT('',(15.541980513939,0.756062096482));
#1432 = CARTESIAN_POINT('',(15.47130320514,0.753947033581));
#1433 = CARTESIAN_POINT('',(15.395676895065,0.751899346809));
#1434 = CARTESIAN_POINT('',(15.31545034203,0.749920864633));
#1435 = CARTESIAN_POINT('',(15.230961505733,0.748012882677));
#1436 = CARTESIAN_POINT('',(15.142533187784,0.746176184776));
#1437 = CARTESIAN_POINT('',(15.050440627803,0.744410581262));
#1438 = CARTESIAN_POINT('',(14.954959852741,0.742716033074));
#1439 = CARTESIAN_POINT('',(14.856348537158,0.741092241073));
#1440 = CARTESIAN_POINT('',(14.75484928542,0.739538758777));
#1441 = CARTESIAN_POINT('',(14.650687617383,0.738054983177));
#1442 = CARTESIAN_POINT('',(14.544072422864,0.736640190354));
#1443 = CARTESIAN_POINT('',(14.435191841506,0.735293513798));
#1444 = CARTESIAN_POINT('',(14.324229275263,0.734014158216));
#1445 = CARTESIAN_POINT('',(14.211349766567,0.732801230144));
#1446 = CARTESIAN_POINT('',(14.096707585865,0.731653841304));
#1447 = CARTESIAN_POINT('',(13.980446586988,0.730571113));
#1448 = CARTESIAN_POINT('',(13.862700193468,0.729552177968));
#1449 = CARTESIAN_POINT('',(13.743591083442,0.728596179091));
#1450 = CARTESIAN_POINT('',(13.623236898362,0.727702319439));
#1451 = CARTESIAN_POINT('',(13.501745550606,0.726869820353));
#1452 = CARTESIAN_POINT('',(13.379219833102,0.726097954022));
#1453 = CARTESIAN_POINT('',(13.255754291562,0.725386025571));
#1454 = CARTESIAN_POINT('',(13.131444195157,0.724733420531));
#1455 = CARTESIAN_POINT('',(13.006375728456,0.724139542856));
#1456 = CARTESIAN_POINT('',(12.880626556564,0.723603830294));
#1457 = CARTESIAN_POINT('',(12.754273754326,0.72312579023));
#1458 = CARTESIAN_POINT('',(12.627391754674,0.722704984594));
#1459 = CARTESIAN_POINT('',(12.50005295912,0.722341029591));
#1460 = CARTESIAN_POINT('',(12.372327634029,0.722033592641));
#1461 = CARTESIAN_POINT('',(12.244283955271,0.721782391254));
#1462 = CARTESIAN_POINT('',(12.115988127346,0.721587192562));
#1463 = CARTESIAN_POINT('',(11.987504010133,0.721447813864));
#1464 = CARTESIAN_POINT('',(11.858894594732,0.721364124077));
#1465 = CARTESIAN_POINT('',(11.730216529509,0.721336046115));
#1466 = CARTESIAN_POINT('',(11.601540571195,0.721363560274));
#1467 = CARTESIAN_POINT('',(11.472934391918,0.721446681761));
#1468 = CARTESIAN_POINT('',(11.344453852355,0.721585485906));
#1469 = CARTESIAN_POINT('',(11.216160928963,0.721780103697));
#1470 = CARTESIAN_POINT('',(11.088118900923,0.722030718749));
#1471 = CARTESIAN_POINT('',(10.960393641598,0.722337565106));
#1472 = CARTESIAN_POINT('',(10.833053286238,0.722700926036));
#1473 = CARTESIAN_POINT('',(10.706168344413,0.723121133783));
#1474 = CARTESIAN_POINT('',(10.57981171164,0.723598570239));
#1475 = CARTESIAN_POINT('',(10.454058694018,0.724133668759));
#1476 = CARTESIAN_POINT('',(10.328987136304,0.724726916228));
#1477 = CARTESIAN_POINT('',(10.204677178015,0.725378858711));
#1478 = CARTESIAN_POINT('',(10.081212448898,0.726090098312));
#1479 = CARTESIAN_POINT('',(9.958675933922,0.726861327344));
#1480 = CARTESIAN_POINT('',(9.837173670502,0.727693177536));
#1481 = CARTESIAN_POINT('',(9.716806802017,0.728586383134));
#1482 = CARTESIAN_POINT('',(9.597684200166,0.729541716112));
#1483 = CARTESIAN_POINT('',(9.479922158106,0.730559985243));
#1484 = CARTESIAN_POINT('',(9.363644171246,0.731642038591));
#1485 = CARTESIAN_POINT('',(9.248985778068,0.732788720769));
#1486 = CARTESIAN_POINT('',(9.136087386125,0.734000943191));
#1487 = CARTESIAN_POINT('',(9.025103467367,0.735279591445));
#1488 = CARTESIAN_POINT('',(8.916200614302,0.736625539243));
#1489 = CARTESIAN_POINT('',(8.80955889565,0.738039624071));
#1490 = CARTESIAN_POINT('',(8.705367787106,0.739522700777));
#1491 = CARTESIAN_POINT('',(8.603841317991,0.741075409654));
#1492 = CARTESIAN_POINT('',(8.505200071838,0.74269842041));
#1493 = CARTESIAN_POINT('',(8.409682785038,0.744392250669));
#1494 = CARTESIAN_POINT('',(8.317549694371,0.746157162423));
#1495 = CARTESIAN_POINT('',(8.229079687505,0.747993149291));
#1496 = CARTESIAN_POINT('',(8.144568817672,0.749899900826));
#1497 = CARTESIAN_POINT('',(8.064328644257,0.751876754288));
#1498 = CARTESIAN_POINT('',(7.988682993042,0.753922705935));
#1499 = CARTESIAN_POINT('',(7.917970301592,0.756036183276));
#1500 = CARTESIAN_POINT('',(7.852506076946,0.758216271764));
#1501 = CARTESIAN_POINT('',(7.792686772707,0.760459078153));
#1502 = CARTESIAN_POINT('',(7.738884443655,0.762760339751));
#1503 = CARTESIAN_POINT('',(7.69145426451,0.765115114013));
#1504 = CARTESIAN_POINT('',(7.65072612951,0.767517827673));
#1505 = CARTESIAN_POINT('',(7.616999803237,0.769962223168));
#1506 = CARTESIAN_POINT('',(7.590538163082,0.772441338301));
#1507 = CARTESIAN_POINT('',(7.571559758395,0.774947432706));
#1508 = CARTESIAN_POINT('',(7.560230103301,0.777472066047));
#1509 = CARTESIAN_POINT('',(7.556651668123,0.780005589688));
#1510 = CARTESIAN_POINT('',(7.560852155385,0.782538860472));
#1511 = CARTESIAN_POINT('',(7.572791655564,0.785062805701));
#1512 = CARTESIAN_POINT('',(7.592361263833,0.787568333488));
#1513 = CARTESIAN_POINT('',(7.619390344033,0.79004703817));
#1514 = CARTESIAN_POINT('',(7.653653250782,0.792491034195));
#1515 = CARTESIAN_POINT('',(7.694871824147,0.794892850576));
#1516 = CARTESIAN_POINT('',(7.742731987062,0.797246065377));
#1517 = CARTESIAN_POINT('',(7.796901001057,0.799545465904));
#1518 = CARTESIAN_POINT('',(7.857030806592,0.801786604295));
#1519 = CARTESIAN_POINT('',(7.922766432991,0.803965835484));
#1520 = CARTESIAN_POINT('',(7.993751696787,0.806080216745));
#1521 = CARTESIAN_POINT('',(8.069634821787,0.808127452649));
#1522 = CARTESIAN_POINT('',(8.150073134215,0.810105833667));
#1523 = CARTESIAN_POINT('',(8.234737593049,0.812014191656));
#1524 = CARTESIAN_POINT('',(8.323314967891,0.813851831051));
#1525 = CARTESIAN_POINT('',(8.415517162916,0.815618575));
#1526 = CARTESIAN_POINT('',(8.511073566863,0.817314511167));
#1527 = CARTESIAN_POINT('',(8.609728213809,0.818939897809));
#1528 = CARTESIAN_POINT('',(8.711241161427,0.820495162313));
#1529 = CARTESIAN_POINT('',(8.815389834124,0.821980886628));
#1530 = CARTESIAN_POINT('',(8.921966459893,0.823397756846));
#1531 = CARTESIAN_POINT('',(9.030791171458,0.824746669298));
#1532 = CARTESIAN_POINT('',(9.141612909171,0.826027607426));
#1533 = CARTESIAN_POINT('',(9.2543003593,0.827241931065));
#1534 = CARTESIAN_POINT('',(9.368715374211,0.828390691599));
#1535 = CARTESIAN_POINT('',(9.484729441986,0.82947489261));
#1536 = CARTESIAN_POINT('',(9.602218816809,0.830495440787));
#1537 = CARTESIAN_POINT('',(9.721065446562,0.831453175819));
#1538 = CARTESIAN_POINT('',(9.841156415195,0.832348875652));
#1539 = CARTESIAN_POINT('',(9.962383841013,0.833183265354));
#1540 = CARTESIAN_POINT('',(10.084644701593,0.833957022449));
#1541 = CARTESIAN_POINT('',(10.207840719056,0.834670781013));
#1542 = CARTESIAN_POINT('',(10.331878262801,0.835325134244));
#1543 = CARTESIAN_POINT('',(10.456668275175,0.835920635866));
#1544 = CARTESIAN_POINT('',(10.582126213632,0.836457800483));
#1545 = CARTESIAN_POINT('',(10.708172007243,0.836937103035));
#1546 = CARTESIAN_POINT('',(10.834730024947,0.837358977448));
#1547 = CARTESIAN_POINT('',(10.961729055587,0.837723814488));
#1548 = CARTESIAN_POINT('',(11.089102294443,0.838031958933));
#1549 = CARTESIAN_POINT('',(11.216787354743,0.838283705701));
#1550 = CARTESIAN_POINT('',(11.344726237746,0.83847929605));
#1551 = CARTESIAN_POINT('',(11.472865515818,0.838618909286));
#1552 = CARTESIAN_POINT('',(11.601155789452,0.838702666487));
#1553 = CARTESIAN_POINT('',(11.686754554656,0.838721278058));
#1554 = CARTESIAN_POINT('',(11.729564430431,0.838721284896));
#1555 = ( GEOMETRIC_REPRESENTATION_CONTEXT(2) 
PARAMETRIC_REPRESENTATION_CONTEXT() REPRESENTATION_CONTEXT('2D SPACE',''
  ) );
#1556 = PCURVE('',#1557,#1562);
#1557 = CONICAL_SURFACE('',#1558,4.5,0.715584993318);
#1558 = AXIS2_PLACEMENT_3D('',#1559,#1560,#1561);
#1559 = CARTESIAN_POINT('',(0.,4.35,65.));
#1560 = DIRECTION('',(-0.,-1.,-0.));
#1561 = DIRECTION('',(0.,-0.,1.));
#1562 = DEFINITIONAL_REPRESENTATION('',(#1563),#1743);
#1563 = B_SPLINE_CURVE_WITH_KNOTS('',3,(#1564,#1565,#1566,#1567,#1568,
    #1569,#1570,#1571,#1572,#1573,#1574,#1575,#1576,#1577,#1578,#1579,
    #1580,#1581,#1582,#1583,#1584,#1585,#1586,#1587,#1588,#1589,#1590,
    #1591,#1592,#1593,#1594,#1595,#1596,#1597,#1598,#1599,#1600,#1601,
    #1602,#1603,#1604,#1605,#1606,#1607,#1608,#1609,#1610,#1611,#1612,
    #1613,#1614,#1615,#1616,#1617,#1618,#1619,#1620,#1621,#1622,#1623,
    #1624,#1625,#1626,#1627,#1628,#1629,#1630,#1631,#1632,#1633,#1634,
    #1635,#1636,#1637,#1638,#1639,#1640,#1641,#1642,#1643,#1644,#1645,
    #1646,#1647,#1648,#1649,#1650,#1651,#1652,#1653,#1654,#1655,#1656,
    #1657,#1658,#1659,#1660,#1661,#1662,#1663,#1664,#1665,#1666,#1667,
    #1668,#1669,#1670,#1671,#1672,#1673,#1674,#1675,#1676,#1677,#1678,
    #1679,#1680,#1681,#1682,#1683,#1684,#1685,#1686,#1687,#1688,#1689,
    #1690,#1691,#1692,#1693,#1694,#1695,#1696,#1697,#1698,#1699,#1700,
    #1701,#1702,#1703,#1704,#1705,#1706,#1707,#1708,#1709,#1710,#1711,
    #1712,#1713,#1714,#1715,#1716,#1717,#1718,#1719,#1720,#1721,#1722,
    #1723,#1724,#1725,#1726,#1727,#1728,#1729,#1730,#1731,#1732,#1733,
    #1734,#1735,#1736,#1737,#1738,#1739,#1740,#1741,#1742),
  .UNSPECIFIED.,.F.,.F.,(4,1,1,1,1,1,1,1,1,1,1,1,1,1,1,1,1,1,1,1,1,1,1,1
    ,1,1,1,1,1,1,1,1,1,1,1,1,1,1,1,1,1,1,1,1,1,1,1,1,1,1,1,1,1,1,1,1,1,1
    ,1,1,1,1,1,1,1,1,1,1,1,1,1,1,1,1,1,1,1,1,1,1,1,1,1,1,1,1,1,1,1,1,1,1
    ,1,1,1,1,1,1,1,1,1,1,1,1,1,1,1,1,1,1,1,1,1,1,1,1,1,1,1,1,1,1,1,1,1,1
    ,1,1,1,1,1,1,1,1,1,1,1,1,1,1,1,1,1,1,1,1,1,1,1,1,1,1,1,1,1,1,1,1,1,1
    ,1,1,1,1,1,1,1,1,1,1,1,1,1,1,1,1,4),(0.,8.861568834077E-03,
    1.772313766815E-02,2.658470650223E-02,3.544627533631E-02,
    4.430784417039E-02,5.316941300446E-02,6.203098183854E-02,
    7.089255067262E-02,7.97541195067E-02,8.861568834077E-02,
    9.747725717485E-02,0.106338826009,0.115200394843,0.124061963677,
    0.132923532511,0.141785101345,0.150646670179,0.159508239013,
    0.168369807847,0.177231376682,0.186092945516,0.19495451435,
    0.203816083184,0.212677652018,0.221539220852,0.230400789686,
    0.23926235852,0.248123927354,0.256985496188,0.265847065022,
    0.274708633856,0.28357020269,0.292431771525,0.301293340359,
    0.310154909193,0.319016478027,0.327878046861,0.336739615695,
    0.345601184529,0.354462753363,0.363324322197,0.372185891031,
    0.381047459865,0.389909028699,0.398770597533,0.407632166368,
    0.416493735202,0.425355304036,0.43421687287,0.443078441704,
    0.451940010538,0.460801579372,0.469663148206,0.47852471704,
    0.487386285874,0.496247854708,0.505109423542,0.513970992376,
    0.522832561211,0.531694130045,0.540555698879,0.549417267713,
    0.558278836547,0.567140405381,0.576001974215,0.584863543049,
    0.593725111883,0.602586680717,0.611448249551,0.620309818385,
    0.629171387219,0.638032956054,0.646894524888,0.655756093722,
    0.664617662556,0.67347923139,0.682340800224,0.691202369058,
    0.700063937892,0.708925506726,0.71778707556,0.726648644394,
    0.735510213228,0.744371782063,0.753233350897,0.762094919731,
    0.770956488565,0.779818057399,0.788679626233,0.797541195067,
    0.806402763901,0.815264332735,0.824125901569,0.832987470403,
    0.841849039237,0.850710608071,0.859572176906,0.86843374574,
    0.877295314574,0.886156883408,0.895018452242,0.903880021076,
    0.91274158991,0.921603158744,0.930464727578,0.939326296412,
    0.948187865246,0.95704943408,0.965911002914,0.974772571749,
    0.983634140583,0.992495709417,1.001357278251,1.010218847085,
    1.019080415919,1.027941984753,1.036803553587,1.045665122421,
    1.054526691255,1.063388260089,1.072249828923,1.081111397757,
    1.089972966592,1.098834535426,1.10769610426,1.116557673094,
    1.125419241928,1.134280810762,1.143142379596,1.15200394843,
    1.160865517264,1.169727086098,1.178588654932,1.187450223766,
    1.1963117926,1.205173361435,1.214034930269,1.222896499103,
    1.231758067937,1.240619636771,1.249481205605,1.258342774439,
    1.267204343273,1.276065912107,1.284927480941,1.293789049775,
    1.302650618609,1.311512187443,1.320373756278,1.329235325112,
    1.338096893946,1.34695846278,1.355820031614,1.364681600448,
    1.373543169282,1.382404738116,1.39126630695,1.400127875784,
    1.408989444618,1.417851013452,1.426712582286,1.435574151121,
    1.444435719955,1.453297288789,1.462158857623,1.471020426457,
    1.479881995291,1.488743564125,1.497605132959,1.506466701793,
    1.515328270627,1.524189839461,1.533051408295,1.541912977129,
    1.550774545964,1.559636114798),.QUASI_UNIFORM_KNOTS.);
#1564 = CARTESIAN_POINT('',(0.,-0.425808192734));
#1565 = CARTESIAN_POINT('',(-1.030096192281E-02,-0.425808194893));
#1566 = CARTESIAN_POINT('',(-3.089767657895E-02,-0.425805412963));
#1567 = CARTESIAN_POINT('',(-6.179563610277E-02,-0.425792866401));
#1568 = CARTESIAN_POINT('',(-9.271536575546E-02,-0.42577192706));
#1569 = CARTESIAN_POINT('',(-0.123674461942,-0.425742590503));
#1570 = CARTESIAN_POINT('',(-0.154689869034,-0.425704840729));
#1571 = CARTESIAN_POINT('',(-0.185777881583,-0.425658647303));
#1572 = CARTESIAN_POINT('',(-0.216954302231,-0.425603964359));
#1573 = CARTESIAN_POINT('',(-0.2482345486,-0.425540734033));
#1574 = CARTESIAN_POINT('',(-0.279633768139,-0.425468890778));
#1575 = CARTESIAN_POINT('',(-0.311166948154,-0.425388365176));
#1576 = CARTESIAN_POINT('',(-0.342849027123,-0.425299086066));
#1577 = CARTESIAN_POINT('',(-0.374695008172,-0.425200980555));
#1578 = CARTESIAN_POINT('',(-0.406720077127,-0.425093972093));
#1579 = CARTESIAN_POINT('',(-0.438939727309,-0.424977977364));
#1580 = CARTESIAN_POINT('',(-0.471369894291,-0.424852903114));
#1581 = CARTESIAN_POINT('',(-0.504027102502,-0.424718644205));
#1582 = CARTESIAN_POINT('',(-0.536928633551,-0.424575083871));
#1583 = CARTESIAN_POINT('',(-0.570092700137,-0.424422096884));
#1584 = CARTESIAN_POINT('',(-0.603538710816,-0.424259554018));
#1585 = CARTESIAN_POINT('',(-0.637287337507,-0.424087328564));
#1586 = CARTESIAN_POINT('',(-0.671361496469,-0.423905287765));
#1587 = CARTESIAN_POINT('',(-0.705784138561,-0.423713305813));
#1588 = CARTESIAN_POINT('',(-0.740588212593,-0.42351111699));
#1589 = CARTESIAN_POINT('',(-0.775772203668,-0.423298710434));
#1590 = CARTESIAN_POINT('',(-0.811354474605,-0.423075992208));
#1591 = CARTESIAN_POINT('',(-0.847354337308,-0.4228428448));
#1592 = CARTESIAN_POINT('',(-0.883789082947,-0.422599185455));
#1593 = CARTESIAN_POINT('',(-0.920674975522,-0.422344952759));
#1594 = CARTESIAN_POINT('',(-0.958027142028,-0.42208010228));
#1595 = CARTESIAN_POINT('',(-0.995859804904,-0.421804633774));
#1596 = CARTESIAN_POINT('',(-1.034186148063,-0.42151852437));
#1597 = CARTESIAN_POINT('',(-1.073012651482,-0.421221967991));
#1598 = CARTESIAN_POINT('',(-1.112341320246,-0.420915092502));
#1599 = CARTESIAN_POINT('',(-1.152169110827,-0.42059810341));
#1600 = CARTESIAN_POINT('',(-1.192487777638,-0.420271376391));
#1601 = CARTESIAN_POINT('',(-1.233283275498,-0.419935401756));
#1602 = CARTESIAN_POINT('',(-1.274535498359,-0.419590716931));
#1603 = CARTESIAN_POINT('',(-1.316215870237,-0.419237890371));
#1604 = CARTESIAN_POINT('',(-1.358291750683,-0.418877774934));
#1605 = CARTESIAN_POINT('',(-1.400738257841,-0.41851110408));
#1606 = CARTESIAN_POINT('',(-1.443470791439,-0.418139209897));
#1607 = CARTESIAN_POINT('',(-1.486419974701,-0.41776330756));
#1608 = CARTESIAN_POINT('',(-1.529514571699,-0.417384682551));
#1609 = CARTESIAN_POINT('',(-1.572684359177,-0.417004655525));
#1610 = CARTESIAN_POINT('',(-1.615857873589,-0.416624576503));
#1611 = CARTESIAN_POINT('',(-1.658960586923,-0.416245809623));
#1612 = CARTESIAN_POINT('',(-1.701916196342,-0.415869699387));
#1613 = CARTESIAN_POINT('',(-1.744634561333,-0.415497702504));
#1614 = CARTESIAN_POINT('',(-1.787051267517,-0.415131060649));
#1615 = CARTESIAN_POINT('',(-1.829119910197,-0.414770703555));
#1616 = CARTESIAN_POINT('',(-1.870792929778,-0.414417622741));
#1617 = CARTESIAN_POINT('',(-1.912035215932,-0.414072610305));
#1618 = CARTESIAN_POINT('',(-1.952818550971,-0.413736325109));
#1619 = CARTESIAN_POINT('',(-1.993121632639,-0.413409316313));
#1620 = CARTESIAN_POINT('',(-2.032928971191,-0.413092048946));
#1621 = CARTESIAN_POINT('',(-2.072230379218,-0.412784898767));
#1622 = CARTESIAN_POINT('',(-2.111020575984,-0.412488138634));
#1623 = CARTESIAN_POINT('',(-2.149298854129,-0.412201932174));
#1624 = CARTESIAN_POINT('',(-2.187069319079,-0.411926428189));
#1625 = CARTESIAN_POINT('',(-2.224351834259,-0.411661586961));
#1626 = CARTESIAN_POINT('',(-2.261159935248,-0.411407404369));
#1627 = CARTESIAN_POINT('',(-2.297509468572,-0.411163836649));
#1628 = CARTESIAN_POINT('',(-2.333416840699,-0.410930814624));
#1629 = CARTESIAN_POINT('',(-2.368899718645,-0.410708246419));
#1630 = CARTESIAN_POINT('',(-2.403976768839,-0.410496028091));
#1631 = CARTESIAN_POINT('',(-2.43866888675,-0.410294026137));
#1632 = CARTESIAN_POINT('',(-2.472994178464,-0.410102116288));
#1633 = CARTESIAN_POINT('',(-2.506972568362,-0.40992018933));
#1634 = CARTESIAN_POINT('',(-2.540623518734,-0.409748080635));
#1635 = CARTESIAN_POINT('',(-2.573966154272,-0.409585659002));
#1636 = CARTESIAN_POINT('',(-2.607019471548,-0.409432827833));
#1637 = CARTESIAN_POINT('',(-2.639802626593,-0.409289420708));
#1638 = CARTESIAN_POINT('',(-2.672333528769,-0.409155337766));
#1639 = CARTESIAN_POINT('',(-2.704630363952,-0.409030480437));
#1640 = CARTESIAN_POINT('',(-2.736710537628,-0.40891470006));
#1641 = CARTESIAN_POINT('',(-2.768591655022,-0.40880790356));
#1642 = CARTESIAN_POINT('',(-2.800289398545,-0.408710007207));
#1643 = CARTESIAN_POINT('',(-2.831820245212,-0.40862092456));
#1644 = CARTESIAN_POINT('',(-2.863201394707,-0.408540574906));
#1645 = CARTESIAN_POINT('',(-2.89444892755,-0.408468873735));
#1646 = CARTESIAN_POINT('',(-2.925578487619,-0.408405751807));
#1647 = CARTESIAN_POINT('',(-2.956605272687,-0.408351153566));
#1648 = CARTESIAN_POINT('',(-2.987544194898,-0.408305034205));
#1649 = CARTESIAN_POINT('',(-3.018409993246,-0.408267354941));
#1650 = CARTESIAN_POINT('',(-3.049217322076,-0.40823808021));
#1651 = CARTESIAN_POINT('',(-3.079980952358,-0.408217177613));
#1652 = CARTESIAN_POINT('',(-3.110715529847,-0.408204622914));
#1653 = CARTESIAN_POINT('',(-3.141436992225,-0.408200403659));
#1654 = CARTESIAN_POINT('',(-3.172157803046,-0.408204542802));
#1655 = CARTESIAN_POINT('',(-3.202891159541,-0.408217017381));
#1656 = CARTESIAN_POINT('',(-3.233653181254,-0.408237830803));
#1657 = CARTESIAN_POINT('',(-3.264458749487,-0.408267010885));
#1658 = CARTESIAN_POINT('',(-3.295322768018,-0.408304595318));
#1659 = CARTESIAN_POINT('',(-3.326259965386,-0.408350624774));
#1660 = CARTESIAN_POINT('',(-3.357285085329,-0.408405139653));
#1661 = CARTESIAN_POINT('',(-3.388412974561,-0.408468181698));
#1662 = CARTESIAN_POINT('',(-3.419658700484,-0.408539799157));
#1663 = CARTESIAN_POINT('',(-3.451037675254,-0.408620053298));
#1664 = CARTESIAN_POINT('',(-3.482565763702,-0.408709024065));
#1665 = CARTESIAN_POINT('',(-3.514259503989,-0.408806807428));
#1666 = CARTESIAN_POINT('',(-3.546135962623,-0.408913511637));
#1667 = CARTESIAN_POINT('',(-3.578214022116,-0.409029199568));
#1668 = CARTESIAN_POINT('',(-3.610508327888,-0.409153985122));
#1669 = CARTESIAN_POINT('',(-3.643036673979,-0.409287960875));
#1670 = CARTESIAN_POINT('',(-3.675816971275,-0.409431244714));
#1671 = CARTESIAN_POINT('',(-3.708867492521,-0.40958399639));
#1672 = CARTESIAN_POINT('',(-3.742207128174,-0.409746302532));
#1673 = CARTESIAN_POINT('',(-3.775854217915,-0.409918296405));
#1674 = CARTESIAN_POINT('',(-3.80982885824,-0.410100147284));
#1675 = CARTESIAN_POINT('',(-3.844150420202,-0.410291948065));
#1676 = CARTESIAN_POINT('',(-3.878838299815,-0.410493824374));
#1677 = CARTESIAN_POINT('',(-3.913911647014,-0.410705932384));
#1678 = CARTESIAN_POINT('',(-3.949390961293,-0.41092841062));
#1679 = CARTESIAN_POINT('',(-3.985293000032,-0.411161297219));
#1680 = CARTESIAN_POINT('',(-4.021637027502,-0.411404762292));
#1681 = CARTESIAN_POINT('',(-4.058440934547,-0.411658847392));
#1682 = CARTESIAN_POINT('',(-4.095719650745,-0.411923577222));
#1683 = CARTESIAN_POINT('',(-4.133485650171,-0.412198963179));
#1684 = CARTESIAN_POINT('',(-4.171748900072,-0.412484979053));
#1685 = CARTESIAN_POINT('',(-4.210516591227,-0.412781525682));
#1686 = CARTESIAN_POINT('',(-4.249793891037,-0.413088411803));
#1687 = CARTESIAN_POINT('',(-4.28958037114,-0.413405427027));
#1688 = CARTESIAN_POINT('',(-4.329892897054,-0.413732446443));
#1689 = CARTESIAN_POINT('',(-4.37069900839,-0.414068858373));
#1690 = CARTESIAN_POINT('',(-4.411967432036,-0.414414047396));
#1691 = CARTESIAN_POINT('',(-4.453661913245,-0.41476726916));
#1692 = CARTESIAN_POINT('',(-4.495742052081,-0.41512767809));
#1693 = CARTESIAN_POINT('',(-4.538161995087,-0.415494332324));
#1694 = CARTESIAN_POINT('',(-4.580869617546,-0.415866195977));
#1695 = CARTESIAN_POINT('',(-4.623804602538,-0.416242116465));
#1696 = CARTESIAN_POINT('',(-4.666898890911,-0.416620816257));
#1697 = CARTESIAN_POINT('',(-4.710066878986,-0.417000836642));
#1698 = CARTESIAN_POINT('',(-4.753233131834,-0.417380830483));
#1699 = CARTESIAN_POINT('',(-4.796323327942,-0.417759418916));
#1700 = CARTESIAN_POINT('',(-4.839261190511,-0.418135251222));
#1701 = CARTESIAN_POINT('',(-4.881979078397,-0.4185070563));
#1702 = CARTESIAN_POINT('',(-4.924413962101,-0.418873652847));
#1703 = CARTESIAN_POINT('',(-4.966504478319,-0.419233929724));
#1704 = CARTESIAN_POINT('',(-5.008201163784,-0.419586947797));
#1705 = CARTESIAN_POINT('',(-5.04946915976,-0.419931811403));
#1706 = CARTESIAN_POINT('',(-5.0902805092,-0.420267964993));
#1707 = CARTESIAN_POINT('',(-5.130614954971,-0.420594877331));
#1708 = CARTESIAN_POINT('',(-5.170458490856,-0.420912057014));
#1709 = CARTESIAN_POINT('',(-5.209802837046,-0.421219119379));
#1710 = CARTESIAN_POINT('',(-5.248644897513,-0.421515842531));
#1711 = CARTESIAN_POINT('',(-5.286986612161,-0.421802134613));
#1712 = CARTESIAN_POINT('',(-5.32483427822,-0.422077773223));
#1713 = CARTESIAN_POINT('',(-5.362200568699,-0.422342785853));
#1714 = CARTESIAN_POINT('',(-5.399100155435,-0.42259717623));
#1715 = CARTESIAN_POINT('',(-5.435548274486,-0.422840985748));
#1716 = CARTESIAN_POINT('',(-5.471561171887,-0.423074275075));
#1717 = CARTESIAN_POINT('',(-5.507156394683,-0.423297131079));
#1718 = CARTESIAN_POINT('',(-5.542351992021,-0.423509663516));
#1719 = CARTESIAN_POINT('',(-5.577170327241,-0.423711998283));
#1720 = CARTESIAN_POINT('',(-5.611607793523,-0.423904112021));
#1721 = CARTESIAN_POINT('',(-5.64569522262,-0.424086269084));
#1722 = CARTESIAN_POINT('',(-5.679456396887,-0.424258604147));
#1723 = CARTESIAN_POINT('',(-5.712914233907,-0.42442125022));
#1724 = CARTESIAN_POINT('',(-5.746089594582,-0.424574333977));
#1725 = CARTESIAN_POINT('',(-5.779001995986,-0.424717984013));
#1726 = CARTESIAN_POINT('',(-5.811669754631,-0.424852325365));
#1727 = CARTESIAN_POINT('',(-5.844110234209,-0.424977475072));
#1728 = CARTESIAN_POINT('',(-5.876340026752,-0.425093538928));
#1729 = CARTESIAN_POINT('',(-5.90837512118,-0.42520061097));
#1730 = CARTESIAN_POINT('',(-5.940231051563,-0.425298775186));
#1731 = CARTESIAN_POINT('',(-5.971923032761,-0.425388108508));
#1732 = CARTESIAN_POINT('',(-6.003466085973,-0.425468683843));
#1733 = CARTESIAN_POINT('',(-6.034875157318,-0.425540572033));
#1734 = CARTESIAN_POINT('',(-6.066165231665,-0.425603841993));
#1735 = CARTESIAN_POINT('',(-6.097351444157,-0.425658558782));
#1736 = CARTESIAN_POINT('',(-6.128449190321,-0.425704780006));
#1737 = CARTESIAN_POINT('',(-6.159474240838,-0.42574255166));
#1738 = CARTESIAN_POINT('',(-6.190442848353,-0.425771904744));
#1739 = CARTESIAN_POINT('',(-6.221371904597,-0.425792856019));
#1740 = CARTESIAN_POINT('',(-6.252278943644,-0.42580541066));
#1741 = CARTESIAN_POINT('',(-6.272881494051,-0.425808194725));
#1742 = CARTESIAN_POINT('',(-6.28318530718,-0.425808192734));
#1743 = ( GEOMETRIC_REPRESENTATION_CONTEXT(2) 
PARAMETRIC_REPRESENTATION_CONTEXT() REPRESENTATION_CONTEXT('2D SPACE',''
  ) );
#1744 = ADVANCED_FACE('',(#1745),#670,.F.);
#1745 = FACE_BOUND('',#1746,.F.);
#1746 = EDGE_LOOP('',(#1747,#1748,#1771,#1792));
#1747 = ORIENTED_EDGE('',*,*,#649,.F.);
#1748 = ORIENTED_EDGE('',*,*,#1749,.F.);
#1749 = EDGE_CURVE('',#1750,#650,#1752,.T.);
#1750 = VERTEX_POINT('',#1751);
#1751 = CARTESIAN_POINT('',(-6.123233995737E-16,6.650736814442,67.5));
#1752 = SEAM_CURVE('',#1753,(#1757,#1764),.PCURVE_S1.);
#1753 = LINE('',#1754,#1755);
#1754 = CARTESIAN_POINT('',(-6.123233995737E-16,6.650736814442,67.5));
#1755 = VECTOR('',#1756,1.);
#1756 = DIRECTION('',(0.,1.,0.));
#1757 = PCURVE('',#670,#1758);
#1758 = DEFINITIONAL_REPRESENTATION('',(#1759),#1763);
#1759 = LINE('',#1760,#1761);
#1760 = CARTESIAN_POINT('',(6.28318530718,-0.));
#1761 = VECTOR('',#1762,1.);
#1762 = DIRECTION('',(0.,1.));
#1763 = ( GEOMETRIC_REPRESENTATION_CONTEXT(2) 
PARAMETRIC_REPRESENTATION_CONTEXT() REPRESENTATION_CONTEXT('2D SPACE',''
  ) );
#1764 = PCURVE('',#670,#1765);
#1765 = DEFINITIONAL_REPRESENTATION('',(#1766),#1770);
#1766 = LINE('',#1767,#1768);
#1767 = CARTESIAN_POINT('',(0.,-0.));
#1768 = VECTOR('',#1769,1.);
#1769 = DIRECTION('',(0.,1.));
#1770 = ( GEOMETRIC_REPRESENTATION_CONTEXT(2) 
PARAMETRIC_REPRESENTATION_CONTEXT() REPRESENTATION_CONTEXT('2D SPACE',''
  ) );
#1771 = ORIENTED_EDGE('',*,*,#1772,.T.);
#1772 = EDGE_CURVE('',#1750,#1750,#1773,.T.);
#1773 = SURFACE_CURVE('',#1774,(#1779,#1785),.PCURVE_S1.);
#1774 = CIRCLE('',#1775,2.5);
#1775 = AXIS2_PLACEMENT_3D('',#1776,#1777,#1778);
#1776 = CARTESIAN_POINT('',(0.,6.650736814442,65.));
#1777 = DIRECTION('',(0.,1.,0.));
#1778 = DIRECTION('',(0.,-0.,1.));
#1779 = PCURVE('',#670,#1780);
#1780 = DEFINITIONAL_REPRESENTATION('',(#1781),#1784);
#1781 = B_SPLINE_CURVE_WITH_KNOTS('',1,(#1782,#1783),.UNSPECIFIED.,.F.,
  .F.,(2,2),(0.,6.28318530718),.PIECEWISE_BEZIER_KNOTS.);
#1782 = CARTESIAN_POINT('',(0.,0.));
#1783 = CARTESIAN_POINT('',(6.28318530718,0.));
#1784 = ( GEOMETRIC_REPRESENTATION_CONTEXT(2) 
PARAMETRIC_REPRESENTATION_CONTEXT() REPRESENTATION_CONTEXT('2D SPACE',''
  ) );
#1785 = PCURVE('',#1557,#1786);
#1786 = DEFINITIONAL_REPRESENTATION('',(#1787),#1791);
#1787 = LINE('',#1788,#1789);
#1788 = CARTESIAN_POINT('',(-0.,-2.300736814442));
#1789 = VECTOR('',#1790,1.);
#1790 = DIRECTION('',(-1.,-0.));
#1791 = ( GEOMETRIC_REPRESENTATION_CONTEXT(2) 
PARAMETRIC_REPRESENTATION_CONTEXT() REPRESENTATION_CONTEXT('2D SPACE',''
  ) );
#1792 = ORIENTED_EDGE('',*,*,#1749,.T.);
#1793 = ADVANCED_FACE('',(#1794),#705,.F.);
#1794 = FACE_BOUND('',#1795,.F.);
#1795 = EDGE_LOOP('',(#1796,#1797,#1820,#1841));
#1796 = ORIENTED_EDGE('',*,*,#684,.F.);
#1797 = ORIENTED_EDGE('',*,*,#1798,.F.);
#1798 = EDGE_CURVE('',#1799,#685,#1801,.T.);
#1799 = VERTEX_POINT('',#1800);
#1800 = CARTESIAN_POINT('',(-6.123233995737E-16,6.650736814442,22.5));
#1801 = SEAM_CURVE('',#1802,(#1806,#1813),.PCURVE_S1.);
#1802 = LINE('',#1803,#1804);
#1803 = CARTESIAN_POINT('',(-6.123233995737E-16,6.650736814442,22.5));
#1804 = VECTOR('',#1805,1.);
#1805 = DIRECTION('',(0.,1.,0.));
#1806 = PCURVE('',#705,#1807);
#1807 = DEFINITIONAL_REPRESENTATION('',(#1808),#1812);
#1808 = LINE('',#1809,#1810);
#1809 = CARTESIAN_POINT('',(6.28318530718,-0.));
#1810 = VECTOR('',#1811,1.);
#1811 = DIRECTION('',(0.,1.));
#1812 = ( GEOMETRIC_REPRESENTATION_CONTEXT(2) 
PARAMETRIC_REPRESENTATION_CONTEXT() REPRESENTATION_CONTEXT('2D SPACE',''
  ) );
#1813 = PCURVE('',#705,#1814);
#1814 = DEFINITIONAL_REPRESENTATION('',(#1815),#1819);
#1815 = LINE('',#1816,#1817);
#1816 = CARTESIAN_POINT('',(0.,-0.));
#1817 = VECTOR('',#1818,1.);
#1818 = DIRECTION('',(0.,1.));
#1819 = ( GEOMETRIC_REPRESENTATION_CONTEXT(2) 
PARAMETRIC_REPRESENTATION_CONTEXT() REPRESENTATION_CONTEXT('2D SPACE',''
  ) );
#1820 = ORIENTED_EDGE('',*,*,#1821,.T.);
#1821 = EDGE_CURVE('',#1799,#1799,#1822,.T.);
#1822 = SURFACE_CURVE('',#1823,(#1828,#1834),.PCURVE_S1.);
#1823 = CIRCLE('',#1824,2.5);
#1824 = AXIS2_PLACEMENT_3D('',#1825,#1826,#1827);
#1825 = CARTESIAN_POINT('',(0.,6.650736814442,20.));
#1826 = DIRECTION('',(0.,1.,0.));
#1827 = DIRECTION('',(0.,-0.,1.));
#1828 = PCURVE('',#705,#1829);
#1829 = DEFINITIONAL_REPRESENTATION('',(#1830),#1833);
#1830 = B_SPLINE_CURVE_WITH_KNOTS('',1,(#1831,#1832),.UNSPECIFIED.,.F.,
  .F.,(2,2),(0.,6.28318530718),.PIECEWISE_BEZIER_KNOTS.);
#1831 = CARTESIAN_POINT('',(0.,0.));
#1832 = CARTESIAN_POINT('',(6.28318530718,0.));
#1833 = ( GEOMETRIC_REPRESENTATION_CONTEXT(2) 
PARAMETRIC_REPRESENTATION_CONTEXT() REPRESENTATION_CONTEXT('2D SPACE',''
  ) );
#1834 = PCURVE('',#1050,#1835);
#1835 = DEFINITIONAL_REPRESENTATION('',(#1836),#1840);
#1836 = LINE('',#1837,#1838);
#1837 = CARTESIAN_POINT('',(-0.,-2.300736814442));
#1838 = VECTOR('',#1839,1.);
#1839 = DIRECTION('',(-1.,-0.));
#1840 = ( GEOMETRIC_REPRESENTATION_CONTEXT(2) 
PARAMETRIC_REPRESENTATION_CONTEXT() REPRESENTATION_CONTEXT('2D SPACE',''
  ) );
#1841 = ORIENTED_EDGE('',*,*,#1798,.T.);
#1842 = ADVANCED_FACE('',(#1843),#1050,.F.);
#1843 = FACE_BOUND('',#1844,.F.);
#1844 = EDGE_LOOP('',(#1845,#1866,#1867,#1868));
#1845 = ORIENTED_EDGE('',*,*,#1846,.T.);
#1846 = EDGE_CURVE('',#727,#1799,#1847,.T.);
#1847 = SEAM_CURVE('',#1848,(#1852,#1859),.PCURVE_S1.);
#1848 = LINE('',#1849,#1850);
#1849 = CARTESIAN_POINT('',(-1.102182119233E-15,4.35,24.5));
#1850 = VECTOR('',#1851,1.);
#1851 = DIRECTION('',(1.60688117981E-16,0.754709580223,-0.656059028991)
  );
#1852 = PCURVE('',#1050,#1853);
#1853 = DEFINITIONAL_REPRESENTATION('',(#1854),#1858);
#1854 = LINE('',#1855,#1856);
#1855 = CARTESIAN_POINT('',(-6.28318530718,0.));
#1856 = VECTOR('',#1857,1.);
#1857 = DIRECTION('',(-0.,-1.));
#1858 = ( GEOMETRIC_REPRESENTATION_CONTEXT(2) 
PARAMETRIC_REPRESENTATION_CONTEXT() REPRESENTATION_CONTEXT('2D SPACE',''
  ) );
#1859 = PCURVE('',#1050,#1860);
#1860 = DEFINITIONAL_REPRESENTATION('',(#1861),#1865);
#1861 = LINE('',#1862,#1863);
#1862 = CARTESIAN_POINT('',(0.,-0.));
#1863 = VECTOR('',#1864,1.);
#1864 = DIRECTION('',(-0.,-1.));
#1865 = ( GEOMETRIC_REPRESENTATION_CONTEXT(2) 
PARAMETRIC_REPRESENTATION_CONTEXT() REPRESENTATION_CONTEXT('2D SPACE',''
  ) );
#1866 = ORIENTED_EDGE('',*,*,#1821,.F.);
#1867 = ORIENTED_EDGE('',*,*,#1846,.F.);
#1868 = ORIENTED_EDGE('',*,*,#726,.T.);
#1869 = ADVANCED_FACE('',(#1870),#1557,.F.);
#1870 = FACE_BOUND('',#1871,.F.);
#1871 = EDGE_LOOP('',(#1872,#1893,#1894,#1895));
#1872 = ORIENTED_EDGE('',*,*,#1873,.T.);
#1873 = EDGE_CURVE('',#1241,#1750,#1874,.T.);
#1874 = SEAM_CURVE('',#1875,(#1879,#1886),.PCURVE_S1.);
#1875 = LINE('',#1876,#1877);
#1876 = CARTESIAN_POINT('',(-1.102182119233E-15,4.35,69.5));
#1877 = VECTOR('',#1878,1.);
#1878 = DIRECTION('',(1.60688117981E-16,0.754709580223,-0.656059028991)
  );
#1879 = PCURVE('',#1557,#1880);
#1880 = DEFINITIONAL_REPRESENTATION('',(#1881),#1885);
#1881 = LINE('',#1882,#1883);
#1882 = CARTESIAN_POINT('',(-6.28318530718,0.));
#1883 = VECTOR('',#1884,1.);
#1884 = DIRECTION('',(-0.,-1.));
#1885 = ( GEOMETRIC_REPRESENTATION_CONTEXT(2) 
PARAMETRIC_REPRESENTATION_CONTEXT() REPRESENTATION_CONTEXT('2D SPACE',''
  ) );
#1886 = PCURVE('',#1557,#1887);
#1887 = DEFINITIONAL_REPRESENTATION('',(#1888),#1892);
#1888 = LINE('',#1889,#1890);
#1889 = CARTESIAN_POINT('',(0.,-0.));
#1890 = VECTOR('',#1891,1.);
#1891 = DIRECTION('',(-0.,-1.));
#1892 = ( GEOMETRIC_REPRESENTATION_CONTEXT(2) 
PARAMETRIC_REPRESENTATION_CONTEXT() REPRESENTATION_CONTEXT('2D SPACE',''
  ) );
#1893 = ORIENTED_EDGE('',*,*,#1772,.F.);
#1894 = ORIENTED_EDGE('',*,*,#1873,.F.);
#1895 = ORIENTED_EDGE('',*,*,#1240,.T.);
#1896 = ( GEOMETRIC_REPRESENTATION_CONTEXT(3) 
GLOBAL_UNCERTAINTY_ASSIGNED_CONTEXT((#1900)) 
GLOBAL_UNIT_ASSIGNED_CONTEXT((#1897,#1898,#1899)) REPRESENTATION_CONTEXT
('Context #1','3D Context with UNIT and UNCERTAINTY') );
#1897 = ( LENGTH_UNIT() NAMED_UNIT(*) SI_UNIT(.MILLI.,.METRE.) );
#1898 = ( NAMED_UNIT(*) PLANE_ANGLE_UNIT() SI_UNIT($,.RADIAN.) );
#1899 = ( NAMED_UNIT(*) SI_UNIT($,.STERADIAN.) SOLID_ANGLE_UNIT() );
#1900 = UNCERTAINTY_MEASURE_WITH_UNIT(LENGTH_MEASURE(2.E-06),#1897,
  'distance_accuracy_value','confusion accuracy');
#1901 = PRODUCT_RELATED_PRODUCT_CATEGORY('part',$,(#7));
ENDSEC;
END-ISO-10303-21;
